id,projectName,packageName,className,type,isJavadoc,author,since,version,loc,NMNOPARAM,wmc,norm,superType,isSC,isLC,isCC,isRB,nprom,bur
1,hsqldb,org.hsqldb.sample,org.hsqldb.sample.SqlFileEmbedder,1,TRUE,Blaine Simpson (blaine dot simpson at admc dot com),null,null,68,1,9,0,1,0,0,0,0,0,0
2,hsqldb,org.hsqldb.sample,org.hsqldb.sample.Testdb,1,TRUE,anonymous,null,null,71,1,12,0,1,0,0,0,0,0,0
3,hsqldb,org.hsqldb.sample,org.hsqldb.sample.TriggerSample,1,TRUE,boucherb@users, 1.7.0, 1.7.2,288,2,58,0,1,0,0,0,0,0,0
4,hsqldb,org.hsqldb.server,org.hsqldb.server.Servlet,1,TRUE,Fred Toussi (fredt@users dot sourceforge.net), Hypersonic SQL, 2.0.1,131,0,19,0,2,0,0,0,0,0,0
5,hsqldb,org.hsqldb.server,org.hsqldb.server.WebServer,1,TRUE,Fred Toussi (fredt@users dot sourceforge.net), 1.7.2, 1.7.2,100,0,13,6,2,0,0,0,1,29,0.857143
6,hsqldb,org.hsqldb.test,org.hsqldb.test.TestBase,1,TRUE,boucherb@users, 1.7.2, 1.7.2,83,3,17,0,2,0,0,0,0,0,0
7,hsqldb,org.hsqldb,org.hsqldb.Tokens,1,TRUE,Fred Toussi (fredt@users dot sourceforge.net), 1.7.2, 2.2.7,2366,0,9,0,1,0,0,0,0,0,0
8,hsqldb,org.hsqldb,org.hsqldb.Trigger,1,TRUE,Peter Hudson, 1.7.0, 1.9.0,27,0,0,0,0,0,0,0,0,0,0
9,hsqldb,org.hsqldb.sample,org.hsqldb.sample.JdbcAppClass,1,TRUE,anonymous,null,null,62,2,14,0,1,0,0,0,0,0,0
10,hsqldb,org.hsqldb.sample,org.hsqldb.sample.SpringExtAuth,1,TRUE,anonymous,null,null,101,0,17,0,1,0,0,0,0,0,0
11,hsqldb,org.hibernate.dialect,org.hibernate.dialect.HSQLDialect,1,TRUE,anonymous,null,null,459,11,78,0,2,0,0,0,0,0,0
12,hsqldb,org.hibernate.dialect,org.hibernate.dialect.HSQLDialect.ReadUncommittedLockingStrategy,1,FALSE,anonymous,null,null,11,0,3,0,2,0,0,0,0,0,0
13,hsqldb,org.hibernate.dialect,org.hibernate.dialect.HSQLDialect,1,TRUE,anonymous,null,null,412,10,62,0,2,0,0,0,0,0,0
14,hsqldb,org.hibernate.dialect,org.hibernate.dialect.HSQLDialect.ReadUncommittedLockingStrategy,1,FALSE,anonymous,null,null,11,0,3,0,2,0,0,0,0,0,0
15,hsqldb,org.hsqldb.auth,org.hsqldb.auth.AuthBeanMultiplexer,1,TRUE,Blaine Simpson (blaine dot simpson at admc dot com), 2.0.1,null,126,2,27,0,1,0,0,0,0,0,0
16,hsqldb,org.hsqldb.auth,org.hsqldb.auth.AuthFunctionBean,1,TRUE,Blaine Simpson (blaine dot simpson at admc dot com), 2.0.1,null,15,0,0,0,0,0,0,0,0,0,0
17,hsqldb,org.hsqldb.auth,org.hsqldb.auth.AuthUtils,1,TRUE,Blaine Simpson (blaine dot simpson at admc dot com), 2.0.1,null,48,0,9,0,1,0,0,0,0,0,0
18,hsqldb,org.hsqldb.auth,org.hsqldb.auth.DenyException,1,TRUE,Blaine Simpson (blaine dot simpson at admc dot com), 2.0.1,null,6,0,0,0,2,0,0,0,0,0,0
19,hsqldb,org.hsqldb.auth,org.hsqldb.auth.HsqldbSlaveAuthBean,1,TRUE,Blaine Simpson (blaine dot simpson at admc dot com), 2.0.1,null,105,1,22,0,1,0,0,0,0,0,0
20,hsqldb,org.hsqldb.auth,org.hsqldb.auth.JaasAuthBean,1,TRUE,anonymous,null,null,142,1,23,0,1,0,0,0,0,0,0
21,hsqldb,org.hsqldb.auth,org.hsqldb.auth.JaasAuthBean.UPCallbackHandler,1,FALSE,anonymous,null,null,25,0,7,0,1,0,0,0,0,0,0
22,hsqldb,org.hsqldb.auth,org.hsqldb.auth.LdapAuthBean,1,TRUE,Blaine Simpson (blaine dot simpson at admc dot com), 2.0.1,null,374,1,86,0,1,0,0,0,0,0,0
23,hsqldb,org.hsqldb,org.hsqldb.ClientConnection,1,TRUE,Fred Toussi (fredt@users dot sourceforge.net), 1.7.2, 2.2.6,384,18,82,0,1,0,1,0,0,0,0
24,hsqldb,org.hsqldb,org.hsqldb.ClientConnectionHTTP,1,TRUE,Fred Toussi (fredt@users dot sourceforge.net), 1.7.2, 1.9.0,46,0,8,5,2,0,0,0,1,10,0.833333
25,hsqldb,org.hsqldb.cmdline,org.hsqldb.cmdline.SqlFile,1,TRUE,anonymous,null,null,4011,15,1419,0,1,1,0,1,0,0,0
26,hsqldb,org.hsqldb.cmdline,org.hsqldb.cmdline.SqlFile.SharedFields,1,TRUE,anonymous,null,null,14,0,1,0,1,0,0,0,0,0,0
27,hsqldb,org.hsqldb.cmdline,org.hsqldb.cmdline.SqlFile.BadSpecial,1,TRUE,anonymous,null,null,14,0,2,0,2,0,0,0,0,0,0
28,hsqldb,org.hsqldb.cmdline,org.hsqldb.cmdline.SqlFile.QuitNow,1,TRUE,anonymous,null,null,12,0,2,0,3,0,0,0,0,0,0
29,hsqldb,org.hsqldb.cmdline,org.hsqldb.cmdline.SqlFile.BreakException,1,TRUE,anonymous,null,null,12,0,2,0,3,0,0,0,0,0,0
30,hsqldb,org.hsqldb.cmdline,org.hsqldb.cmdline.SqlFile.ContinueException,1,TRUE,anonymous,null,null,12,0,2,0,3,0,0,0,0,0,0
31,hsqldb,org.hsqldb.cmdline,org.hsqldb.cmdline.SqlFile.BadSubst,1,TRUE,anonymous,null,null,9,0,1,0,2,0,0,0,0,0,0
32,hsqldb,org.hsqldb.cmdline,org.hsqldb.cmdline.SqlFile.RowError,1,TRUE,anonymous,null,null,12,0,2,0,2,0,0,0,0,0,0
33,hsqldb,org.hsqldb.cmdline.sqltool,org.hsqldb.cmdline.sqltool.Calculator,1,FALSE,anonymous,null,null,249,2,70,0,1,0,0,0,0,0,0
34,hsqldb,org.hsqldb.cmdline.sqltool,org.hsqldb.cmdline.sqltool.Calculator.Atom,1,FALSE,anonymous,null,null,26,1,10,0,1,0,0,0,0,0,0
35,hsqldb,org.hsqldb.cmdline.sqltool,org.hsqldb.cmdline.sqltool.FileRecordReader,1,TRUE,anonymous,null,null,87,6,19,0,1,0,0,0,0,0,0
36,hsqldb,org.hsqldb.cmdline.sqltool,org.hsqldb.cmdline.sqltool.SqlFileScanner,1,TRUE,anonymous,null,null,892,17,202,0,1,1,0,0,0,0,0
37,hsqldb,org.hsqldb.cmdline.sqltool,org.hsqldb.cmdline.sqltool.Token,1,FALSE,anonymous,null,null,83,3,33,0,1,0,0,0,0,0,0
38,hsqldb,org.hsqldb.cmdline.sqltool,org.hsqldb.cmdline.sqltool.TokenList,1,TRUE,anonymous,null,null,19,0,5,0,2,0,0,0,0,0,0
39,hsqldb,org.hsqldb.cmdline.sqltool,org.hsqldb.cmdline.sqltool.TokenSource,1,FALSE,anonymous,null,null,3,0,0,0,0,0,0,0,0,0,0
40,hsqldb,org.hsqldb.cmdline,org.hsqldb.cmdline.SqlTool,1,TRUE,anonymous,null,null,549,0,143,0,1,0,0,0,0,0,0
41,hsqldb,org.hsqldb.cmdline,org.hsqldb.cmdline.SqlTool.BadCmdline,1,TRUE,anonymous,null,null,8,0,1,0,2,0,0,0,0,0,0
42,hsqldb,org.hsqldb.cmdline,org.hsqldb.cmdline.SqlTool.PrivateException,1,TRUE,anonymous,null,null,9,0,1,0,2,0,0,0,0,0,0
43,hsqldb,org.hsqldb.cmdline,org.hsqldb.cmdline.SqlTool.SqlToolException,1,FALSE,anonymous,null,null,15,0,3,0,2,0,0,0,0,0,0
44,hsqldb,org.hsqldb.cmdline,org.hsqldb.cmdline.SqlToolError,1,TRUE,anonymous,null,null,17,0,4,0,2,0,0,0,0,0,0
45,hsqldb,org.hsqldb.cmdline,org.hsqldb.cmdline.SqlToolSprayer,1,TRUE,Blaine Simpson (blaine dot simpson at admc dot com),null," $Revision: 4141 $, $Date: 2011-03-13 21:35:49 -0400 (Sun, 13 Mar 2011) $",82,0,21,0,1,0,0,0,0,0,0
46,hsqldb,org.hsqldb,org.hsqldb.ColumnBase,1,TRUE,Fred Toussi (fredt@users dot sourceforge.net), 1.9.0, 1.9.0,81,11,22,0,1,0,0,0,0,0,0
47,hsqldb,org.hsqldb,org.hsqldb.ColumnSchema,1,TRUE,Fred Toussi (fredt@users dot sourceforge.net), 1.9.0, 2.0.1,253,22,72,10,2,0,0,0,0,6,0.25
48,hsqldb,org.hsqldb,org.hsqldb.Constraint,1,TRUE,Fred Toussi (fredt@users dot sourceforge.net), 1.6.0, 2.0.1,646,27,161,0,1,0,0,0,0,0,0
49,hsqldb,org.hsqldb,org.hsqldb.ConstraintCore,1,TRUE,Fred Toussi (fredt@users dot sourceforge.net), 1.7.1, 1.9.0,40,1,1,0,1,0,0,0,0,0,0
50,hsqldb,org.hsqldb,org.hsqldb.Database,1,TRUE,anonymous,null,null,542,27,86,0,1,1,0,0,0,0,0
51,hsqldb,org.hsqldb,org.hsqldb.Database.CheckpointRunner,1,FALSE,anonymous,null,null,32,3,6,0,1,0,0,0,0,0,0
52,hsqldb,org.hsqldb,org.hsqldb.DatabaseManager,1,TRUE,Fred Toussi (fredt@users dot sourceforge.net), 1.7.2, 2.0.1,325,2,58,0,1,0,0,0,0,0,0
53,hsqldb,org.hsqldb,org.hsqldb.DatabaseURL,1,FALSE,anonymous,null,null,252,0,59,0,1,0,0,0,0,0,0
54,hsqldb,org.hsqldb.dbinfo,org.hsqldb.dbinfo.DatabaseInformation,1,TRUE,Campbell Boucher-Burnet (boucherb@users dot sourceforge.net), 1.7.2, 2.0.1,194,0,10,0,1,0,0,0,0,0,0
55,hsqldb,org.hsqldb.dbinfo,org.hsqldb.dbinfo.DatabaseInformationFull,1,TRUE,Fred Toussi (fredt@users dot sourceforge.net), 1.7.2, 2.2.1,4513,0,601,1,3,0,0,0,1,14,0.0131579
56,hsqldb,org.hsqldb.dbinfo,org.hsqldb.dbinfo.DatabaseInformationMain,1,TRUE,Fred Toussi (fredt@users dot sourceforge.net), 1.7.2, 2.2.7,1858,1,242,2,2,0,0,0,1,98,0.0588235
57,hsqldb,org.hsqldb.dbinfo,org.hsqldb.dbinfo.DITableInfo,1,TRUE,boucherb@users, 1.7.2, 2.2.7,152,8,27,0,1,0,0,0,0,0,0
58,hsqldb,org.hsqldb.error,org.hsqldb.error.Error,1,TRUE,Fred Toussi (fredt@users dot sourceforge.net), 1.9.0, 2.2.7,174,0,36,0,1,0,0,0,0,0,0
59,hsqldb,org.hsqldb.error,org.hsqldb.error.ErrorCode,1,TRUE,Fred Toussi (fredt@users dot sourceforge.net), 1.9.0, 2.3.0,457,0,0,0,0,0,0,0,0,0,0
60,hsqldb,org.hsqldb,org.hsqldb.Expression,1,TRUE,Fred Toussi (fredt@users dot sourceforge.net), 1.9.0, 2.2.7,1346,21,405,0,1,0,1,0,0,0,0
61,hsqldb,org.hsqldb,org.hsqldb.ExpressionAccessor,1,TRUE,Fred Toussi (fredt@users dot sourceforge.net), 2.0.0, 2.0.1,111,0,28,6,2,0,0,0,0,6,0.75
62,hsqldb,org.hsqldb,org.hsqldb.ExpressionAggregate,1,TRUE,Fred Toussi (fredt@users dot sourceforge.net), 1.9.0, 2.0.1,193,2,55,11,2,0,0,0,0,6,0.916667
63,hsqldb,org.hsqldb,org.hsqldb.ExpressionArithmetic,1,TRUE,Fred Toussi (fredt@users dot sourceforge.net), 1.9.0, 2.0.1,443,0,159,5,2,0,0,0,0,6,0.5
64,hsqldb,org.hsqldb,org.hsqldb.ExpressionArrayAggregate,1,TRUE,Fred Toussi (fredt@users dot sourceforge.net), 2.0.1, 2.2.6,241,2,60,11,2,0,0,0,0,6,0.916667
65,hsqldb,org.hsqldb,org.hsqldb.ExpressionColumn,1,TRUE,Fred Toussi (fredt@users dot sourceforge.net), 1.9.0, 2.1.1,820,14,241,28,2,0,0,0,0,6,0.583333
66,hsqldb,org.hsqldb,org.hsqldb.ExpressionColumnAccessor,1,TRUE,Fred Toussi (fredt@users dot sourceforge.net), 2.0.0, 2.0.1,100,5,28,23,2,0,0,0,0,6,0.958333
67,hsqldb,org.hsqldb,org.hsqldb.ExpressionLike,1,TRUE,Fred Toussi (fredt@users dot sourceforge.net), 1.9.0, 2.2.5,229,1,64,4,3,0,0,0,0,1,0.571429
68,hsqldb,org.hsqldb,org.hsqldb.ExpressionLogical,1,TRUE,Fred Toussi (fredt@users dot sourceforge.net), 1.9.0, 2.2.7,1505,0,542,10,2,0,0,1,0,6,0.227273
69,hsqldb,org.hsqldb,org.hsqldb.ExpressionOp,1,TRUE,Fred Toussi (fredt@users dot sourceforge.net), 1.9.0, 2.0.1,534,0,141,5,2,0,0,0,0,6,0.5
70,hsqldb,org.hsqldb,org.hsqldb.ExpressionOrderBy,1,TRUE,Fred Toussi (fredt@users dot sourceforge.net), 1.9.0, 2.0.1,82,4,17,4,2,0,0,0,0,6,0.444444
71,hsqldb,org.hsqldb,org.hsqldb.ExpressionTable,1,TRUE,Fred Toussi (fredt@users dot sourceforge.net), 2.0.0, 2.1.0,171,1,40,8,2,0,0,0,0,6,0.727273
72,hsqldb,org.hsqldb,org.hsqldb.ExpressionValue,1,TRUE,Fred Toussi (fredt@users dot sourceforge.net), 1.9.0, 1.9.0,56,0,13,5,2,0,0,0,0,6,0.833333
73,hsqldb,org.hsqldb,org.hsqldb.FunctionCustom,1,TRUE,Fred Toussi (fredt@users dot sourceforge.net), 1.9.0, 2.1.1,2383,2,758,5,3,0,0,1,1,18,0.454545
74,hsqldb,org.hsqldb,org.hsqldb.FunctionSQL,1,TRUE,Fred Toussi (fredt@users dot sourceforge.net), 1.9.0, 2.1.1,1416,4,406,6,2,1,0,0,0,6,0.428571
75,hsqldb,org.hsqldb,org.hsqldb.FunctionSQLInvoked,1,TRUE,Fred Toussi (fredt@users dot sourceforge.net), 1.9.0, 2.0.1,210,5,56,14,2,0,0,0,0,6,0.777778
76,hsqldb,org.hsqldb,org.hsqldb.HsqlDateTime,1,TRUE,anonymous,null,null,571,1,82,0,1,0,0,0,0,0,0
77,hsqldb,org.hsqldb,org.hsqldb.HsqlDateTime.Tokenizer,1,TRUE,anonymous,null,null,123,7,17,0,1,0,0,0,0,0,0
78,hsqldb,org.hsqldb,org.hsqldb.HsqlException,1,TRUE,anonymous,null,null,98,6,18,0,2,0,0,0,0,0,0
79,hsqldb,org.hsqldb,org.hsqldb.HsqlException.HsqlRuntimeMemoryError,1,FALSE,anonymous,null,null,4,0,1,0,2,0,0,0,0,0,0
80,hsqldb,org.hsqldb,org.hsqldb.HsqlNameManager,1,TRUE,anonymous,null,null,346,3,28,0,1,0,0,0,0,0,0
81,hsqldb,org.hsqldb,org.hsqldb.HsqlNameManager.SimpleName,1,FALSE,anonymous,null,null,25,3,8,0,1,0,0,0,0,0,0
82,hsqldb,org.hsqldb,org.hsqldb.HsqlNameManager.HsqlName,1,FALSE,anonymous,null,null,160,5,42,3,2,0,0,0,0,0,0.176471
83,hsqldb,org.hsqldb.index,org.hsqldb.index.Index,1,TRUE,Fred Toussi (fredt@users dot sourceforge.net), 1.9.0, 2.0.1,124,0,0,0,0,0,0,0,0,0,0
84,hsqldb,org.hsqldb.index,org.hsqldb.index.IndexAVL,1,TRUE,anonymous,null,null,1208,19,250,0,1,0,0,0,0,0,0
85,hsqldb,org.hsqldb.index,org.hsqldb.index.IndexAVL.IndexRowIterator,1,FALSE,anonymous,null,null,72,4,13,0,1,0,0,0,0,0,0
86,hsqldb,org.hsqldb.index,org.hsqldb.index.IndexAVLMemory,1,TRUE,Fred Toussi (fredt@users dot sourceforge.net), Hypersonic SQL, 1.9.0,330,0,74,7,2,0,0,0,0,5,0.875
87,hsqldb,org.hsqldb.index,org.hsqldb.index.NodeAVL,1,TRUE,Thomas Mueller (Hypersonic SQL Group), Hypersonic SQL, 1.9.0,146,2,44,0,1,0,0,0,0,0,0
88,hsqldb,org.hsqldb.index,org.hsqldb.index.NodeAVLDisk,1,TRUE,Thomas Mueller (Hypersonic SQL Group), Hypersonic SQL, 1.9.0,350,3,98,36,2,0,0,0,0,6,0.9
89,hsqldb,org.hsqldb.jdbc,org.hsqldb.jdbc.JDBCArray,1,TRUE,Fred Toussi (fredt@users dot sourceforge.net)," JDK 1.2, HSQLDB 2.0", 2.0.1,220,8,26,0,1,0,0,0,0,0,0
90,hsqldb,org.hsqldb.jdbc,org.hsqldb.jdbc.JDBCArrayBasic,1,TRUE,Fred Toussi (fredt@users dot sourceforge.net)," JDK 1.2, HSQLDB 2.0.1", 2.0.1,190,6,22,0,1,0,0,0,0,0,0
91,hsqldb,org.hsqldb.jdbc,org.hsqldb.jdbc.JDBCBlob,1,TRUE,boucherb@users," JDK 1.2, HSQLDB 1.7.2",2,302,5,57,0,1,0,0,0,0,0,0
92,hsqldb,org.hsqldb.jdbc,org.hsqldb.jdbc.JDBCBlobClient,1,TRUE,Fred Toussi (fredt@users dot sourceforge.net), 1.9.0, 2.2.6,229,8,39,0,1,0,0,0,0,0,0
93,hsqldb,org.hsqldb.jdbc,org.hsqldb.jdbc.JDBCBlobFile,1,TRUE,anonymous,null,null,515,6,73,0,1,0,0,0,0,0,0
94,hsqldb,org.hsqldb.jdbc,org.hsqldb.jdbc.JDBCBlobFile.OutputStreamAdapter,1,FALSE,anonymous,null,null,25,2,7,0,2,0,0,0,0,0,0
95,hsqldb,org.hsqldb.jdbc,org.hsqldb.jdbc.JDBCBlobFile.InputStreamAdapter,1,FALSE,anonymous,null,null,40,3,11,0,2,0,0,0,0,0,0
96,hsqldb,org.hsqldb.jdbc,org.hsqldb.jdbc.JDBCCallableStatement,1,TRUE,Fred Toussi (fredt@users dot sourceforge.net), 1.7.2, 2.2.6,1622,2,208,6,3,0,0,0,1,21,0.0491803
97,hsqldb,org.hsqldb.jdbc,org.hsqldb.jdbc.JDBCClob,1,TRUE,boucherb@users," JDK 1.2, HSQLDB 1.7.2",2,332,4,57,0,1,0,0,0,0,0,0
98,hsqldb,org.hsqldb.jdbc,org.hsqldb.jdbc.JDBCClobClient,1,TRUE,Fred Toussi (fredt@users dot sourceforge.net),"  JDK 1.2, HSQLDB 1.9.0", 2.2.6,480,9,49,0,1,0,0,0,0,0,0
99,hsqldb,org.hsqldb.jdbc,org.hsqldb.jdbc.JDBCClobFile,1,TRUE,anonymous,null,null,742,8,98,0,1,0,0,0,0,0,0
100,hsqldb,org.hsqldb.jdbc,org.hsqldb.jdbc.JDBCClobFile.WriterAdapter,1,FALSE,anonymous,null,null,41,2,9,0,2,0,0,0,0,0,0
101,hsqldb,org.hsqldb.jdbc,org.hsqldb.jdbc.JDBCClobFile.ReaderAdapter,1,FALSE,anonymous,null,null,84,2,18,0,2,0,0,0,0,0,0
102,hsqldb,org.hsqldb.jdbc,org.hsqldb.jdbc.JDBCColumnMetaData,1,TRUE,Fred Toussi (fredt@users dot sourceforge.net), HSQLDB 1.7.2,2,122,0,5,0,1,0,0,0,0,0,0
103,hsqldb,org.hsqldb.jdbc,org.hsqldb.jdbc.JDBCCommonDataSource,1,TRUE,Fred Toussi (fredt@users dot sourceforge.net)," JDK 1.2, HSQLDB 2.0", 2.0.1,233,10,27,0,1,0,0,0,0,0,0
104,hsqldb,org.hsqldb.jdbc,org.hsqldb.jdbc.JDBCConnection,1,TRUE,Fred Toussi (fredt@users dot sourceforge.net),null, 2.2.1,1285,19,196,0,1,0,0,0,0,0,0
105,hsqldb,org.hsqldb.jdbc,org.hsqldb.jdbc.JDBCConnectionEventListener,1,FALSE,anonymous,null,null,4,0,0,0,0,0,0,0,0,0,0
106,hsqldb,org.hsqldb.jdbc,org.hsqldb.jdbc.JDBCDatabaseMetaData,1,TRUE,Fred Toussi (fredt@users dot sourceforge.net),null, 2.0.1,1952,14,250,0,1,0,0,0,0,0,0
107,hsqldb,org.hsqldb.jdbc,org.hsqldb.jdbc.JDBCDataSource,1,TRUE,Fred Toussi (fredt@users dot sourceforge.net), 1.7.2, 2.2.5,98,0,16,0,2,0,0,0,0,10,0
108,hsqldb,org.hsqldb.jdbc,org.hsqldb.jdbc.JDBCDataSourceFactory,1,TRUE,Fred Toussi (fredt@users dot sourceforge.net),null, 2.0.0,124,0,22,0,1,0,0,0,0,0,0
109,hsqldb,org.hsqldb.jdbc,org.hsqldb.jdbc.JDBCDriver,1,TRUE,Fred Toussi (fredt@users dot sourceforge.net),null, 2.0.1,218,0,31,0,1,0,0,0,0,0,0
110,hsqldb,org.hsqldb.jdbc,org.hsqldb.jdbc.JDBCNClob,1,TRUE,boucherb@users," JDK 1.6, HSQLDB 2.0",null,15,0,2,0,2,0,0,0,0,3,0
111,hsqldb,org.hsqldb.jdbc,org.hsqldb.jdbc.JDBCParameterMetaData,1,TRUE,Campbell Boucher-Burnet (boucherb@users dot sourceforge.net)," JDK 1.4, HSQLDB 1.7.2", 2.0.1,259,1,33,0,1,0,0,0,0,0,0
112,hsqldb,org.hsqldb.jdbc,org.hsqldb.jdbc.JDBCPreparedStatement,1,TRUE,Fred Toussi (fredt@users dot sourceforge.net), 1.7.2,2,2175,16,405,6,2,1,0,0,1,16,0.0495868
113,hsqldb,org.hsqldb.jdbc,org.hsqldb.jdbc.JDBCResultSet,1,TRUE,anonymous,null,null,3037,36,403,0,1,1,0,0,0,0,0
114,hsqldb,org.hsqldb.jdbc,org.hsqldb.jdbc.JDBCResultSet.JDBCResultSetBasic,1,FALSE,anonymous,null,null,71,0,19,8,2,0,0,0,0,5,0.727273
115,hsqldb,org.hsqldb.jdbc,org.hsqldb.jdbc.JDBCResultSetMetaData,1,TRUE,Fred Toussi (fredt@users dot sourceforge.net),null, 2.2.6,387,2,52,0,1,0,0,0,0,0,0
116,hsqldb,org.hsqldb.jdbc,org.hsqldb.jdbc.JDBCRowId,1,TRUE,boucherb@users," JDK 1.6, HSQLDB 2.0",null,85,4,12,0,1,0,0,0,0,0,0
117,hsqldb,org.hsqldb.jdbc,org.hsqldb.jdbc.JDBCSavepoint,1,TRUE,boucherb@users," JDK 1.4, HSQLDB 1.7.2",null,56,3,10,0,1,0,0,0,0,0,0
118,hsqldb,org.hsqldb.jdbc,org.hsqldb.jdbc.JDBCSQLXML,1,TRUE,anonymous,null,null,1633,15,166,0,1,0,0,0,0,0,0
119,hsqldb,org.hsqldb.jdbc,org.hsqldb.jdbc.JDBCSQLXML.Exceptions,1,TRUE,anonymous,null,null,89,0,16,0,1,0,0,0,0,0,0
120,hsqldb,org.hsqldb.jdbc,org.hsqldb.jdbc.JDBCSQLXML.SAX2DOMBuilder,1,TRUE,anonymous,null,null,254,8,32,0,1,0,0,0,0,0,0
121,hsqldb,org.hsqldb.jdbc,org.hsqldb.jdbc.JDBCSQLXML.SAX2XMLStreamWriter,1,TRUE,anonymous,null,null,260,7,34,0,1,0,0,0,0,0,0
122,hsqldb,org.hsqldb.jdbc,org.hsqldb.jdbc.JDBCSQLXML.SAX2XMLStreamWriter.QualifiedName,1,FALSE,anonymous,null,null,8,0,1,0,1,0,0,0,0,0,0
123,hsqldb,org.hsqldb.jdbc,org.hsqldb.jdbc.JDBCStatement,1,TRUE,Fred Toussi (fredt@users dot sourceforge.net),null, 2.0.1,595,2,81,5,2,0,0,0,1,16,0.113636
124,hsqldb,org.hsqldb.jdbc,org.hsqldb.jdbc.JDBCStatementBase,1,TRUE,Fred Toussi (fredt@users dot sourceforge.net),null, 2.0.1,219,7,32,0,1,0,0,0,0,0,0
125,hsqldb,org.hsqldb.jdbc.pool,org.hsqldb.jdbc.pool.JDBCPooledConnection,1,TRUE,Fred Toussi (fredt@users dot sourceforge.net)," JDK 1.2, HSQLDB 2.0", 2.0.1,80,5,18,0,1,0,0,0,0,0,0
126,hsqldb,org.hsqldb.jdbc.pool,org.hsqldb.jdbc.pool.JDBCPooledDataSource,1,TRUE,Fred Toussi (fredt@users dot sourceforge.net)," JDK 1.2, HSQLDB 2.0", 2.0.1,33,0,3,0,2,0,0,0,0,0,0
127,hsqldb,org.hsqldb.jdbc.pool,org.hsqldb.jdbc.pool.JDBCXAConnection,1,TRUE,Fred Toussi (fredt at users.sourceforge.net), HSQLDB 2.0, 2.0.1,30,2,5,2,2,0,0,0,0,4,0.5
128,hsqldb,org.hsqldb.jdbc.pool,org.hsqldb.jdbc.pool.JDBCXAConnectionWrapper,1,TRUE,Blaine Simpson (blaine dot simpson at admc dot com), HSQLDB v. 1.9.0, 2.0.1,73,1,10,0,2,0,0,0,0,0,0
129,hsqldb,org.hsqldb.jdbc.pool,org.hsqldb.jdbc.pool.JDBCXADataSource,1,TRUE,Blaine Simpson (blaine dot simpson at admc dot com), HSQLDB v. 1.9.0, 2.0.1,80,1,14,0,2,0,0,0,0,0,0
130,hsqldb,org.hsqldb.jdbc.pool,org.hsqldb.jdbc.pool.JDBCXAResource,1,TRUE,Blaine Simpson (blaine dot simpson at admc dot com), HSQLDB v. 1.9.0, 2.0.1,217,6,45,0,1,0,0,0,0,0,0
131,hsqldb,org.hsqldb.jdbc.pool,org.hsqldb.jdbc.pool.JDBCXID,1,TRUE,Campbell Boucher-Burnet (boucherb@users dot sourceforge.net),null,2.1,112,7,19,0,1,0,0,0,0,0,0
132,hsqldb,org.hsqldb.jdbc,org.hsqldb.jdbc.Util,1,TRUE,Fred Toussi (fredt@users dot sourceforge.net), 1.7.2, 2.0.1,107,0,33,0,1,0,0,0,0,0,0
133,hsqldb,org.hsqldb,org.hsqldb.jdbcDriver,1,FALSE,anonymous,null,null,2,0,0,0,2,0,0,0,0,0,0
134,hsqldb,org.hsqldb.lib,org.hsqldb.lib.AppendableException,1,TRUE,anonymous,null,null,42,1,11,0,2,0,0,0,0,0,0
135,hsqldb,org.hsqldb.lib,org.hsqldb.lib.ArrayCounter,1,TRUE,Fred Toussi (fredt@users dot sourceforge.net), 1.7.2, 1.7.2,68,0,15,0,1,0,0,0,0,0,0
136,hsqldb,org.hsqldb.lib,org.hsqldb.lib.ArrayListIdentity,1,FALSE,anonymous,null,null,10,0,3,1,3,0,0,0,0,0,1
137,hsqldb,org.hsqldb.lib,org.hsqldb.lib.ArraySort,1,TRUE,Fred Toussi, 1.9.0, 2.0.1,116,0,27,0,1,0,0,0,0,0,0
138,hsqldb,org.hsqldb.lib,org.hsqldb.lib.ArrayUtil,1,TRUE,Fred Toussi (fredt@users dot sourceforge.net), 1.7.2, 2.2.6,1089,0,268,0,1,0,0,0,0,0,0
139,hsqldb,org.hsqldb.lib,org.hsqldb.lib.BaseList,1,TRUE,anonymous,null,null,118,2,18,0,1,0,0,0,0,0,0
140,hsqldb,org.hsqldb.lib,org.hsqldb.lib.BaseList.BaseListIterator,1,FALSE,anonymous,null,null,37,3,9,0,1,0,0,0,0,0,0
141,hsqldb,org.hsqldb.lib,org.hsqldb.lib.BasicTextJdkLogFormatter,1,TRUE,Blaine Simpson (blaine dot simpson at admc dot com),null,null,29,0,5,0,2,0,0,0,0,0,0
142,hsqldb,org.hsqldb.lib,org.hsqldb.lib.CharArrayWriter,1,TRUE,Fred Toussi (fredt@users dot sourceforge.net), 1.9.0, 2.0.1,104,5,25,0,1,0,0,0,0,0,0
143,hsqldb,org.hsqldb.lib,org.hsqldb.lib.ClosableByteArrayOutputStream,1,TRUE,boucherb@users, 1.9.0, 1.9.0,250,13,37,0,2,0,0,0,0,0,0
144,hsqldb,org.hsqldb.lib,org.hsqldb.lib.ClosableCharArrayWriter,1,TRUE,boucherb@users, 1.8.x, 1.8.x,259,13,45,0,2,0,0,0,0,0,0
145,hsqldb,org.hsqldb.lib,org.hsqldb.lib.Collection,1,TRUE,Fred Toussi (fredt@users dot sourceforge.net), 1.7.2, 1.7.2,16,0,0,0,0,0,0,0,0,0,0
146,hsqldb,org.hsqldb.lib,org.hsqldb.lib.CountdownInputStream,1,TRUE,boucherb@users, 1.9.0, 2.1.1,71,4,20,0,2,0,0,0,0,0,0
147,hsqldb,org.hsqldb.lib,org.hsqldb.lib.CountUpDownLatch,1,TRUE,Fred Toussi (fredt@users dot sourceforge.net), 1.9.0, 2.0.1,45,5,12,0,1,0,0,0,0,0,0
148,hsqldb,org.hsqldb.lib,org.hsqldb.lib.DataOutputStream,1,TRUE,Fred Toussi (fredt@users dot sourceforge.net), 1.9.0, 2.0.1,76,0,15,0,1,0,0,0,0,0,0
149,hsqldb,org.hsqldb.lib,org.hsqldb.lib.DoubleIntIndex,1,TRUE,Fred Toussi (fredt@users dot sourceforge.net), 1.8.0, 2.2.7,505,11,113,0,1,0,0,0,0,0,0
150,hsqldb,org.hsqldb.lib,org.hsqldb.lib.FileAccess,1,TRUE,anonymous,null,null,23,0,0,0,0,0,0,0,0,0,0
151,hsqldb,org.hsqldb.lib,org.hsqldb.lib.FileAccess.FileSync,1,FALSE,anonymous,null,null,3,0,0,0,0,0,0,0,0,0,0
152,hsqldb,org.hsqldb.lib,org.hsqldb.lib.FileArchiver,1,TRUE,Blaine Simpson (blaine dot simpson at admc dot com), 1.9.0, 1.9.0,130,0,29,0,1,0,0,0,0,0,0
153,hsqldb,org.hsqldb.lib,org.hsqldb.lib.FileUtil,1,TRUE,anonymous,null,null,345,1,44,0,1,0,0,0,0,0,0
154,hsqldb,org.hsqldb.lib,org.hsqldb.lib.FileUtil.FileSync,1,FALSE,anonymous,null,null,9,1,2,0,1,0,0,0,0,0,0
155,hsqldb,org.hsqldb.lib,org.hsqldb.lib.FileUtil.FileAccessRes,1,FALSE,anonymous,null,null,49,0,14,0,1,0,0,0,0,0,0
156,hsqldb,org.hsqldb.lib,org.hsqldb.lib.FileUtil.DatabaseFilenameFilter,1,FALSE,anonymous,null,null,68,2,20,0,1,0,0,0,0,0,0
157,hsqldb,org.hsqldb.lib,org.hsqldb.lib.FrameworkLogger,1,TRUE,Blaine Simpson (blaine dot simpson at admc dot com), 1.9.0, 2.2.8,359,2,57,0,1,0,0,0,0,0,0
158,hsqldb,org.hsqldb.lib,org.hsqldb.lib.HashMap,1,TRUE,anonymous,null,null,126,2,16,0,2,0,0,0,0,0,0
159,hsqldb,org.hsqldb.lib,org.hsqldb.lib.HashMap.KeySet,1,FALSE,anonymous,null,null,37,0,10,0,1,0,0,0,0,0,0
160,hsqldb,org.hsqldb.lib,org.hsqldb.lib.HashMap.Values,1,FALSE,anonymous,null,null,26,0,8,0,1,0,0,0,0,0,0
161,hsqldb,org.hsqldb.lib,org.hsqldb.lib.HashMappedList,1,TRUE,Fred Toussi (fredt@users dot sourceforge.net), 1.7.2, 1.9.0,130,0,37,2,3,0,0,0,0,0,0.117647
162,hsqldb,org.hsqldb.lib,org.hsqldb.lib.HashSet,1,TRUE,Fred Toussi (fredt@users dot sourceforge.net), 1.7.2, 1.9.0,133,0,29,0,2,0,0,0,0,0,0
163,hsqldb,org.hsqldb.lib,org.hsqldb.lib.HsqlArrayHeap,1,TRUE,boucherb@users, 1.7.2, 1.9.0,135,8,30,0,1,0,0,0,0,0,0
164,hsqldb,org.hsqldb.lib,org.hsqldb.lib.HsqlArrayList,1,TRUE,dnordahl@users, 1.7.0, 1.9.0,234,5,56,5,2,0,0,0,0,1,0.238095
165,hsqldb,org.hsqldb.lib,org.hsqldb.lib.HsqlByteArrayInputStream,1,TRUE,Fred Toussi (fredt@users dot sourceforge.net), 1.7.2, 1.9.0,161,6,42,0,2,0,0,0,0,0,0
166,hsqldb,org.hsqldb.lib,org.hsqldb.lib.HsqlByteArrayOutputStream,1,TRUE,Fred Toussi (fredt@users dot sourceforge.net), 1.7.0, 2.0.1,247,5,63,0,1,0,0,0,0,0,0
167,hsqldb,org.hsqldb.lib,org.hsqldb.lib.HsqlDeque,1,TRUE,Fred Toussi (fredt@users dot sourceforge.net), 1.7.0, 2.0.1,208,7,53,6,2,0,0,0,0,1,0.315789
168,hsqldb,org.hsqldb.lib,org.hsqldb.lib.HsqlHeap,1,TRUE,boucherb@users, 1.7.2, 1.7.2,41,0,0,0,0,0,0,0,0,0,0
169,hsqldb,org.hsqldb.lib,org.hsqldb.lib.HsqlList,1,TRUE,dnordahl@users, 1.7.2, 1.7.2,16,0,0,0,0,0,0,0,0,0,0
170,hsqldb,org.hsqldb.lib,org.hsqldb.lib.HsqlTaskQueue,1,TRUE,anonymous,null,null,109,7,15,0,1,0,0,0,0,0,0
171,hsqldb,org.hsqldb.lib,org.hsqldb.lib.HsqlTaskQueue.TaskRunner,1,FALSE,anonymous,null,null,29,1,4,0,1,0,0,0,0,0,0
172,hsqldb,org.hsqldb.lib,org.hsqldb.lib.HsqlThreadFactory,1,TRUE,boucherb@users, 1.7.2, 1.7.2,51,1,7,0,1,0,0,0,0,0,0
173,hsqldb,org.hsqldb.lib,org.hsqldb.lib.HsqlTimer,1,TRUE,anonymous,null,null,574,7,64,0,1,0,0,0,0,0,0
174,hsqldb,org.hsqldb.lib,org.hsqldb.lib.HsqlTimer.TaskRunner,1,TRUE,anonymous,null,null,23,1,3,0,1,0,0,0,0,0,0
175,hsqldb,org.hsqldb.lib,org.hsqldb.lib.HsqlTimer.Task,1,TRUE,anonymous,null,null,110,4,12,0,1,0,0,0,0,0,0
176,hsqldb,org.hsqldb.lib,org.hsqldb.lib.HsqlTimer.TaskQueue,1,TRUE,anonymous,null,null,77,1,12,0,2,0,0,0,0,3,0
177,hsqldb,org.hsqldb.lib,org.hsqldb.lib.InOutUtil,1,TRUE,Campbell Boucher-Burnet (boucherb@users dot sourceforge.net), 1.7.2,2.1,133,0,20,0,1,0,0,0,0,0,0
178,hsqldb,org.hsqldb.lib,org.hsqldb.lib.InputStreamInterface,1,TRUE,Fred Toussi (fredt@users dot sourceforge.net), 2.3.0, 2.3.0,19,0,0,0,0,0,0,0,0,0,0
179,hsqldb,org.hsqldb.lib,org.hsqldb.lib.InputStreamWrapper,1,TRUE,Fred Toussi (fredt@users dot sourceforge.net), 2.3.0, 2.3.0,54,4,15,0,1,0,0,0,0,0,0
180,hsqldb,org.hsqldb.lib,org.hsqldb.lib.IntKeyHashMap,1,TRUE,anonymous,null,null,109,2,14,0,2,0,0,0,0,0,0
181,hsqldb,org.hsqldb.lib,org.hsqldb.lib.IntKeyHashMap.KeySet,1,FALSE,anonymous,null,null,29,0,9,0,1,0,0,0,0,0,0
182,hsqldb,org.hsqldb.lib,org.hsqldb.lib.IntKeyHashMap.Values,1,FALSE,anonymous,null,null,26,0,8,0,1,0,0,0,0,0,0
183,hsqldb,org.hsqldb.lib,org.hsqldb.lib.IntKeyHashMapConcurrent,1,TRUE,anonymous,null,null,152,3,16,0,2,0,0,0,0,0,0
184,hsqldb,org.hsqldb.lib,org.hsqldb.lib.IntKeyHashMapConcurrent.KeySet,1,FALSE,anonymous,null,null,29,0,9,0,1,0,0,0,0,0,0
185,hsqldb,org.hsqldb.lib,org.hsqldb.lib.IntKeyHashMapConcurrent.Values,1,FALSE,anonymous,null,null,26,0,8,0,1,0,0,0,0,0,0
186,hsqldb,org.hsqldb.lib,org.hsqldb.lib.IntKeyIntValueHashMap,1,TRUE,anonymous,null,null,114,2,14,0,2,0,0,0,0,0,0
187,hsqldb,org.hsqldb.lib,org.hsqldb.lib.IntKeyIntValueHashMap.KeySet,1,FALSE,anonymous,null,null,29,0,9,0,1,0,0,0,0,0,0
188,hsqldb,org.hsqldb.lib,org.hsqldb.lib.IntKeyIntValueHashMap.Values,1,FALSE,anonymous,null,null,26,0,8,0,1,0,0,0,0,0,0
189,hsqldb,org.hsqldb.lib,org.hsqldb.lib.IntKeyLongValueHashMap,1,TRUE,Fred Toussi (fredt@users dot sourceforge.net), 1.7.2, 1.9.0,45,0,10,0,2,0,0,0,0,0,0
190,hsqldb,org.hsqldb.lib,org.hsqldb.lib.IntLookup,1,TRUE,Fred Toussi (fredt@users dot sourceforge.net), 1.8.0, 2.2.6,10,0,0,0,0,0,0,0,0,0,0
191,hsqldb,org.hsqldb.lib,org.hsqldb.lib.IntValueHashMap,1,TRUE,anonymous,null,null,161,2,25,0,2,0,0,0,0,0,0
192,hsqldb,org.hsqldb.lib,org.hsqldb.lib.IntValueHashMap.KeySet,1,FALSE,anonymous,null,null,37,0,10,0,1,0,0,0,0,0,0
193,hsqldb,org.hsqldb.lib,org.hsqldb.lib.IntValueHashMap.Values,1,FALSE,anonymous,null,null,26,0,8,0,1,0,0,0,0,0,0
194,hsqldb,org.hsqldb.lib,org.hsqldb.lib.Iterator,1,TRUE,Fred Toussi (fredt@users dot sourceforge.net), 1.7.2, 1.9.0,13,0,0,0,0,0,0,0,0,0,0
195,hsqldb,org.hsqldb.lib.java,org.hsqldb.lib.java.JavaSystem,1,TRUE,Fred Toussi (fredt@users dot sourceforge.net),null, 1.9.0,79,1,23,0,1,0,0,0,0,0,0
196,hsqldb,org.hsqldb.lib,org.hsqldb.lib.KMPSearchAlgorithm,1,TRUE,Campbell Boucher-Burnet (boucherb@users dot sourceforge.net),2.1,2.1,334,0,79,0,1,0,0,0,0,0,0
197,hsqldb,org.hsqldb.lib,org.hsqldb.lib.LineGroupReader,1,TRUE,Fred Toussi (fredt@users dot sourceforge.net), 1.9.0, 1.9.0,139,3,30,0,1,0,0,0,0,0,0
198,hsqldb,org.hsqldb.lib,org.hsqldb.lib.LineReader,1,TRUE,Fred Toussi (fredt@users dot sourceforge.net), 2.0.1, 2.0.1,66,2,10,0,1,0,0,0,0,0,0
199,hsqldb,org.hsqldb.lib,org.hsqldb.lib.LongDeque,1,TRUE,Fred Toussi (fredt@users dot sourceforge.net), 1.9.0, 1.9.0,201,9,53,0,1,0,0,0,0,0,0
200,hsqldb,org.hsqldb.lib,org.hsqldb.lib.LongKeyHashMap,1,TRUE,anonymous,null,null,167,4,18,0,2,0,0,0,0,0,0
201,hsqldb,org.hsqldb.lib,org.hsqldb.lib.LongKeyHashMap.KeySet,1,FALSE,anonymous,null,null,29,0,9,0,1,0,0,0,0,0,0
202,hsqldb,org.hsqldb.lib,org.hsqldb.lib.LongKeyHashMap.Values,1,FALSE,anonymous,null,null,26,0,8,0,1,0,0,0,0,0,0
203,hsqldb,org.hsqldb.lib,org.hsqldb.lib.LongKeyIntValueHashMap,1,TRUE,anonymous,null,null,121,2,16,0,2,0,0,0,0,0,0
204,hsqldb,org.hsqldb.lib,org.hsqldb.lib.LongKeyIntValueHashMap.KeySet,1,FALSE,anonymous,null,null,29,0,9,0,1,0,0,0,0,0,0
205,hsqldb,org.hsqldb.lib,org.hsqldb.lib.LongKeyIntValueHashMap.Values,1,FALSE,anonymous,null,null,26,0,8,0,1,0,0,0,0,0,0
206,hsqldb,org.hsqldb.lib,org.hsqldb.lib.LongKeyLongValueHashMap,1,TRUE,anonymous,null,null,118,2,15,0,2,0,0,0,0,0,0
207,hsqldb,org.hsqldb.lib,org.hsqldb.lib.LongKeyLongValueHashMap.KeySet,1,FALSE,anonymous,null,null,29,0,9,0,1,0,0,0,0,0,0
208,hsqldb,org.hsqldb.lib,org.hsqldb.lib.LongKeyLongValueHashMap.Values,1,FALSE,anonymous,null,null,26,0,8,0,1,0,0,0,0,0,0
209,hsqldb,org.hsqldb.lib,org.hsqldb.lib.LongValueHashMap,1,TRUE,anonymous,null,null,125,1,22,0,2,0,0,0,0,0,0
210,hsqldb,org.hsqldb.lib,org.hsqldb.lib.LongValueHashMap.KeySet,1,FALSE,anonymous,null,null,37,0,10,0,1,0,0,0,0,0,0
211,hsqldb,org.hsqldb.lib,org.hsqldb.lib.MD5,1,TRUE,boucherb@users.sourceforge.net, 1.9.0, 2.0.1,70,0,8,0,1,0,0,0,0,0,0
212,hsqldb,org.hsqldb.lib,org.hsqldb.lib.MultiValueHashMap,1,TRUE,anonymous,null,null,113,2,14,0,2,0,0,0,0,0,0
213,hsqldb,org.hsqldb.lib,org.hsqldb.lib.MultiValueHashMap.KeySet,1,FALSE,anonymous,null,null,31,0,9,0,1,0,0,0,0,0,0
214,hsqldb,org.hsqldb.lib,org.hsqldb.lib.MultiValueHashMap.Values,1,FALSE,anonymous,null,null,26,0,8,0,1,0,0,0,0,0,0
215,hsqldb,org.hsqldb.lib,org.hsqldb.lib.OrderedHashSet,1,TRUE,Fred Toussi (fredt@users dot sourceforge.net), 1.9.0, 1.9.0,101,0,29,1,3,0,0,0,0,0,0.0769231
216,hsqldb,org.hsqldb.lib,org.hsqldb.lib.OrderedIntHashSet,1,TRUE,Fred Toussi (fredt@users dot sourceforge.net), 1.9.0, 1.9.0,83,1,23,0,2,0,0,0,0,0,0
217,hsqldb,org.hsqldb.lib,org.hsqldb.lib.OrderedIntKeyHashMap,1,TRUE,anonymous,null,null,116,2,15,0,2,0,0,0,0,0,0
218,hsqldb,org.hsqldb.lib,org.hsqldb.lib.OrderedIntKeyHashMap.KeySet,1,FALSE,anonymous,null,null,29,0,9,0,1,0,0,0,0,0,0
219,hsqldb,org.hsqldb.lib,org.hsqldb.lib.OrderedIntKeyHashMap.Values,1,FALSE,anonymous,null,null,26,0,8,0,1,0,0,0,0,0,0
220,hsqldb,org.hsqldb.lib,org.hsqldb.lib.OrderedLongKeyHashMap,1,TRUE,anonymous,null,null,143,2,23,0,2,0,0,0,0,0,0
221,hsqldb,org.hsqldb.lib,org.hsqldb.lib.OrderedLongKeyHashMap.KeySet,1,FALSE,anonymous,null,null,29,0,9,0,1,0,0,0,0,0,0
222,hsqldb,org.hsqldb.lib,org.hsqldb.lib.OrderedLongKeyHashMap.Values,1,FALSE,anonymous,null,null,26,0,8,0,1,0,0,0,0,0,0
223,hsqldb,org.hsqldb.lib,org.hsqldb.lib.RCData,1,TRUE,Blaine Simpson (blaine dot simpson at admc dot com),null,null,316,1,70,0,1,0,0,0,0,0,0
224,hsqldb,org.hsqldb.lib,org.hsqldb.lib.ReaderInputStream,1,TRUE,Fred Toussi (fredt@users dot sourceforge.net), 1.9.0, 1.9.0,29,1,4,0,2,0,0,0,0,0,0
225,hsqldb,org.hsqldb.lib,org.hsqldb.lib.ReadWriteLockDummy,1,FALSE,anonymous,null,null,25,0,2,0,1,0,0,0,0,0,0
226,hsqldb,org.hsqldb.lib,org.hsqldb.lib.ReadWriteLockDummy.LockDummy,1,FALSE,anonymous,null,null,17,0,6,0,1,0,0,0,0,0,0
227,hsqldb,org.hsqldb.lib,org.hsqldb.lib.RefCapablePropertyResourceBundle,1,TRUE,Blaine Simpson (blaine dot simpson at admc dot com),null,null,215,2,62,0,1,0,0,0,0,0,0
228,hsqldb,org.hsqldb.lib,org.hsqldb.lib.RefCapableRBInterface,1,FALSE,anonymous,null,null,17,0,0,0,0,0,0,0,0,0,0
229,hsqldb,org.hsqldb.lib,org.hsqldb.lib.Set,1,TRUE,Fred Toussi (fredt@users dot sourceforge.net), 1.7.2, 1.7.2,20,0,0,0,0,0,0,0,0,0,0
230,hsqldb,org.hsqldb.lib,org.hsqldb.lib.SimpleLog,1,TRUE,Fred Toussi (fredt@users dot sourceforge.net), 1.8.0, 2.1.1,115,5,24,0,1,0,0,0,0,0,0
231,hsqldb,org.hsqldb.lib,org.hsqldb.lib.StopWatch,1,TRUE,boucherb@users, 1.7.2, 1.7.2,109,6,15,0,1,0,0,0,0,0,0
232,hsqldb,org.hsqldb.lib,org.hsqldb.lib.StringComparator,1,FALSE,anonymous,null,null,14,0,4,0,1,0,0,0,0,0,0
233,hsqldb,org.hsqldb.lib,org.hsqldb.lib.StringConverter,1,TRUE,Fred Toussi (fredt@users dot sourceforge.net), 1.7.2, 2.0.1,522,0,118,0,1,0,0,0,0,0,0
234,hsqldb,org.hsqldb.lib,org.hsqldb.lib.StringInputStream,1,TRUE,Fred Toussi (fredt@users dot sourceforge.net),null, 1.7.0,34,2,5,0,2,0,0,0,0,0,0
235,hsqldb,org.hsqldb.lib,org.hsqldb.lib.StringUtil,1,TRUE,Nitin Chauhan, 1.7.0, 2.2.6,272,0,51,0,1,0,0,0,0,0,0
236,hsqldb,org.hsqldb.lib.tar,org.hsqldb.lib.tar.DbBackup,1,TRUE,Blaine Simpson (blaine dot simpson at admc dot com),null, 2.2.8,254,4,61,0,1,0,0,0,0,0,0
237,hsqldb,org.hsqldb.lib.tar,org.hsqldb.lib.tar.PIFData,1,TRUE,anonymous,null,null,55,1,8,0,2,0,0,0,0,0,0
238,hsqldb,org.hsqldb.lib.tar,org.hsqldb.lib.tar.PIFGenerator,1,TRUE,anonymous,null,null,100,2,20,0,2,0,0,0,0,0,0
239,hsqldb,org.hsqldb.lib.tar,org.hsqldb.lib.tar.TarFileInputStream,1,TRUE,anonymous,null,null,127,3,21,0,1,0,0,0,0,0,0
240,hsqldb,org.hsqldb.lib.tar,org.hsqldb.lib.tar.TarFileOutputStream,1,TRUE,anonymous,null,null,193,7,34,0,1,0,0,0,0,0,0
241,hsqldb,org.hsqldb.lib.tar,org.hsqldb.lib.tar.TarFileOutputStream.Compression,1,FALSE,anonymous,null,null,6,0,0,0,0,0,0,0,0,0,0
242,hsqldb,org.hsqldb.lib.tar,org.hsqldb.lib.tar.TarGenerator,1,TRUE,Blaine Simpson (blaine dot simpson at admc dot com),null,null,367,2,30,0,1,0,0,0,0,0,0
243,hsqldb,org.hsqldb.lib.tar,org.hsqldb.lib.tar.TarGenerator.TarEntrySupplicant,1,TRUE,Blaine Simpson (blaine dot simpson at admc dot com),null,null,233,6,46,0,1,0,0,0,0,0,0
244,hsqldb,org.hsqldb.lib.tar,org.hsqldb.lib.tar.TarMalformatException,1,FALSE,anonymous,null,null,5,0,1,0,2,0,0,0,0,0,0
245,hsqldb,org.hsqldb.lib.tar,org.hsqldb.lib.tar.TarReader,1,TRUE,anonymous,null,null,447,1,72,0,1,0,0,0,0,0,0
246,hsqldb,org.hsqldb.lib.tar,org.hsqldb.lib.tar.TarReader.TarEntryHeader,1,TRUE,anonymous,null,null,176,8,39,0,1,0,0,0,0,0,0
247,hsqldb,org.hsqldb.lib.tar,org.hsqldb.lib.tar.TarReader.TarEntryHeader.MissingField,1,FALSE,anonymous,null,null,9,1,2,0,2,0,0,0,0,0,0
248,hsqldb,org.hsqldb.lib,org.hsqldb.lib.ThreadFactory,1,TRUE,boucherb@users, 1.7.2, 1.7.2,8,0,0,0,0,0,0,0,0,0,0
249,hsqldb,org.hsqldb.lib,org.hsqldb.lib.ValidatingResourceBundle,1,TRUE,anonymous,null,null,131,3,42,0,1,0,0,0,0,0,0
250,hsqldb,org.hsqldb.lib,org.hsqldb.lib.WrapperIterator,1,TRUE,fred@users, HSQLDB 1.7.2, 1.9.0,133,3,27,0,1,0,0,0,0,0,0
251,hsqldb,org.hsqldb,org.hsqldb.Like,1,TRUE,Thomas Mueller (Hypersonic SQL Group), Hypersonic SQL, 2.0.1,262,5,72,0,1,0,0,0,0,0,0
252,hsqldb,org.hsqldb.navigator,org.hsqldb.navigator.RangeIterator,1,TRUE,Fred Toussi (fredt@users dot sourceforge.net), 1.9.0, 2.2.7,17,0,0,0,0,0,0,0,0,0,0
253,hsqldb,org.hsqldb.navigator,org.hsqldb.navigator.RowIterator,1,TRUE,Fred Toussi (fredt@users dot sourceforge.net), 1.7.2, 1.9.0,14,0,0,0,0,0,0,0,0,0,0
254,hsqldb,org.hsqldb.navigator,org.hsqldb.navigator.RowSetNavigator,1,TRUE,Fred Toussi (fredt@users dot sourceforge.net), 1.9.0, 2.2.7,207,16,49,0,1,0,0,0,0,0,0
255,hsqldb,org.hsqldb.navigator,org.hsqldb.navigator.RowSetNavigatorClient,1,FALSE,anonymous,null,null,160,6,42,12,2,0,0,0,0,0,0.571429
256,hsqldb,org.hsqldb.navigator,org.hsqldb.navigator.RowSetNavigatorData,1,TRUE,anonymous,null,null,431,5,100,13,2,0,0,0,0,0,0.282609
257,hsqldb,org.hsqldb.navigator,org.hsqldb.navigator.RowSetNavigatorData.DataIterator,1,FALSE,anonymous,null,null,29,2,9,0,1,0,0,0,0,0,0
258,hsqldb,org.hsqldb.navigator,org.hsqldb.navigator.RowSetNavigatorDataChange,1,FALSE,anonymous,null,null,16,0,0,0,0,0,0,0,0,0,0
259,hsqldb,org.hsqldb.navigator,org.hsqldb.navigator.RowSetNavigatorDataChangeMemory,1,FALSE,anonymous,null,null,115,8,27,0,1,0,0,0,0,0,0
260,hsqldb,org.hsqldb.navigator,org.hsqldb.navigator.RowSetNavigatorDataTable,1,TRUE,Fred Toussi (fredt@users dot sourceforge.net), 1.9.0, 2.2.7,386,8,89,30,3,0,0,0,0,0,0.857143
261,hsqldb,org.hsqldb,org.hsqldb.NumberSequence,1,TRUE,Fred Toussi (fredt@users dot sourceforge.net), 1.7.2,  1.9.0,528,25,125,0,1,0,0,0,0,0,0
262,hsqldb,org.hsqldb,org.hsqldb.OpTypes,1,FALSE,anonymous,null,null,3,0,0,0,0,0,0,0,0,0,0
263,hsqldb,org.hsqldb,org.hsqldb.ParserBase,1,TRUE,Fred Toussi (fredt@users dot sourceforge.net), 1.9.0, 2.0.1,543,27,143,0,1,1,0,0,0,0,0
264,hsqldb,org.hsqldb,org.hsqldb.ParserCommand,1,TRUE,Fred Toussi (fredt@users dot sourceforge.net), 1.9.0, 2.2.8,1504,0,298,0,3,0,0,0,0,0,0
265,hsqldb,org.hsqldb,org.hsqldb.ParserDDL,1,TRUE,Fred Toussi (fredt@users dot sourceforge.net), 1.9.0, 2.2.7,3414,1,712,0,3,0,1,1,0,0,0
266,hsqldb,org.hsqldb,org.hsqldb.ParserDML,1,TRUE,Fred Toussi (fredt@users dot sourceforge.net), 1.9.0, 2.2.1,795,0,167,0,3,0,0,0,0,6,0
267,hsqldb,org.hsqldb,org.hsqldb.ParserDQL,1,TRUE,anonymous,null,null,4388,25,1079,2,2,1,1,1,0,6,0.013986
268,hsqldb,org.hsqldb,org.hsqldb.ParserDQL.CompileContext,1,FALSE,anonymous,null,null,187,9,47,0,1,0,0,0,0,0,0
269,hsqldb,org.hsqldb,org.hsqldb.ParserRoutine,1,TRUE,Fred Toussi (fredt@users dot sourceforge.net), 1.9.0, 2.2.7,1451,0,316,0,3,0,0,0,0,0,0
270,hsqldb,org.hsqldb.persist,org.hsqldb.persist.Cache,1,TRUE,anonymous,null,null,243,4,39,0,2,0,0,0,0,0,0
271,hsqldb,org.hsqldb.persist,org.hsqldb.persist.Cache.CachedObjectComparator,1,FALSE,anonymous,null,null,25,0,7,0,1,0,0,0,0,0,0
272,hsqldb,org.hsqldb.persist,org.hsqldb.persist.CachedObject,1,TRUE,Fred Toussi (fredt@users dot sourceforge.net), 1.8.0, 1.9.0,26,0,0,0,0,0,0,0,0,0,0
273,hsqldb,org.hsqldb.persist,org.hsqldb.persist.Crypto,1,FALSE,anonymous,null,null,131,0,35,0,1,0,0,0,0,0,0
274,hsqldb,org.hsqldb.persist,org.hsqldb.persist.DataFileBlockManager,1,TRUE,Fred Toussi (fredt@users dot sourceforge.net), 1.8.0, 2.2.5,99,5,20,0,1,0,0,0,0,0,0
275,hsqldb,org.hsqldb.persist,org.hsqldb.persist.DataFileCache,1,TRUE,Fred Toussi (fredt@users dot sourceforge.net), 1.7.2, 2.2.8,880,28,152,0,1,1,0,0,0,0,0
276,hsqldb,org.hsqldb.persist,org.hsqldb.persist.DataFileCacheSession,1,TRUE,Fred Toussi (fredt@users dot sourceforge.net), 1.9.0, 2.2.7,63,0,7,3,2,0,0,0,1,28,0.75
277,hsqldb,org.hsqldb.persist,org.hsqldb.persist.DataFileDefrag,1,TRUE,Fred Toussi (fredt@users dot sourceforge.net),      1.7.2,    2.2.7,196,3,37,0,1,0,0,0,0,0,0
278,hsqldb,org.hsqldb.persist,org.hsqldb.persist.HsqlDatabaseProperties,1,TRUE,Fred Toussi (fredt@users dot sourceforge.net), 1.7.0, 2.2.8,529,11,90,5,2,0,0,0,0,9,0.192308
279,hsqldb,org.hsqldb.persist,org.hsqldb.persist.HsqlProperties,1,TRUE,Fred Toussi (fredt@users dot sourceforge.net), 1.7.0, 2.1.1,352,9,82,0,1,0,0,0,0,0,0
280,hsqldb,org.hsqldb.persist,org.hsqldb.persist.LobManager,1,TRUE,anonymous,null,null,1069,12,171,0,1,1,0,0,0,0,0
281,hsqldb,org.hsqldb.persist,org.hsqldb.persist.LobManager.LOBS,1,FALSE,anonymous,null,null,6,0,0,0,0,0,0,0,0,0,0
282,hsqldb,org.hsqldb.persist,org.hsqldb.persist.LobManager.LOB_IDS,1,FALSE,anonymous,null,null,6,0,0,0,0,0,0,0,0,0,0
283,hsqldb,org.hsqldb.persist,org.hsqldb.persist.LobManager.GET_LOB_PART,1,FALSE,anonymous,null,null,5,0,0,0,0,0,0,0,0,0,0
284,hsqldb,org.hsqldb.persist,org.hsqldb.persist.LobManager.DIVIDE_BLOCK,1,FALSE,anonymous,null,null,4,0,0,0,0,0,0,0,0,0,0
285,hsqldb,org.hsqldb.persist,org.hsqldb.persist.LobManager.DELETE_BLOCKS,1,FALSE,anonymous,null,null,6,0,0,0,0,0,0,0,0,0,0
286,hsqldb,org.hsqldb.persist,org.hsqldb.persist.LobManager.ALLOC_BLOCKS,1,FALSE,anonymous,null,null,5,0,0,0,0,0,0,0,0,0,0
287,hsqldb,org.hsqldb.persist,org.hsqldb.persist.LobManager.UPDATE_USAGE,1,FALSE,anonymous,null,null,4,0,0,0,0,0,0,0,0,0,0
288,hsqldb,org.hsqldb.persist,org.hsqldb.persist.LobManager.UPDATE_LENGTH,1,FALSE,anonymous,null,null,4,0,0,0,0,0,0,0,0,0,0
289,hsqldb,org.hsqldb.persist,org.hsqldb.persist.LobStore,1,TRUE,Fred Toussi (fredt@users dot sourceforge.net), 1.9.0, 2.2.6,13,0,0,0,0,0,0,0,0,0,0
290,hsqldb,org.hsqldb.persist,org.hsqldb.persist.LobStoreInJar,1,TRUE,Fred Toussi (fredt@users dot sourceforge.net), 1.9.0, 2.2.6,96,3,22,0,1,0,0,0,0,0,0
291,hsqldb,org.hsqldb.persist,org.hsqldb.persist.LobStoreMem,1,TRUE,Fred Toussi (fredt@users dot sourceforge.net), 1.9.0, 2.2.6,79,2,15,0,1,0,0,0,0,0,0
292,hsqldb,org.hsqldb.persist,org.hsqldb.persist.LobStoreRAFile,1,TRUE,Fred Toussi (fredt@users dot sourceforge.net), 1.9.0, 2.2.6,103,4,23,0,1,0,0,0,0,0,0
293,hsqldb,org.hsqldb.persist,org.hsqldb.persist.LockFile,1,TRUE,anonymous,null,null,983,17,105,0,1,0,0,0,0,0,0
294,hsqldb,org.hsqldb.persist,org.hsqldb.persist.LockFile.HeartbeatRunner,1,TRUE,anonymous,null,null,13,0,2,0,1,0,0,0,0,0,0
295,hsqldb,org.hsqldb.persist,org.hsqldb.persist.LockFile.BaseException,1,TRUE,anonymous,null,null,44,3,6,0,2,0,0,0,0,0,0
296,hsqldb,org.hsqldb.persist,org.hsqldb.persist.LockFile.FileCanonicalizationException,1,TRUE,anonymous,null,null,30,2,3,1,3,0,0,0,0,0,0.333333
297,hsqldb,org.hsqldb.persist,org.hsqldb.persist.LockFile.FileSecurityException,1,TRUE,anonymous,null,null,30,2,3,1,3,0,0,0,0,0,0.333333
298,hsqldb,org.hsqldb.persist,org.hsqldb.persist.LockFile.LockHeldExternallyException,1,TRUE,anonymous,null,null,40,3,4,1,3,0,0,0,0,0,0.25
299,hsqldb,org.hsqldb.persist,org.hsqldb.persist.LockFile.UnexpectedEndOfFileException,1,TRUE,anonymous,null,null,30,2,3,1,3,0,0,0,0,0,0.333333
300,hsqldb,org.hsqldb.persist,org.hsqldb.persist.LockFile.UnexpectedFileIOException,1,TRUE,anonymous,null,null,30,2,3,1,3,0,0,0,0,0,0.333333
301,hsqldb,org.hsqldb.persist,org.hsqldb.persist.LockFile.UnexpectedFileNotFoundException,1,TRUE,anonymous,null,null,30,2,3,1,3,0,0,0,0,0,0.333333
302,hsqldb,org.hsqldb.persist,org.hsqldb.persist.LockFile.WrongLengthException,1,TRUE,anonymous,null,null,30,2,3,1,3,0,0,0,0,0,0.333333
303,hsqldb,org.hsqldb.persist,org.hsqldb.persist.LockFile.WrongMagicException,1,TRUE,anonymous,null,null,32,2,5,1,3,0,0,0,0,0,0.333333
304,hsqldb,org.hsqldb.persist,org.hsqldb.persist.Log,1,TRUE,Bob Preston (sqlbob@users dot sourceforge.net) - text table support, 1.8.0, 2.2.8,561,31,129,0,1,1,0,0,0,0,0
305,hsqldb,org.hsqldb.persist,org.hsqldb.persist.Logger,1,TRUE,Fred Toussi (fredt@users dot sourceforge.net), 1.7.0, 2.2.8,1329,27,316,0,1,1,0,0,0,0,0
306,hsqldb,org.hsqldb.persist,org.hsqldb.persist.PersistentStore,1,TRUE,Fred Toussi (fredt@users dot sourceforge.net), 1.9.0, 2.0.1,75,0,0,0,0,0,0,0,0,0,0
307,hsqldb,org.hsqldb.persist,org.hsqldb.persist.PersistentStoreCollection,1,FALSE,anonymous,null,null,4,0,0,0,0,0,0,0,0,0,0
308,hsqldb,org.hsqldb.persist,org.hsqldb.persist.PersistentStoreCollectionDatabase,1,FALSE,anonymous,null,null,28,1,6,0,1,0,0,0,0,0,0
309,hsqldb,org.hsqldb.persist,org.hsqldb.persist.PersistentStoreCollectionSession,1,TRUE,Fred Toussi (fredt@users dot sourceforge.net), 1.9.0, 2.2.7,223,7,56,0,1,0,0,0,0,0,0
310,hsqldb,org.hsqldb.persist,org.hsqldb.persist.RandomAccessInterface,1,FALSE,anonymous,null,null,18,0,0,0,0,0,0,0,0,0,0
311,hsqldb,org.hsqldb.persist,org.hsqldb.persist.RAShadowFile,1,FALSE,anonymous,null,null,202,4,24,0,1,0,0,0,0,0,0
312,hsqldb,org.hsqldb.persist,org.hsqldb.persist.RAShadowFile.InputStreamShadow,1,FALSE,anonymous,null,null,69,4,21,0,1,0,0,0,0,0,0
313,hsqldb,org.hsqldb.persist,org.hsqldb.persist.RowStoreAVL,1,FALSE,anonymous,null,null,340,5,82,0,1,0,0,0,0,0,0
314,hsqldb,org.hsqldb.persist,org.hsqldb.persist.RowStoreAVLDisk,1,FALSE,anonymous,null,null,189,5,50,25,2,0,0,0,0,0,0.862069
315,hsqldb,org.hsqldb.persist,org.hsqldb.persist.RowStoreAVLDiskData,1,FALSE,anonymous,null,null,147,0,33,14,3,0,0,0,0,0,0.875
316,hsqldb,org.hsqldb.persist,org.hsqldb.persist.RowStoreAVLHybrid,1,FALSE,anonymous,null,null,242,4,64,23,2,0,0,0,0,0,0.821429
317,hsqldb,org.hsqldb.persist,org.hsqldb.persist.RowStoreAVLHybridExtended,1,FALSE,anonymous,null,null,56,0,15,2,3,0,0,0,0,0,0.333333
318,hsqldb,org.hsqldb.persist,org.hsqldb.persist.RowStoreAVLMemory,1,FALSE,anonymous,null,null,117,0,35,20,2,0,0,0,0,0,0.833333
319,hsqldb,org.hsqldb.persist,org.hsqldb.persist.RowStoreDataChange,1,FALSE,anonymous,null,null,17,0,4,1,3,0,0,0,0,0,0.5
320,hsqldb,org.hsqldb.persist,org.hsqldb.persist.ScaledRAFile,1,TRUE,Fred Toussi (fredt@users dot sourceforge.net),  1.7.2,  2.0.1,341,10,74,0,1,0,0,0,0,0,0
321,hsqldb,org.hsqldb.persist,org.hsqldb.persist.ScaledRAFileHybrid,1,TRUE,Fred Toussi (fredt@users dot sourceforge.net), 1.7.2, 2.0.1,117,9,29,0,1,0,0,0,0,0,0
322,hsqldb,org.hsqldb.persist,org.hsqldb.persist.ScaledRAFileInJar,1,TRUE,Fred Toussi (fredt@users dot sourceforge.net),  1.8.0,  2.2.6,165,8,45,0,1,0,0,0,0,0,0
323,hsqldb,org.hsqldb.persist,org.hsqldb.persist.ScaledRAFileNIO,1,TRUE,Fred Toussi (fredt@users dot sourceforge.net), 1.8.0.5,  2.0.1,405,8,82,0,1,0,0,0,0,0,0
324,hsqldb,org.hsqldb.persist,org.hsqldb.persist.ScaledRAFileSimple,1,TRUE,Fred Toussi (fredt@users dot sourceforge.net),  1.9.0,  2.0.1,78,8,20,0,1,0,0,0,0,0,0
325,hsqldb,org.hsqldb.persist,org.hsqldb.persist.ScriptRunner,1,TRUE,Fred Toussi (fredt@users dot sourceforge.net), 1.7.2, 2.2.7,175,0,35,0,1,0,0,0,0,0,0
326,hsqldb,org.hsqldb.persist,org.hsqldb.persist.TextCache,1,TRUE,Fred Toussi (fredt@users dot sourceforge.net), 1.7.0, 2.2.7,301,6,50,13,2,0,0,0,1,28,0.5
327,hsqldb,org.hsqldb.persist,org.hsqldb.persist.TextFileReader,1,TRUE,Fred Toussi (fredt@users dot sourceforge.net), 2.2.7, 2.2.7,200,3,40,0,1,0,0,0,0,0,0
328,hsqldb,org.hsqldb.persist,org.hsqldb.persist.TextFileSettings,1,TRUE,Fred Toussi (fredt@users dot sourceforge.net), 2.2.6, 2.2.6,168,3,28,0,1,0,0,0,0,0,0
329,hsqldb,org.hsqldb,org.hsqldb.QueryExpression,1,TRUE,Fred Toussi (fredt@users dot sourceforge.net), 2.2.6, 2.2.6,636,20,151,0,1,0,1,0,0,0,0
330,hsqldb,org.hsqldb,org.hsqldb.QuerySpecification,1,TRUE,Fred Toussi (fredt@users dot sourceforge.net), 1.9.0, 2.2.7,1580,19,453,28,2,1,0,0,0,0,0.405797
331,hsqldb,org.hsqldb,org.hsqldb.RangeVariable,1,TRUE,anonymous,null,null,1181,15,139,0,1,0,1,0,0,0,0
332,hsqldb,org.hsqldb,org.hsqldb.RangeVariable.RangeIteratorBase,1,FALSE,anonymous,null,null,81,9,25,0,1,0,0,0,0,0,0
333,hsqldb,org.hsqldb,org.hsqldb.RangeVariable.RangeIteratorMain,1,FALSE,anonymous,null,null,193,8,57,5,2,0,0,0,0,0,0.454545
334,hsqldb,org.hsqldb,org.hsqldb.RangeVariable.RangeIteratorRight,1,FALSE,anonymous,null,null,63,4,18,2,3,0,0,0,0,3,0.4
335,hsqldb,org.hsqldb,org.hsqldb.RangeVariable.RangeIteratorJoined,1,FALSE,anonymous,null,null,55,4,14,6,2,0,0,0,0,0,0.857143
336,hsqldb,org.hsqldb,org.hsqldb.RangeVariable.RangeVariableConditions,1,FALSE,anonymous,null,null,239,3,58,0,1,0,0,0,0,0,0
337,hsqldb,org.hsqldb,org.hsqldb.RangeVariableJoined,1,FALSE,anonymous,null,null,218,0,57,39,2,0,0,0,0,0,0.975
338,hsqldb,org.hsqldb,org.hsqldb.RangeVariableResolver,1,TRUE,Fred Toussi (fredt@users dot sourceforge.net), 1.9.0, 2.0.1,875,6,235,0,1,0,0,0,0,0,0
339,hsqldb,org.hsqldb.resources,org.hsqldb.resources.BundleHandler,1,TRUE,boucherb@users, 1.7.2, 1.7.2,150,1,19,0,1,0,0,0,0,0,0
340,hsqldb,org.hsqldb.result,org.hsqldb.result.Result,1,TRUE,Fred Toussi (fredt@users dot sourceforge.net), 1.9.0, 2.1.1,1075,39,236,0,1,1,0,0,0,0,0
341,hsqldb,org.hsqldb.result,org.hsqldb.result.ResultConstants,1,TRUE,Fred Toussi (fredt@users dot sourceforge.net), 2.1.1, 1.7.2,200,0,0,0,0,0,0,0,0,0,0
342,hsqldb,org.hsqldb.result,org.hsqldb.result.ResultLob,1,TRUE,anonymous,null,null,467,8,91,1,2,0,0,0,0,0,0.0277778
343,hsqldb,org.hsqldb.result,org.hsqldb.result.ResultLob.LobResultTypes,1,FALSE,anonymous,null,null,23,0,0,0,0,0,0,0,0,0,0
344,hsqldb,org.hsqldb.result,org.hsqldb.result.ResultMetaData,1,TRUE,Fred Toussi (fredt@users dot sourceforge.net), 1.8.0, 2.1.1,352,7,74,0,1,0,0,0,0,0,0
345,hsqldb,org.hsqldb.result,org.hsqldb.result.ResultProperties,1,FALSE,anonymous,null,null,53,0,27,0,1,0,0,0,0,0,0
346,hsqldb,org.hsqldb.rights,org.hsqldb.rights.GrantConstants,1,TRUE,Campbell Boucher-Burnet (boucherb@users dot sourceforge.net), 1.7.2, 1.7.2,44,0,0,0,0,0,0,0,0,0,0
347,hsqldb,org.hsqldb.rights,org.hsqldb.rights.Grantee,1,TRUE,Blaine Simpson (blaine dot simpson at admc dot com), 1.8.0, 2.0.1,795,16,185,0,1,0,0,0,0,0,0
348,hsqldb,org.hsqldb.rights,org.hsqldb.rights.GranteeManager,1,TRUE,Blaine Simpson (blaine dot simpson at admc dot com), 1.8.0, 2.0.1,467,5,107,0,1,0,0,0,0,0,0
349,hsqldb,org.hsqldb.rights,org.hsqldb.rights.Right,1,TRUE,Fred Toussi (fredt@users dot sourceforge.net), 1.9.0, 2.0.1,702,10,248,0,1,0,0,0,0,0,0
350,hsqldb,org.hsqldb.rights,org.hsqldb.rights.User,1,TRUE,Blaine Simpson (blaine dot simpson at admc dot com), 1.8.0, 2.1.1,141,6,19,1,2,0,0,0,0,3,0.0769231
351,hsqldb,org.hsqldb.rights,org.hsqldb.rights.UserManager,1,TRUE,Fred Toussi (fredt@users dot sourceforge.net), 1.7.2, 2.1.1,251,3,56,0,1,0,0,0,0,0,0
352,hsqldb,org.hsqldb,org.hsqldb.Routine,1,TRUE,Fred Toussi (fredt@users dot sourceforge.net), 1.9.0, 2.0.1,957,37,235,0,1,1,1,0,0,0,0
353,hsqldb,org.hsqldb,org.hsqldb.RoutineSchema,1,TRUE,Fred Toussi (fredt@users dot sourceforge.net), 1.9.0, 1.9.0,208,10,57,0,1,0,0,0,0,0,0
354,hsqldb,org.hsqldb,org.hsqldb.Row,1,TRUE,Fred Toussi (fredt@users dot sourceforge dot net),null, 2.0.1,110,6,30,0,1,0,0,0,0,0,0
355,hsqldb,org.hsqldb,org.hsqldb.RowAction,1,TRUE,Fred Toussi (fredt@users dot sourceforge dot net), 2.0.0, 2.2.7,710,2,195,1,2,0,0,0,0,0,0.03125
356,hsqldb,org.hsqldb,org.hsqldb.RowActionBase,1,TRUE,Fred Toussi (fredt@users dot sourceforge dot net), 2.0.0, 2.1.1,46,0,3,0,1,0,0,0,0,0,0
357,hsqldb,org.hsqldb,org.hsqldb.RowAVL,1,TRUE,Thomas Mueller (Hypersonic SQL Group), Hypersonic SQL, 2.0.1,91,2,16,3,2,0,0,0,0,1,0.3
358,hsqldb,org.hsqldb,org.hsqldb.RowAVLDisk,1,TRUE,Thomas Mueller (Hypersonic SQL Group), Hypersonic SQL, 2.2.7,229,6,42,4,3,0,0,0,0,1,0.148148
359,hsqldb,org.hsqldb,org.hsqldb.RowAVLDiskData,1,TRUE,Fred Toussi (fredt@users dot sourceforge.net),null, 1.7.0,154,4,27,2,3,0,0,0,0,1,0.0869565
360,hsqldb,org.hsqldb,org.hsqldb.RowDiskDataChange,1,TRUE,Fred Toussi (fredt@users dot sourceforge dot net), 2.2.7, 2.2.7,96,2,16,2,3,0,0,0,0,0,0.25
361,hsqldb,org.hsqldb.rowio,org.hsqldb.rowio.RowInputBase,1,TRUE,Fred Toussi (fredt@users dot sourceforge.net), 1.7.0, 2.0.0,179,2,54,0,2,0,0,0,0,0,0
362,hsqldb,org.hsqldb.rowio,org.hsqldb.rowio.RowInputBinary,1,TRUE,Fred Toussi (fredt@users dot sourceforge.net), 1.7.0, 2.2.7,170,1,40,23,3,0,0,0,1,21,0.793103
363,hsqldb,org.hsqldb.rowio,org.hsqldb.rowio.RowInputBinary180,1,TRUE,Fred Toussi (fredt@users dot sourceforge.net), 1.9.0, 1.9.0,38,0,6,3,3,0,0,0,1,18,0.75
364,hsqldb,org.hsqldb.rowio,org.hsqldb.rowio.RowInputBinaryDecode,1,TRUE,Fred Toussi (fredt@users dot sourceforge.net), 1.9.0, 1.9.0,21,0,3,1,3,0,0,0,1,18,0.5
365,hsqldb,org.hsqldb.rowio,org.hsqldb.rowio.RowInputInterface,1,TRUE,Fred Toussi (fredt@users dot sourceforge.net), 1.7.0, 1.9.0,20,0,0,0,0,0,0,0,0,0,0
366,hsqldb,org.hsqldb.rowio,org.hsqldb.rowio.RowInputText,1,TRUE,Bob Preston (sqlbob@users dot sourceforge.net), 1.7.0, 2.0.1,347,9,81,21,3,0,0,0,1,21,0.65625
367,hsqldb,org.hsqldb.rowio,org.hsqldb.rowio.RowInputTextLog,1,TRUE,Fred Toussi (fredt@users dot sourceforge.net), 1.7.3, 2.0.1,330,17,78,21,3,0,0,0,1,21,0.636364
368,hsqldb,org.hsqldb.rowio,org.hsqldb.rowio.RowInputTextQuoted,1,TRUE,Bob Preston (sqlbob@users dot sourceforge.net), 1.7.0, 1.9.0,83,0,17,2,3,0,0,0,1,26,0.666667
369,hsqldb,org.hsqldb.rowio,org.hsqldb.rowio.RowOutputBase,1,TRUE,Fred Toussi (fredt@users dot sourceforge.net), 1.7.0, 2.0.1,176,0,54,0,2,0,0,0,0,0,0
370,hsqldb,org.hsqldb.rowio,org.hsqldb.rowio.RowOutputBinary,1,TRUE,Fred Toussi (fredt@users dot sourceforge.net), 1.7.0, 2.6.7,311,3,94,27,3,0,0,0,1,22,0.658537
371,hsqldb,org.hsqldb.rowio,org.hsqldb.rowio.RowOutputBinary180,1,TRUE,Fred Toussi (fredt@users dot sourceforge.net), 1.9.0, 1.9.0,41,0,6,3,3,0,0,0,1,19,0.75
372,hsqldb,org.hsqldb.rowio,org.hsqldb.rowio.RowOutputBinaryEncode,1,TRUE,Fred Toussi (fredt@users dot sourceforge.net), 1.9.0, 2.0.1,43,1,6,3,3,0,0,0,1,19,0.75
373,hsqldb,org.hsqldb.rowio,org.hsqldb.rowio.RowOutputInterface,1,TRUE,Fred Toussi (fredt@users dot sourceforge.net), 1.7.0, 2.0.1,27,0,0,0,0,0,0,0,0,0,0
374,hsqldb,org.hsqldb.rowio,org.hsqldb.rowio.RowOutputText,1,TRUE,Bob Preston (sqlbob@users dot sourceforge.net), 1.7.0, 2.0.1,225,1,55,26,3,0,0,0,1,22,0.684211
375,hsqldb,org.hsqldb.rowio,org.hsqldb.rowio.RowOutputTextLog,1,TRUE,Fred Toussi (fredt@users dot sourceforge.net), 2.0.0, 1.7.2,185,2,46,27,3,0,0,0,1,22,0.794118
376,hsqldb,org.hsqldb.rowio,org.hsqldb.rowio.RowOutputTextQuoted,1,TRUE,Bob Preston (sqlbob@users dot sourceforge.net), 1.7.0, 1.9.0,25,0,11,1,3,0,0,0,1,28,0.333333
377,hsqldb,org.hsqldb.sample,org.hsqldb.sample.ConnectionTypesSample,1,FALSE,anonymous,null,null,10,0,1,0,1,0,0,0,0,0,0
378,hsqldb,org.hsqldb.sample,org.hsqldb.sample.DatabaseManagerSample,1,FALSE,anonymous,null,null,7,0,0,0,3,0,0,0,0,1,0
379,hsqldb,org.hsqldb.sample,org.hsqldb.sample.FindFile,1,TRUE,Thomas Mueller (Hypersonic SQL Group), Hypersonic SQL, 1.7.0,88,0,15,0,1,0,0,0,0,0,0
380,hsqldb,org.hsqldb.sample,org.hsqldb.sample.SqlFileEmbedder,1,TRUE,Blaine Simpson (blaine dot simpson at admc dot com),null,null,68,1,9,0,1,0,0,0,0,0,0
381,hsqldb,org.hsqldb.sample,org.hsqldb.sample.Testdb,1,TRUE,anonymous,null,null,71,1,12,0,1,0,0,0,0,0,0
382,hsqldb,org.hsqldb.sample,org.hsqldb.sample.TriggerSample,1,TRUE,boucherb@users, 1.7.0, 1.7.2,288,2,58,0,1,0,0,0,0,0,0
383,hsqldb,org.hsqldb,org.hsqldb.Scanner,1,TRUE,Fred Toussi (fredt@users dot sourceforge.net), 1.9.0, 2.1.1,1663,33,425,0,1,1,0,0,0,0,0
384,hsqldb,org.hsqldb,org.hsqldb.Schema,1,TRUE,Fred Toussi (fredt@users dot sourceforge.net), 1.9.0, 2.0.1,226,7,56,0,1,0,0,0,0,0,0
385,hsqldb,org.hsqldb,org.hsqldb.SchemaManager,1,TRUE,Fred Toussi (fredt@users dot sourceforge.net), 1.8.0,  2.2.7,1972,14,411,0,1,0,0,0,0,0,0
386,hsqldb,org.hsqldb,org.hsqldb.SchemaObject,1,TRUE,anonymous,null,null,82,0,0,0,0,0,0,0,0,0,0
387,hsqldb,org.hsqldb,org.hsqldb.SchemaObject.ConstraintTypes,1,FALSE,anonymous,null,null,8,0,0,0,0,0,0,0,0,0,0
388,hsqldb,org.hsqldb,org.hsqldb.SchemaObject.ReferentialAction,1,FALSE,anonymous,null,null,7,0,0,0,0,0,0,0,0,0,0
389,hsqldb,org.hsqldb,org.hsqldb.SchemaObject.Deferable,1,FALSE,anonymous,null,null,5,0,0,0,0,0,0,0,0,0,0
390,hsqldb,org.hsqldb,org.hsqldb.SchemaObject.ViewCheckModes,1,FALSE,anonymous,null,null,5,0,0,0,0,0,0,0,0,0,0
391,hsqldb,org.hsqldb,org.hsqldb.SchemaObject.ParameterModes,1,FALSE,anonymous,null,null,6,0,0,0,0,0,0,0,0,0,0
392,hsqldb,org.hsqldb,org.hsqldb.SchemaObject.Nullability,1,FALSE,anonymous,null,null,5,0,0,0,0,0,0,0,0,0,0
393,hsqldb,org.hsqldb,org.hsqldb.SchemaObjectSet,1,TRUE,Fred Toussi (fredt@users dot sourceforge.net), 1.9.0, 2.0.1,391,1,172,0,1,0,0,0,0,0,0
394,hsqldb,org.hsqldb.scriptio,org.hsqldb.scriptio.ScriptReaderBase,1,TRUE,Fred Toussi (fredt@users dot sourceforge.net), 1.7.2, 1.9.0,64,9,11,0,1,0,0,0,0,0,0
395,hsqldb,org.hsqldb.scriptio,org.hsqldb.scriptio.ScriptReaderDecode,1,TRUE,Fred Toussi (fredt@users dot sourceforge.net), 1.9.0, 2.0.1,69,1,13,2,3,0,0,0,0,2,0.5
396,hsqldb,org.hsqldb.scriptio,org.hsqldb.scriptio.ScriptReaderText,1,TRUE,Fred Toussi (fredt@users dot sourceforge.net), 1.7.2, 2.1.1,171,1,38,4,2,0,0,0,0,2,0.5
397,hsqldb,org.hsqldb.scriptio,org.hsqldb.scriptio.ScriptWriterBase,1,TRUE,Fred Toussi (fredt@users dot sourceforge.net), 1.7.2, 2.1.1,231,11,45,0,1,0,0,0,0,0,0
398,hsqldb,org.hsqldb.scriptio,org.hsqldb.scriptio.ScriptWriterEncode,1,TRUE,Fred Toussi (fredt@users dot sourceforge.net), 1.7.2, 1.9.0,76,0,12,2,3,0,0,0,0,6,0.333333
399,hsqldb,org.hsqldb.scriptio,org.hsqldb.scriptio.ScriptWriterText,1,TRUE,Fred Toussi (fredt@users dot sourceforge.net), 1.7.2, 2.0.1,185,1,27,12,2,0,0,0,0,11,0.705882
400,hsqldb,org.hsqldb.server,org.hsqldb.server.HsqlServerFactory,1,TRUE,paul-h@users, 1.7.0, 2.2.0,35,0,5,0,1,0,0,0,0,0,0
401,hsqldb,org.hsqldb.server,org.hsqldb.server.HsqlSocketFactory,1,TRUE,boucherb@users, 1.7.2, 1.7.2,103,2,15,0,1,0,0,0,0,0,0
402,hsqldb,org.hsqldb.server,org.hsqldb.server.HsqlSocketFactorySecure,1,TRUE,Blaine Simpson (blaine dot simpson at admc dot com), 1.7.2, 1.7.2,197,2,23,5,2,0,0,0,0,1,0.454545
403,hsqldb,org.hsqldb.server,org.hsqldb.server.HsqlSocketRequestHandler,1,TRUE,paul-h@users, 1.7.0,1.7,11,0,0,0,0,0,0,0,0,0,0
404,hsqldb,org.hsqldb.server,org.hsqldb.server.OdbcPacketInputStream,1,TRUE,anonymous,null,null,133,1,26,0,2,0,0,0,0,0,0
405,hsqldb,org.hsqldb.server,org.hsqldb.server.OdbcPacketOutputStream,1,TRUE,anonymous,null,null,71,3,11,0,2,0,0,0,0,0,0
406,hsqldb,org.hsqldb.server,org.hsqldb.server.OdbcPreparedStatement,1,FALSE,anonymous,null,null,47,1,7,0,1,0,0,0,0,0,0
407,hsqldb,org.hsqldb.server,org.hsqldb.server.OdbcUtil,1,TRUE,anonymous,null,null,187,0,45,0,1,0,0,0,0,0,0
408,hsqldb,org.hsqldb.server,org.hsqldb.server.PgType,1,TRUE,Blaine Simpson (blaine dot simpson at admc dot com), 1.9.0,null,307,3,95,0,1,0,0,0,0,0,0
409,hsqldb,org.hsqldb.server,org.hsqldb.server.RecoverableOdbcFailure,1,FALSE,anonymous,null,null,40,3,7,0,2,0,0,0,0,0,0
410,hsqldb,org.hsqldb.server,org.hsqldb.server.Server,1,TRUE,anonymous,null,null,1433,27,231,0,1,1,0,0,0,0,0
411,hsqldb,org.hsqldb.server,org.hsqldb.server.Server.ServerThread,1,TRUE,anonymous,null,null,20,0,2,0,2,0,0,0,0,0,0
412,hsqldb,org.hsqldb.server,org.hsqldb.server.ServerAcl,1,TRUE,anonymous,null,null,290,3,48,0,1,0,0,0,0,0,0
413,hsqldb,org.hsqldb.server,org.hsqldb.server.ServerAcl.AclFormatException,1,FALSE,anonymous,null,null,5,0,1,0,2,0,0,0,0,0,0
414,hsqldb,org.hsqldb.server,org.hsqldb.server.ServerAcl.AclEntry,1,FALSE,anonymous,null,null,47,2,12,0,1,0,0,0,0,0,0
415,hsqldb,org.hsqldb.server,org.hsqldb.server.ServerAcl.InternalException,1,FALSE,anonymous,null,null,2,0,0,0,2,0,0,0,0,0,0
416,hsqldb,org.hsqldb.server,org.hsqldb.server.ServerConfiguration,1,TRUE,boucherb@users, 1.7.2, 2.2.7,167,0,32,0,1,0,0,0,0,0,0
417,hsqldb,org.hsqldb.server,org.hsqldb.server.ServerConnection,1,TRUE,anonymous,null,null,1006,5,215,0,1,0,0,0,0,0,0
418,hsqldb,org.hsqldb.server,org.hsqldb.server.ServerConnection.CleanExit,1,FALSE,anonymous,null,null,2,0,0,0,2,0,0,0,0,0,0
419,hsqldb,org.hsqldb.server,org.hsqldb.server.ServerConnection.ClientFailure,1,FALSE,anonymous,null,null,10,1,2,0,2,0,0,0,0,0,0
420,hsqldb,org.hsqldb.server,org.hsqldb.server.ServerConstants,1,TRUE,boucherb@users, 1.7.2, 2.1.1,33,0,0,0,0,0,0,0,0,0,0
421,hsqldb,org.hsqldb.server,org.hsqldb.server.ServerProperties,1,TRUE,Fred Toussi (fredt@users dot sourceforge.net), 1.9.0, 2.2.7,193,1,30,0,2,0,0,0,0,0,0
422,hsqldb,org.hsqldb.server,org.hsqldb.server.Servlet,1,TRUE,Fred Toussi (fredt@users dot sourceforge.net), Hypersonic SQL, 2.0.1,131,0,19,0,2,0,0,0,0,0,0
423,hsqldb,org.hsqldb.server,org.hsqldb.server.StatementPortal,1,FALSE,anonymous,null,null,64,1,11,0,1,0,0,0,0,0,0
424,hsqldb,org.hsqldb.server,org.hsqldb.server.WebServer,1,TRUE,Fred Toussi (fredt@users dot sourceforge.net), 1.7.2, 1.7.2,100,0,13,6,2,0,0,0,1,29,0.857143
425,hsqldb,org.hsqldb.server,org.hsqldb.server.WebServerConnection,1,TRUE,Fred Toussi (fredt@users dot sourceforge.net), Hypersonic SQL, 2.0.1,341,1,50,0,1,0,0,0,0,0,0
426,hsqldb,org.hsqldb,org.hsqldb.Server,1,FALSE,anonymous,null,null,2,0,0,0,2,0,0,0,1,29,0
427,hsqldb,org.hsqldb,org.hsqldb.Session,1,TRUE,Fred Toussi (fredt@users dot sourceforge.net), 1.7.0, 2.2.6,1481,57,329,0,1,1,1,0,0,0,0
428,hsqldb,org.hsqldb,org.hsqldb.SessionContext,1,FALSE,anonymous,null,null,180,5,29,0,1,0,0,0,0,0,0
429,hsqldb,org.hsqldb,org.hsqldb.SessionData,1,FALSE,anonymous,null,null,435,5,98,0,1,0,0,0,0,0,0
430,hsqldb,org.hsqldb,org.hsqldb.SessionInterface,1,TRUE,Fred Toussi (fredt@users dot sourceforge.net), 1.7.2, 2.0.1,58,0,0,0,0,0,0,0,0,0,0
431,hsqldb,org.hsqldb,org.hsqldb.SessionManager,1,TRUE,Fred Toussi (fredt@users dot sourceforge.net), 1.7.2, 2.0.1,155,7,26,0,1,0,0,0,0,0,0
432,hsqldb,org.hsqldb,org.hsqldb.SetFunction,1,TRUE,Fred Toussi (fredt@users dot sourceforge.net), 1.7.2, 2.0.1,439,3,156,0,1,0,0,0,0,0,0
433,hsqldb,org.hsqldb,org.hsqldb.SortAndSlice,1,FALSE,anonymous,null,null,288,7,86,0,1,0,0,0,0,0,0
434,hsqldb,org.hsqldb,org.hsqldb.SqlInvariants,1,TRUE,Fred Toussi (fredt@users dot sourceforge.net), 1.9.0, 2.2.7,87,0,14,0,1,0,0,0,0,0,0
435,hsqldb,org.hsqldb,org.hsqldb.Statement,1,TRUE,Fred Toussi (fredt@users dot sourceforge.net), 1.9.0, 2.0.1,187,18,47,0,1,0,0,0,0,0,0
436,hsqldb,org.hsqldb,org.hsqldb.StatementCommand,1,TRUE,Fred Toussi (fredt@users dot sourceforge.net), 1.9.0, 2.2.8,955,0,214,4,2,0,0,0,0,0,0.5
437,hsqldb,org.hsqldb,org.hsqldb.StatementCompound,1,TRUE,Fred Toussi (fredt@users dot sourceforge.net), 1.9.0, 2.2.7,576,5,168,7,2,0,0,0,0,0,0.269231
438,hsqldb,org.hsqldb,org.hsqldb.StatementCursor,1,TRUE,Fred Toussi (fredt@users dot sourceforge.net), 2.0.1, 2.0.1,43,0,8,1,3,0,0,0,0,0,0.5
439,hsqldb,org.hsqldb,org.hsqldb.StatementDML,1,TRUE,Fred Toussi (fredt@users dot sourceforge.net), 1.9.0, 2.2.7,1023,2,246,3,3,0,0,0,0,0,0.107143
440,hsqldb,org.hsqldb,org.hsqldb.StatementDMQL,1,TRUE,Fred Toussi (fredt@users dot sourceforge.net), 1.7.2, 2.2.7,552,7,115,8,2,0,0,0,0,0,0.25
441,hsqldb,org.hsqldb,org.hsqldb.StatementExpression,1,TRUE,Fred Toussi (fredt@users dot sourceforge.net), 1.9.0, 1.9.0,104,1,27,7,3,0,0,0,0,0,0.7
442,hsqldb,org.hsqldb,org.hsqldb.StatementHandler,1,TRUE,Fred Toussi (fredt@users dot sourceforge.net), 1.9.0, 1.9.0,132,4,34,7,2,0,0,0,0,0,0.466667
443,hsqldb,org.hsqldb,org.hsqldb.StatementInsert,1,TRUE,Fred Toussi (fredt@users dot sourceforge.net), 1.9.0, 2.2.6,109,0,20,2,3,0,0,0,0,0,0.4
444,hsqldb,org.hsqldb,org.hsqldb.StatementManager,1,TRUE,Fred Toussi (fredt@users dot sourceforge.net), 1.7.2, 2.2.6,217,2,33,0,1,0,0,0,0,0,0
445,hsqldb,org.hsqldb,org.hsqldb.StatementProcedure,1,TRUE,Fred Toussi (fredt@users dot sourceforge.net), 1.9.0, 2.0.1,251,1,50,6,3,0,0,0,0,0,0.5
446,hsqldb,org.hsqldb,org.hsqldb.StatementQuery,1,TRUE,Fred Toussi (fredt@users dot sourceforge.net), 1.9.0, 2.1.1,49,0,12,4,3,0,0,0,0,0,0.666667
447,hsqldb,org.hsqldb,org.hsqldb.StatementResultUpdate,1,TRUE,Fred Toussi (fredt@users dot sourceforge.net), 1.9.0, 2.2.7,139,0,26,5,3,0,0,0,0,0,0.714286
448,hsqldb,org.hsqldb,org.hsqldb.StatementSchema,1,TRUE,Fred Toussi (fredt@users dot sourceforge.net), 1.9.0, 2.1.1,1161,1,286,3,2,0,0,0,0,0,0.15
449,hsqldb,org.hsqldb,org.hsqldb.StatementSchemaDefinition,1,TRUE,Fred Toussi (fredt@users dot sourceforge.net), 1.9.0, 2.1.1,139,0,39,3,3,0,0,0,0,0,0.6
450,hsqldb,org.hsqldb,org.hsqldb.StatementSession,1,TRUE,Fred Toussi (fredt@users dot sourceforge.net), 1.9.0, 2.2.6,534,0,157,5,2,0,0,0,0,0,0.555556
451,hsqldb,org.hsqldb,org.hsqldb.StatementSet,1,TRUE,Fred Toussi (fredt@users dot sourceforge.net), 1.9.0, 2.2.6,263,1,54,7,3,0,0,0,0,0,0.466667
452,hsqldb,org.hsqldb,org.hsqldb.StatementSimple,1,TRUE,Fred Toussi (fredt@users dot sourceforge.net), 1.9.0, 2.2.7,127,1,31,6,2,0,0,0,0,0,0.6
453,hsqldb,org.hsqldb,org.hsqldb.StatementTypes,1,FALSE,anonymous,null,null,229,0,0,0,0,0,0,0,0,0,0
454,hsqldb,org.hsqldb.store,org.hsqldb.store.BaseHashMap,1,TRUE,anonymous,null,null,1148,7,251,0,1,0,0,0,0,0,0
455,hsqldb,org.hsqldb.store,org.hsqldb.store.BaseHashMap.ValuesIterator,1,TRUE,anonymous,null,null,39,2,11,0,1,0,0,0,0,0,0
456,hsqldb,org.hsqldb.store,org.hsqldb.store.BaseHashMap.MultiValueKeyIterator,1,FALSE,anonymous,null,null,37,3,11,0,1,0,0,0,0,0,0
457,hsqldb,org.hsqldb.store,org.hsqldb.store.BaseHashMap.BaseHashIterator,1,TRUE,anonymous,null,null,122,7,38,0,1,0,0,0,0,0,0
458,hsqldb,org.hsqldb.store,org.hsqldb.store.BitMap,1,TRUE,Fred Toussi (fredt@users dot sourceforge.net), 1.8.0, 1.9.0,355,4,89,0,1,0,0,0,0,0,0
459,hsqldb,org.hsqldb.store,org.hsqldb.store.HashIndex,1,TRUE,Fred Toussi (fredt@users dot sourceforge.net), 1.7.2, 1.9.0,162,2,25,0,1,0,0,0,0,0,0
460,hsqldb,org.hsqldb.store,org.hsqldb.store.ReusableObjectCache,1,FALSE,anonymous,null,null,22,0,7,0,1,0,0,0,0,0,0
461,hsqldb,org.hsqldb.store,org.hsqldb.store.ValuePool,1,TRUE,Fred Toussi (fredt@users dot sourceforge.net), 1.7.2, 1.9.0,125,4,21,0,1,0,0,0,0,0,0
462,hsqldb,org.hsqldb.store,org.hsqldb.store.ValuePoolHashMap,1,TRUE,Fred Toussi (fredt@users dot sourceforge.net), 1.7.2, 1.9.0,236,0,50,0,2,0,0,0,1,44,0
463,hsqldb,org.hsqldb,org.hsqldb.SubQuery,1,TRUE,Fred Toussi (fredt@users dot sourceforge.net),null,null,228,7,54,0,1,0,0,0,0,0,0
464,hsqldb,org.hsqldb,org.hsqldb.Table,1,TRUE,Fred Toussi (fredt@users dot sourceforge.net), 1.6.1, 2.2.7,1997,30,542,4,2,1,1,1,0,8,0.0254777
465,hsqldb,org.hsqldb,org.hsqldb.TableBase,1,TRUE,Fred Toussi (fredt@users dot sourceforge.net), 1.7.2, 2.2.7,346,16,73,0,1,0,0,0,0,0,0
466,hsqldb,org.hsqldb,org.hsqldb.TableDerived,1,TRUE,Fred Toussi (fredt@users dot sourceforge.net), 1.9.0, 2.2.7,74,6,25,10,3,0,0,0,0,4,0.769231
467,hsqldb,org.hsqldb,org.hsqldb.TableUtil,1,FALSE,anonymous,null,null,39,0,10,0,1,0,0,0,0,0,0
468,hsqldb,org.hsqldb,org.hsqldb.TableWorks,1,TRUE,Fred Toussi (fredt@users dot sourceforge.net), 1.7.0, 2.0.1,799,2,169,0,1,0,0,0,0,0,0
469,hsqldb,org.hsqldb.test,org.hsqldb.test.AbstractTestOdbc,1,TRUE,anonymous,null,null,129,3,20,0,2,0,0,0,0,0,0
470,hsqldb,org.hsqldb.test,org.hsqldb.test.AllSimpleTests,1,FALSE,anonymous,null,null,31,1,5,0,1,0,0,0,0,0,0
471,hsqldb,org.hsqldb.test,org.hsqldb.test.AllTests,1,FALSE,anonymous,null,null,41,0,3,0,2,0,0,0,0,0,0
472,hsqldb,org.hsqldb.test,org.hsqldb.test.BlaineTrig,1,FALSE,anonymous,null,null,8,0,2,0,1,0,0,0,0,0,0
473,hsqldb,org.hsqldb.test,org.hsqldb.test.ClearTests,1,FALSE,anonymous,null,null,15,0,1,0,1,0,0,0,0,0,0
474,hsqldb,org.hsqldb.test,org.hsqldb.test.HSQLBug,1,FALSE,anonymous,null,null,39,0,2,0,1,0,0,0,0,0,0
475,hsqldb,org.hsqldb.test,org.hsqldb.test.HsqldbTestCase,1,TRUE,Julien Blaize, 8 august 2006,null,80,0,12,0,1,0,0,0,0,0,0
476,hsqldb,org.hsqldb.test,org.hsqldb.test.JDBCBench,1,FALSE,anonymous,null,null,801,3,110,0,1,0,0,0,0,0,0
477,hsqldb,org.hsqldb.test,org.hsqldb.test.JDBCBench.ClientThread,1,FALSE,anonymous,null,null,173,1,24,0,2,0,0,0,0,0,0
478,hsqldb,org.hsqldb.test,org.hsqldb.test.JDBCBench.MemoryWatcherThread,1,FALSE,anonymous,null,null,36,4,8,0,2,0,0,0,0,0,0
479,hsqldb,org.hsqldb.test,org.hsqldb.test.TestAcl,1,FALSE,anonymous,null,null,231,13,41,0,2,0,0,0,0,0,0
480,hsqldb,org.hsqldb.test,org.hsqldb.test.TestAllTypes,1,TRUE,Fred Toussi (fredt@users dot sourceforge.net),null,null,258,5,50,0,1,0,0,0,0,0,0
481,hsqldb,org.hsqldb.test,org.hsqldb.test.TestAnother,1,FALSE,anonymous,null,null,42,1,5,0,1,0,0,0,0,0,0
482,hsqldb,org.hsqldb.test,org.hsqldb.test.TestBase,1,TRUE,boucherb@users, 1.7.2, 1.7.2,83,3,17,0,2,0,0,0,0,0,0
483,hsqldb,org.hsqldb.test,org.hsqldb.test.TestBatchBug,1,FALSE,anonymous,null,null,127,0,14,0,1,0,0,0,0,0,0
484,hsqldb,org.hsqldb.test,org.hsqldb.test.TestBatchExecution,1,TRUE,Campbell Boucher-Burnet (boucherb@users dot sourceforge.net), 1.7.2, 1.9.0,229,2,21,0,3,0,0,0,0,2,0
485,hsqldb,org.hsqldb.test,org.hsqldb.test.TestBench,1,FALSE,anonymous,null,null,720,3,78,0,1,0,0,0,0,0,0
486,hsqldb,org.hsqldb.test,org.hsqldb.test.TestBench.ClientThread,1,FALSE,anonymous,null,null,121,2,18,0,2,0,0,0,0,0,0
487,hsqldb,org.hsqldb.test,org.hsqldb.test.TestBench.ClientThreadProcedure,1,FALSE,anonymous,null,null,84,2,14,0,2,0,0,0,0,0,0
488,hsqldb,org.hsqldb.test,org.hsqldb.test.TestBench.MemoryWatcherThread,1,FALSE,anonymous,null,null,36,4,8,0,2,0,0,0,0,0,0
489,hsqldb,org.hsqldb.test,org.hsqldb.test.TestBug1191815,1,TRUE,Antranig Basman (antranig@caret.cam.ac.uk),null,null,57,0,5,0,3,0,0,0,0,2,0
490,hsqldb,org.hsqldb.test,org.hsqldb.test.TestBug778213,1,TRUE,boucherb@users, 1.7.2, 1.7.2,115,0,11,0,3,0,0,0,0,2,0
491,hsqldb,org.hsqldb.test,org.hsqldb.test.TestBug785429,1,TRUE,boucherb@users,null,null,78,0,7,0,3,0,0,0,0,2,0
492,hsqldb,org.hsqldb.test,org.hsqldb.test.TestBug808460,1,TRUE,boucherb@users, 1.7.2, 1.7.2,36,0,4,0,3,0,0,0,0,2,0
493,hsqldb,org.hsqldb.test,org.hsqldb.test.TestCacheSize,1,TRUE,Fred Toussi (fredt@users dot sourceforge.net), 1.7.0, 1.8.0,612,16,115,0,1,1,0,0,0,0,0
494,hsqldb,org.hsqldb.test,org.hsqldb.test.TestCascade,1,TRUE,David Kopp,null,1,79,3,12,0,2,0,0,0,0,0,0
495,hsqldb,org.hsqldb.test,org.hsqldb.test.TestCollation,1,TRUE,frank.schoenheit@sun.com,null,null,147,3,26,2,3,0,0,0,0,2,0.25
496,hsqldb,org.hsqldb.test,org.hsqldb.test.TestDatabaseMetaData,1,FALSE,anonymous,null,null,171,0,21,0,3,0,0,0,0,2,0
497,hsqldb,org.hsqldb.test,org.hsqldb.test.TestDataStructures,1,TRUE,dnordahl@users,null,null,359,2,76,0,2,0,0,0,0,0,0
498,hsqldb,org.hsqldb.test,org.hsqldb.test.TestDateTime,1,TRUE,Miro Halas,null,null,143,0,6,1,3,0,0,0,0,2,0.2
499,hsqldb,org.hsqldb.test,org.hsqldb.test.TestDatetimeSimple,1,TRUE,anonymous,null,null,118,0,7,0,2,0,0,0,0,0,0
500,hsqldb,org.hsqldb.test,org.hsqldb.test.TestDbBackup,1,FALSE,anonymous,null,null,383,7,64,0,2,0,0,0,0,0,0
501,hsqldb,org.hsqldb.test,org.hsqldb.test.TestDima,1,FALSE,anonymous,null,null,108,0,8,0,1,0,0,0,0,0,0
502,hsqldb,org.hsqldb.test,org.hsqldb.test.TestGroupByHaving,1,TRUE,Tony Lai,null,null,153,3,28,0,2,0,0,0,0,0,0
503,hsqldb,org.hsqldb.test,org.hsqldb.test.TestHarness,1,TRUE,Carl,null,null,169,2,21,0,2,0,0,0,0,0,0
504,hsqldb,org.hsqldb.test,org.hsqldb.test.TestHashStructures,1,TRUE,Fred Toussi (fredt@users dot sourceforge.net),null,null,363,1,71,0,2,0,0,0,0,0,0
505,hsqldb,org.hsqldb.test,org.hsqldb.test.TestHSQLDB,1,TRUE,Diego Ballve,null,null,43,0,5,0,1,0,0,0,0,0,0
506,hsqldb,org.hsqldb.test,org.hsqldb.test.TestINPredicateParameterizationAndCorrelation,1,TRUE,boucherb@users, 1.7.2, 1.9.0,107,0,5,0,3,0,0,0,0,2,0
507,hsqldb,org.hsqldb.test,org.hsqldb.test.TestInstantiation,1,TRUE,Fred Toussi (fredt@users dot sourceforge.net),null, 1.7.0,31,0,5,0,1,0,0,0,0,0,0
508,hsqldb,org.hsqldb.test,org.hsqldb.test.TestJavaFunctions,1,FALSE,anonymous,null,null,102,0,18,1,3,0,0,0,0,2,0.1
509,hsqldb,org.hsqldb.test,org.hsqldb.test.TestJDBCGeneratedColumns,1,FALSE,anonymous,null,null,64,0,8,0,3,0,0,0,0,2,0
510,hsqldb,org.hsqldb.test,org.hsqldb.test.TestJDBCSavepoints,1,TRUE,Fred Toussi (fredt@users dot sourceforge.net), 1.7.2, 1.7.2,303,4,34,0,2,0,0,0,0,0,0
511,hsqldb,org.hsqldb.test,org.hsqldb.test.TestKarl,1,TRUE,karl, 1.7.2, 1.7.2,183,0,22,0,1,0,0,0,0,0,0
512,hsqldb,org.hsqldb.test,org.hsqldb.test.TestLibSpeed,1,TRUE,Fred Toussi (fredt@users dot sourceforge.net), 1.7.2, 1.7.2,99,1,17,0,1,0,0,0,0,0,0
513,hsqldb,org.hsqldb.test,org.hsqldb.test.TestLikePredicateOptimizations,1,TRUE,boucherb@users, 1.7.2, 1.9.0,166,0,9,0,3,0,0,0,0,2,0
514,hsqldb,org.hsqldb.test,org.hsqldb.test.TestLobs,1,FALSE,anonymous,null,null,516,12,66,2,3,0,0,0,0,2,0.153846
515,hsqldb,org.hsqldb.test,org.hsqldb.test.TestMerge,1,TRUE,Justin Spadea,null,null,208,3,33,2,3,0,0,0,0,2,0.117647
516,hsqldb,org.hsqldb.test,org.hsqldb.test.TestMultiInsert,1,TRUE,Justin Spadea,null,null,84,3,12,2,3,0,0,0,0,2,0.333333
517,hsqldb,org.hsqldb.test,org.hsqldb.test.TestMultipleConnections,1,FALSE,anonymous,null,null,41,0,5,0,1,0,0,0,0,0,0
518,hsqldb,org.hsqldb.test,org.hsqldb.test.TestNitin,1,TRUE,Nitin Chauhan,null,null,54,0,12,0,1,0,0,0,0,0,0
519,hsqldb,org.hsqldb.test,org.hsqldb.test.TestNullInUnion,1,FALSE,anonymous,null,null,32,0,1,0,2,0,0,0,0,0,0
520,hsqldb,org.hsqldb.test,org.hsqldb.test.TestObjectSize,1,FALSE,anonymous,null,null,27,0,4,0,1,0,0,0,0,0,0
521,hsqldb,org.hsqldb.test,org.hsqldb.test.TestOdbcService,1,TRUE,anonymous,null,null,283,0,24,1,3,0,0,0,0,8,0.0588235
522,hsqldb,org.hsqldb.test,org.hsqldb.test.TestOdbcTypes,1,TRUE,anonymous,null,null,1273,4,191,1,3,0,0,0,0,8,0.025
523,hsqldb,org.hsqldb.test,org.hsqldb.test.TestPreparedStatements,1,TRUE,anonymous,null,null,100,2,15,0,2,0,0,0,0,0,0
524,hsqldb,org.hsqldb.test,org.hsqldb.test.TestPreparedStatements.sqlStmt,1,FALSE,anonymous,null,null,25,0,3,0,1,0,0,0,0,0,0
525,hsqldb,org.hsqldb.test,org.hsqldb.test.TestPreparedSubQueries,1,TRUE,anonymous,null,null,167,4,24,0,2,0,0,0,0,0,0
526,hsqldb,org.hsqldb.test,org.hsqldb.test.TestPreparedSubQueries.sqlStmt,1,FALSE,anonymous,null,null,10,0,1,0,1,0,0,0,0,0,0
527,hsqldb,org.hsqldb.test,org.hsqldb.test.TestQuotes,1,TRUE,"<a href=""mailto:jvanzyl@zenplex.com"">Jason van Zyl</a>",null,null,94,1,14,0,2,0,0,0,0,0,0
528,hsqldb,org.hsqldb.test,org.hsqldb.test.TestSchemaParse,1,FALSE,anonymous,null,null,567,6,43,0,2,0,0,0,0,0,0
529,hsqldb,org.hsqldb.test,org.hsqldb.test.TestScript,1,FALSE,anonymous,null,null,17,1,3,0,3,0,0,0,0,2,0
530,hsqldb,org.hsqldb.test,org.hsqldb.test.TestScriptRunner,1,TRUE,anonymous,null,null,237,2,49,0,1,0,0,0,0,0,0
531,hsqldb,org.hsqldb.test,org.hsqldb.test.TestScriptRunner.ScriptRun,1,FALSE,anonymous,null,null,52,3,10,0,2,0,0,0,0,0,0
532,hsqldb,org.hsqldb.test,org.hsqldb.test.TestScripts,1,TRUE,Blaine Simpson (blaine dot simpson at admc dot com),null,null,113,0,27,1,2,0,0,0,0,1,0.333333
533,hsqldb,org.hsqldb.test,org.hsqldb.test.TestSql,1,TRUE,Fred Toussi (fredt@users dot sourceforge.net),null,null,595,10,69,2,3,0,0,0,0,2,0.153846
534,hsqldb,org.hsqldb.test,org.hsqldb.test.TestSqlPersistent,1,TRUE,Fred Toussi (fredt@users dot sourceforge.net),null,null,315,4,31,0,2,0,0,0,0,0,0
535,hsqldb,org.hsqldb.test,org.hsqldb.test.TestStoredProcedure,1,TRUE,Fred Toussi (fredt@users dot sourceforge.net), 2.0.1, 2.0.1,311,0,30,0,3,0,0,0,0,2,0
536,hsqldb,org.hsqldb.test,org.hsqldb.test.TestStressInsert,1,TRUE,anonymous,null,null,119,4,14,0,1,0,0,0,0,0,0
537,hsqldb,org.hsqldb.test,org.hsqldb.test.TestSubQueriesInPreparedStatements,1,TRUE,boucherb@users,null,null,76,0,10,0,1,0,0,0,0,0,0
538,hsqldb,org.hsqldb.test,org.hsqldb.test.TestSubselect,1,TRUE,"David Moles Apr 30, 2002",null,null,206,19,24,0,2,0,0,0,0,0,0
539,hsqldb,org.hsqldb.test,org.hsqldb.test.TestTextTable,1,TRUE,anonymous,null,null,302,6,30,2,3,0,0,0,0,2,0.133333
540,hsqldb,org.hsqldb.test,org.hsqldb.test.TestTextTable.TextTableDescriptor,1,FALSE,anonymous,null,null,75,7,15,0,1,0,0,0,0,0,0
541,hsqldb,org.hsqldb.test,org.hsqldb.test.TestTextTables,1,FALSE,anonymous,null,null,153,0,17,1,3,0,0,0,0,2,0.0833333
542,hsqldb,org.hsqldb.test,org.hsqldb.test.TestTriggers,1,TRUE,fredt,null,null,109,5,19,2,3,0,0,0,0,2,0.181818
543,hsqldb,org.hsqldb.test,org.hsqldb.test.TestTypeConversion,1,FALSE,anonymous,null,null,119,4,12,1,3,0,0,0,0,2,0.2
544,hsqldb,org.hsqldb.test,org.hsqldb.test.TestUpdatableResults,1,FALSE,anonymous,null,null,41,0,5,0,3,0,0,0,0,2,0
545,hsqldb,org.hsqldb.test,org.hsqldb.test.TestUpdatableResultSets,1,FALSE,anonymous,null,null,103,3,16,1,3,0,0,0,0,2,0.25
546,hsqldb,org.hsqldb.test,org.hsqldb.test.TestUtil,1,TRUE,anonymous,null,null,246,0,51,0,1,0,0,0,0,0,0
547,hsqldb,org.hsqldb.test,org.hsqldb.test.ParsedSection,1,TRUE,anonymous,null,null,148,4,25,0,1,0,0,0,0,0,0
548,hsqldb,org.hsqldb.test,org.hsqldb.test.ResultSetParsedSection,1,TRUE,anonymous,null,null,77,2,17,2,2,0,0,0,1,12,0.5
549,hsqldb,org.hsqldb.test,org.hsqldb.test.ResultSetOutputParsedSection,1,TRUE,anonymous,null,null,50,1,10,2,2,0,0,0,1,12,0.5
550,hsqldb,org.hsqldb.test,org.hsqldb.test.UpdateParsedSection,1,TRUE,anonymous,null,null,35,1,7,2,2,0,0,0,1,12,0.5
551,hsqldb,org.hsqldb.test,org.hsqldb.test.WaitSection,1,FALSE,anonymous,null,null,61,1,13,2,2,0,0,0,1,12,0.666667
552,hsqldb,org.hsqldb.test,org.hsqldb.test.ProceedSection,1,FALSE,anonymous,null,null,45,1,9,2,2,0,0,0,1,12,0.666667
553,hsqldb,org.hsqldb.test,org.hsqldb.test.SilentParsedSection,1,TRUE,anonymous,null,null,20,0,4,2,2,0,0,0,1,12,0.666667
554,hsqldb,org.hsqldb.test,org.hsqldb.test.CountParsedSection,1,TRUE,anonymous,null,null,43,1,9,2,2,0,0,0,1,12,0.5
555,hsqldb,org.hsqldb.test,org.hsqldb.test.ExceptionParsedSection,1,TRUE,anonymous,null,null,35,1,9,2,2,0,0,0,1,12,0.666667
556,hsqldb,org.hsqldb.test,org.hsqldb.test.BlankParsedSection,1,TRUE,anonymous,null,null,12,1,2,1,2,0,0,0,1,12,0.5
557,hsqldb,org.hsqldb.test,org.hsqldb.test.IgnoreParsedSection,1,TRUE,anonymous,null,null,12,0,2,1,2,0,0,0,1,12,0.5
558,hsqldb,org.hsqldb.test,org.hsqldb.test.DisplaySection,1,TRUE,anonymous,null,null,24,1,6,1,2,0,0,0,1,12,0.5
559,hsqldb,org.hsqldb.test,org.hsqldb.test.TestUtil.TestRuntimeException,1,FALSE,anonymous,null,null,11,0,3,0,2,0,0,0,0,0,0
560,hsqldb,org.hsqldb.test,org.hsqldb.test.TestViewAsterisks,1,TRUE,frank.schoenheit@sun.com,null,null,244,0,38,2,3,0,0,0,0,2,0.0952381
561,hsqldb,org.hsqldb.test,org.hsqldb.test.TriggerClass,1,FALSE,anonymous,null,null,8,0,1,0,1,0,0,0,0,0,0
562,hsqldb,org.hsqldb.test,org.hsqldb.test.Waiter,1,TRUE,anonymous,null,null,62,2,14,0,1,0,0,0,0,0,0
563,hsqldb,org.hsqldb,org.hsqldb.TextTable,1,TRUE,Bob Preston (sqlbob@users dot sourceforge.net),null, 2.2.7,220,5,49,6,3,0,0,0,0,4,0.315789
564,hsqldb,org.hsqldb,org.hsqldb.Token,1,FALSE,anonymous,null,null,195,4,34,0,1,0,0,0,0,0,0
565,hsqldb,org.hsqldb,org.hsqldb.Tokens,1,TRUE,Fred Toussi (fredt@users dot sourceforge.net), 1.7.2, 2.2.7,2366,0,9,0,1,0,0,0,0,0,0
566,hsqldb,org.hsqldb,org.hsqldb.TransactionManager,1,TRUE,Fred Toussi (fredt@users dot sourceforge.net), 2.0.0, 2.2.7,43,0,0,0,0,0,0,0,0,0,0
567,hsqldb,org.hsqldb,org.hsqldb.TransactionManager2PL,1,TRUE,Fred Toussi (fredt@users dot sourceforge.net), 2.0.0, 2.0.1,200,0,42,1,2,0,0,0,0,0,0.0434783
568,hsqldb,org.hsqldb,org.hsqldb.TransactionManagerCommon,1,TRUE,Fred Toussi (fredt@users dot sourceforge.net), 2.0.0, 2.2.7,538,3,138,0,1,0,0,0,0,0,0
569,hsqldb,org.hsqldb,org.hsqldb.TransactionManagerMV2PL,1,TRUE,Fred Toussi (fredt@users dot sourceforge.net), 2.0.0, 2.0.1,308,0,54,1,2,0,0,0,0,0,0.04
570,hsqldb,org.hsqldb,org.hsqldb.TransactionManagerMVCC,1,TRUE,Fred Toussi (fredt@users dot sourceforge.net), 2.0.0, 2.0.1,585,0,115,2,2,0,0,0,0,0,0.0666667
571,hsqldb,org.hsqldb,org.hsqldb.Trigger,1,TRUE,Peter Hudson, 1.7.0, 1.9.0,27,0,0,0,0,0,0,0,0,0,0
572,hsqldb,org.hsqldb,org.hsqldb.TriggerDef,1,TRUE,anonymous,null,null,441,29,97,0,1,1,0,0,0,0,0
573,hsqldb,org.hsqldb,org.hsqldb.TriggerDef.TriggerData,1,TRUE,anonymous,null,null,13,0,1,0,1,0,0,0,0,0,0
574,hsqldb,org.hsqldb,org.hsqldb.TriggerDef.DefaultTrigger,1,FALSE,anonymous,null,null,4,0,1,0,1,0,0,0,0,0,0
575,hsqldb,org.hsqldb,org.hsqldb.TriggerDefSQL,1,TRUE,Fred Toussi (fredt@users dot sourceforge.net), 1.9.0, 2.0.1,52,0,13,8,2,0,0,0,0,4,0.888889
576,hsqldb,org.hsqldb,org.hsqldb.TypeInvariants,1,FALSE,anonymous,null,null,63,0,0,0,1,0,0,0,0,0,0
577,hsqldb,org.hsqldb.types,org.hsqldb.types.ArrayType,1,TRUE,Fred Toussi (fredt@users dot sourceforge.net), 2.0.0, 2.2.1,329,6,90,29,2,0,0,0,0,0,0.90625
578,hsqldb,org.hsqldb.types,org.hsqldb.types.BinaryData,1,TRUE,Fred Toussi (fredt@users dot sourceforge.net), 1.7.2, 2.0.1,172,4,48,0,1,0,0,0,0,0,0
579,hsqldb,org.hsqldb.types,org.hsqldb.types.BinaryType,1,TRUE,Fred Toussi (fredt@users dot sourceforge.net), 1.9.0, 2.0.1,495,1,173,25,2,0,0,0,0,0,0.735294
580,hsqldb,org.hsqldb.types,org.hsqldb.types.BitType,1,TRUE,Fred Toussi (fredt@users dot sourceforge.net), 1.9.0, 2.2.1,382,1,125,46,3,0,0,0,0,1,1.58621
581,hsqldb,org.hsqldb.types,org.hsqldb.types.BlobData,1,TRUE,Fred Toussi (fredt@users dot sourceforge.net), 1.9.0, 1.9.0,30,0,0,0,0,0,0,0,0,0,0
582,hsqldb,org.hsqldb.types,org.hsqldb.types.BlobDataID,1,TRUE,Fred Toussi (fredt@users dot sourceforge.net), 1.9.0, 2.2.6,147,2,40,0,1,0,0,0,0,0,0
583,hsqldb,org.hsqldb.types,org.hsqldb.types.BlobInputStream,1,TRUE,Fred Toussi (fredt@users dot sourceforge.net), 1.9.0, 2.0.1,81,5,19,0,2,0,0,0,0,0,0
584,hsqldb,org.hsqldb.types,org.hsqldb.types.BlobType,1,TRUE,Fred Toussi (fredt@users dot sourceforge.net), 1.9.0, 2.0.1,149,1,42,38,3,0,0,0,0,1,1.80952
585,hsqldb,org.hsqldb.types,org.hsqldb.types.BooleanType,1,TRUE,Fred Toussi (fredt@users dot sourceforge.net), 1.9.0, 2.2.1,190,1,69,19,2,0,0,0,0,0,0.904762
586,hsqldb,org.hsqldb.types,org.hsqldb.types.CharacterType,1,TRUE,Fred Toussi (fredt@users dot sourceforge.net), 1.9.0, 2.2.3,823,6,269,31,2,0,0,0,0,0,0.632653
587,hsqldb,org.hsqldb.types,org.hsqldb.types.Charset,1,TRUE,Fred Toussi (fredt@users dot sourceforge.net), 1.9.0, 2.0.1,86,6,21,0,1,0,0,0,0,0,0
588,hsqldb,org.hsqldb.types,org.hsqldb.types.ClobData,1,TRUE,Fred Toussi (fredt@users dot sourceforge.net), 1.9.0, 1.9.0,25,0,0,0,0,0,0,0,0,0,0
589,hsqldb,org.hsqldb.types,org.hsqldb.types.ClobDataID,1,TRUE,Fred Toussi (fredt@users dot sourceforge.net), 1.9.0, 2.2.6,147,2,40,0,1,0,0,0,0,0,0
590,hsqldb,org.hsqldb.types,org.hsqldb.types.ClobInputStream,1,TRUE,Fred Toussi (fredt@users dot sourceforge.net), 1.9.0, 2.0.1,94,5,22,0,2,0,0,0,0,0,0
591,hsqldb,org.hsqldb.types,org.hsqldb.types.ClobType,1,TRUE,Fred Toussi (fredt@users dot sourceforge.net), 1.9.0, 2.0.1,136,1,36,27,3,0,0,0,0,0,1.6875
592,hsqldb,org.hsqldb.types,org.hsqldb.types.Collation,1,TRUE,Fred Toussi (fredt@users dot sourceforge.net), 1.8.0, 2.0.1,294,13,42,0,1,0,0,0,0,0,0
593,hsqldb,org.hsqldb.types,org.hsqldb.types.DateTimeType,1,TRUE,Fred Toussi (fredt@users dot sourceforge.net), 1.9.0, 2.2.7,1166,4,355,28,3,0,0,0,0,2,0.583333
594,hsqldb,org.hsqldb.types,org.hsqldb.types.DTIType,1,TRUE,Fred Toussi (fredt@users dot sourceforge.net), 1.9.0, 2.0.1,287,2,98,0,2,0,0,0,0,0,0
595,hsqldb,org.hsqldb.types,org.hsqldb.types.IntervalMonthData,1,TRUE,Fred Toussi (fredt@users dot sourceforge.net), 1.9.0, 1.9.0,48,1,13,0,1,0,0,0,0,0,0
596,hsqldb,org.hsqldb.types,org.hsqldb.types.IntervalSecondData,1,TRUE,Fred Toussi (fredt@users dot sourceforge.net), 1.9.0, 1.9.0,96,3,25,0,1,0,0,0,0,0,0
597,hsqldb,org.hsqldb.types,org.hsqldb.types.IntervalType,1,TRUE,Fred Toussi (fredt@users dot sourceforge.net), 1.9.0, 2.2.1,1132,0,448,34,3,0,0,0,0,2,0.607143
598,hsqldb,org.hsqldb.types,org.hsqldb.types.JavaObjectData,1,TRUE,Fred Toussi (fredt@users dot sourceforge.net), 1.7.2, 2.0.1,58,3,11,0,1,0,0,0,0,0,0
599,hsqldb,org.hsqldb.types,org.hsqldb.types.LobData,1,TRUE,Fred Toussi (fredt@users dot sourceforge.net), 1.9.0, 1.9.0,13,0,0,0,0,0,0,0,0,0,0
600,hsqldb,org.hsqldb.types,org.hsqldb.types.NullType,1,TRUE,Fred Toussi (fredt@users dot sourceforge.net), 1.9.0, 2.0.1,60,1,17,15,2,0,0,0,0,0,0.882353
601,hsqldb,org.hsqldb.types,org.hsqldb.types.NumberType,1,TRUE,Fred Toussi (fredt@users dot sourceforge.net), 1.9.0, 2.2.6,1503,5,566,37,2,0,0,1,0,0,0.616667
602,hsqldb,org.hsqldb.types,org.hsqldb.types.OtherType,1,TRUE,Fred Toussi (fredt@users dot sourceforge.net), 1.9.0, 2.0.1,105,1,33,18,2,0,0,0,0,0,0.857143
603,hsqldb,org.hsqldb.types,org.hsqldb.types.RowType,1,TRUE,Fred Toussi (fredt@users dot sourceforge.net), 2.0.0, 2.0.0,304,2,88,22,2,0,0,0,0,0,0.88
604,hsqldb,org.hsqldb.types,org.hsqldb.types.TimeData,1,TRUE,Fred Toussi (fredt@users dot sourceforge.net), 1.9.0, 1.9.0,53,4,14,0,1,0,0,0,0,0,0
605,hsqldb,org.hsqldb.types,org.hsqldb.types.TimestampData,1,TRUE,Fred Toussi (fredt@users dot sourceforge.net), 1.9.0, 1.9.0,54,4,13,0,1,0,0,0,0,0,0
606,hsqldb,org.hsqldb.types,org.hsqldb.types.Type,1,TRUE,anonymous,null,null,743,15,216,0,1,0,0,0,0,0,0
607,hsqldb,org.hsqldb.types,org.hsqldb.types.Type.TypedComparator,1,FALSE,anonymous,null,null,16,0,3,0,1,0,0,0,0,0,0
608,hsqldb,org.hsqldb.types,org.hsqldb.types.Types,1,TRUE,boucherb@users, 1.7.2, 2.0.1,432,0,66,0,1,0,0,0,0,0,0
609,hsqldb,org.hsqldb.types,org.hsqldb.types.UserTypeModifier,1,TRUE,Fred Toussi (fredt@users dot sourceforge.net), 1.9.0, 1.9.0,132,13,33,0,1,0,0,0,0,0,0
610,hsqldb,org.hsqldb.util,org.hsqldb.util.CodeSwitcher,1,TRUE,Thomas Mueller (Hypersonic SQL Group), Hypersonic SQL, 1.7.0,318,4,74,0,1,0,0,0,0,0,0
611,hsqldb,org.hsqldb.util,org.hsqldb.util.CommonSwing,1,TRUE,Bob Preston (sqlbob@users dot sourceforge.net), 1.7.0, 1.7.2,97,0,24,0,1,0,0,0,0,0,0
612,hsqldb,org.hsqldb.util,org.hsqldb.util.ConnectionDialog,1,TRUE,Thomas Mueller (Hypersonic SQL Group), Hypersonic SQL, 1.7.2,211,1,23,0,2,0,0,0,0,0,0
613,hsqldb,org.hsqldb.util,org.hsqldb.util.ConnectionDialogCommon,1,TRUE,Thomas Mueller (Hypersonic SQL Group), 1.7.0, 1.7.2,142,4,31,0,1,0,0,0,0,0,0
614,hsqldb,org.hsqldb.util,org.hsqldb.util.ConnectionDialogSwing,1,TRUE,dmarshall@users, 1.7.0, 1.7.2,232,2,28,0,2,0,0,0,0,0,0
615,hsqldb,org.hsqldb.util,org.hsqldb.util.ConnectionSetting,1,TRUE,lonbinder@users,null,null,47,5,13,0,1,0,0,0,0,0,0
616,hsqldb,org.hsqldb.util,org.hsqldb.util.CSVWriter,1,TRUE,jeberle@users,null,null,70,1,12,0,1,0,0,0,0,0,0
617,hsqldb,org.hsqldb.util,org.hsqldb.util.DataAccessPoint,1,TRUE,"Nicolas BAZIN, INGENICO",null, 1.7.0,79,4,21,0,1,0,0,0,0,0,0
618,hsqldb,org.hsqldb.util,org.hsqldb.util.DataAccessPointException,1,TRUE,"Nicolas BAZIN, INGENICO",null, 1.7.0,12,0,2,0,2,0,0,0,0,0,0
619,hsqldb,org.hsqldb.util,org.hsqldb.util.DatabaseManager,1,TRUE,Thomas Mueller (Hypersonic SQL Group), Hypersonic SQL, 2.2.1,970,11,193,0,2,0,0,0,0,0,0
620,hsqldb,org.hsqldb.util,org.hsqldb.util.DatabaseManagerCommon,1,TRUE,Bob Preston (sqlbob@users dot sourceforge.net), 1.7.0, 1.8.0,128,0,23,0,1,0,0,0,0,0,0
621,hsqldb,org.hsqldb.util,org.hsqldb.util.DatabaseManagerSwing,1,TRUE,anonymous,null,null,2017,23,325,0,2,1,0,0,0,0,0
622,hsqldb,org.hsqldb.util,org.hsqldb.util.DatabaseManagerSwing.StatementExecRunnable,1,FALSE,anonymous,null,null,23,1,3,0,1,0,0,0,0,0,0
623,hsqldb,org.hsqldb.util,org.hsqldb.util.DatabaseManagerSwing.PopupListener,1,FALSE,anonymous,null,null,125,1,23,0,1,0,0,0,0,0,0
624,hsqldb,org.hsqldb.util,org.hsqldb.util.DatabaseManagerSwing.DBMPrefs,1,TRUE,anonymous,null,null,120,2,30,0,1,0,0,0,0,0,0
625,hsqldb,org.hsqldb.util,org.hsqldb.util.FontDialogSwing,1,FALSE,anonymous,null,null,167,2,11,0,2,0,0,0,0,0,0
626,hsqldb,org.hsqldb.util,org.hsqldb.util.Grid,1,TRUE,Thomas Mueller (Hypersonic SQL Group), Hypersonic SQL, 1.8.0,360,8,58,0,2,0,0,0,0,0,0
627,hsqldb,org.hsqldb.util,org.hsqldb.util.GridSwing,1,TRUE,dmarshall@users, 1.7.0, 1.7.2,132,6,26,0,2,0,0,0,0,0,0
628,hsqldb,org.hsqldb.util,org.hsqldb.util.HelperFactory,1,TRUE,"Nicolas BAZIN, INGENICO", 1.7.0, 1.7.0,34,0,9,0,1,0,0,0,0,0,0
629,hsqldb,org.hsqldb.util,org.hsqldb.util.HsqldbTransferHelper,1,TRUE,Bob Preston (sqlbob@users dot sourceforge.net),null, 1.7.0,42,0,11,6,2,0,0,0,0,4,0.75
630,hsqldb,org.hsqldb.util,org.hsqldb.util.InformixTransferHelper,1,TRUE,Nichola Bazin,null, 1.7.0,38,0,9,3,2,0,0,0,0,4,0.6
631,hsqldb,org.hsqldb.util,org.hsqldb.util.JDBCTypes,1,TRUE,Nicolas BAZIN,null, 1.7.0,88,2,4,0,1,0,0,0,0,0,0
632,hsqldb,org.hsqldb.util,org.hsqldb.util.MainInvoker,1,TRUE,Blaine Simpson (blaine dot simpson at admc dot com),    HSQLDB 1.8.0,"  $Revision: 4141 $, $Date: 2011-03-13 21:35:49 -0400 (Sun, 13 Mar 2011) $",66,1,11,0,1,0,0,0,0,0,0
633,hsqldb,org.hsqldb.util,org.hsqldb.util.McKoiTransferHelper,1,TRUE,Bob Preston (sqlbob@users dot sourceforge.net),null, 1.7.0,29,0,7,3,2,0,0,0,0,4,0.6
634,hsqldb,org.hsqldb.util,org.hsqldb.util.OracleTransferHelper,1,TRUE,Nichola Bazin,null, 1.7.0,97,0,19,6,2,0,0,0,0,4,0.75
635,hsqldb,org.hsqldb.util,org.hsqldb.util.PostgresTransferHelper,1,TRUE,Nichola Bazin,null, 1.7.0,88,0,18,5,2,0,0,0,0,4,0.714286
636,hsqldb,org.hsqldb.util.preprocessor,org.hsqldb.util.preprocessor.AntResolver,1,TRUE,boucherb@users, 1.8.1, 1.8.1,21,0,3,0,1,0,0,0,0,0,0
637,hsqldb,org.hsqldb.util.preprocessor,org.hsqldb.util.preprocessor.BasicResolver,1,TRUE,boucherb@users, 1.8.1, 1.8.1,34,0,7,0,1,0,0,0,0,0,0
638,hsqldb,org.hsqldb.util.preprocessor,org.hsqldb.util.preprocessor.Defines,1,TRUE,boucherb@users, 1.8.1, 1.8.1,112,2,22,0,1,0,0,0,0,0,0
639,hsqldb,org.hsqldb.util.preprocessor,org.hsqldb.util.preprocessor.Document,1,TRUE,boucherb@users, 1.8.1, 1.8.1,198,2,50,0,1,0,0,0,0,0,0
640,hsqldb,org.hsqldb.util.preprocessor,org.hsqldb.util.preprocessor.IResolver,1,TRUE,boucherb@users, 1.8.1, 1.8.1,10,0,0,0,0,0,0,0,0,0,0
641,hsqldb,org.hsqldb.util.preprocessor,org.hsqldb.util.preprocessor.Line,1,TRUE,boucherb@users, 1.8.1, 1.8.1,100,6,25,0,1,0,0,0,0,0,0
642,hsqldb,org.hsqldb.util.preprocessor,org.hsqldb.util.preprocessor.LineType,1,TRUE,boucherb@users, 1.8.1, 1.8.1,71,3,11,0,1,0,0,0,0,0,0
643,hsqldb,org.hsqldb.util.preprocessor,org.hsqldb.util.preprocessor.Option,1,TRUE,boucherb@users, 1.8.1, 1.8.1,52,0,19,0,1,0,0,0,0,0,0
644,hsqldb,org.hsqldb.util.preprocessor,org.hsqldb.util.preprocessor.Parser,1,TRUE,boucherb@users, 1.8.1, 1.8.1,165,4,31,0,1,0,0,0,0,0,0
645,hsqldb,org.hsqldb.util.preprocessor,org.hsqldb.util.preprocessor.Preprocessor,1,TRUE,boucherb@users, 1.8.1, 1.8.1,435,8,100,0,1,0,0,0,0,0,0
646,hsqldb,org.hsqldb.util.preprocessor,org.hsqldb.util.preprocessor.PreprocessorAntTask,1,TRUE,boucherb@users, 1.8.1, 1.8.1,83,4,20,0,2,0,0,0,0,0,0
647,hsqldb,org.hsqldb.util.preprocessor,org.hsqldb.util.preprocessor.PreprocessorException,1,TRUE,boucherb@users, 1.8.1, 1.8.1,11,0,1,0,2,0,0,0,0,0,0
648,hsqldb,org.hsqldb.util.preprocessor,org.hsqldb.util.preprocessor.Token,1,TRUE,boucherb@users, 1.8.1, 1.8.1,73,0,16,0,1,0,0,0,0,0,0
649,hsqldb,org.hsqldb.util.preprocessor,org.hsqldb.util.preprocessor.Tokenizer,1,TRUE,boucherb@users, 1.8.1, 1.8.1,161,9,47,0,1,0,0,0,0,0,0
650,hsqldb,org.hsqldb.util,org.hsqldb.util.SqlServerTransferHelper,1,TRUE,anonymous,null, 1.7.0,72,1,20,2,2,0,0,0,0,4,0.333333
651,hsqldb,org.hsqldb.util,org.hsqldb.util.SQLStatements,1,TRUE,anonymous, 1.7.1, 1.7.1,22,0,0,0,1,0,0,0,0,0,0
652,hsqldb,org.hsqldb.util,org.hsqldb.util.TableSorter,1,TRUE,anonymous,null,null,339,11,48,0,2,0,0,0,0,0,0
653,hsqldb,org.hsqldb.util,org.hsqldb.util.TableSorter.Row,1,FALSE,anonymous,null,null,33,0,9,0,1,0,0,0,0,0,0
654,hsqldb,org.hsqldb.util,org.hsqldb.util.TableSorter.TableModelHandler,1,FALSE,anonymous,null,null,23,0,8,0,1,0,0,0,0,0,0
655,hsqldb,org.hsqldb.util,org.hsqldb.util.TableSorter.MouseHandler,1,FALSE,anonymous,null,null,17,0,4,0,2,0,0,0,0,0,0
656,hsqldb,org.hsqldb.util,org.hsqldb.util.TableSorter.Arrow,1,FALSE,anonymous,null,null,39,2,9,0,1,0,0,0,0,0,0
657,hsqldb,org.hsqldb.util,org.hsqldb.util.TableSorter.SortableHeaderRenderer,1,FALSE,anonymous,null,null,16,0,3,0,1,0,0,0,0,0,0
658,hsqldb,org.hsqldb.util,org.hsqldb.util.TableSorter.Directive,1,FALSE,anonymous,null,null,8,0,1,0,1,0,0,0,0,0,0
659,hsqldb,org.hsqldb.util,org.hsqldb.util.Traceable,1,TRUE,anonymous, 1.7.1, 1.7.0,7,0,0,0,0,0,0,0,0,0,0
660,hsqldb,org.hsqldb.util,org.hsqldb.util.Transfer,1,TRUE,Thomas Mueller (Hypersonic SQL Group), Hypersonic SQL, 1.7.2,920,9,177,0,2,1,0,0,0,0,0
661,hsqldb,org.hsqldb.util,org.hsqldb.util.TransferCommon,1,TRUE,Thomas Mueller (Hypersonic SQL Group), Hypersonic SQL, 1.7.2,68,0,11,0,1,0,0,0,0,0,0
662,hsqldb,org.hsqldb.util,org.hsqldb.util.TransferDb,1,TRUE,anonymous,null, 1.7.0,635,9,149,14,2,0,0,0,0,0,0.777778
663,hsqldb,org.hsqldb.util,org.hsqldb.util.TransferHelper,1,TRUE,Bob Preston (sqlbob@users dot sourceforge.net),null, 1.7.0,123,2,34,0,1,0,0,0,0,0,0
664,hsqldb,org.hsqldb.util,org.hsqldb.util.TransferResultSet,1,TRUE,Nicolas BAZIN,null, 1.7.0,95,3,27,0,1,0,0,0,0,0,0
665,hsqldb,org.hsqldb.util,org.hsqldb.util.TransferSQLText,1,TRUE,anonymous,null,null,619,2,139,6,2,0,0,0,0,0,0.461538
666,hsqldb,org.hsqldb.util,org.hsqldb.util.TransferSQLText.ColumnDef,1,FALSE,anonymous,null,null,14,1,1,0,1,0,0,0,0,0,0
667,hsqldb,org.hsqldb.util,org.hsqldb.util.TransferTable,1,TRUE,Thomas Mueller (Hypersonic SQL Group), Hypersonic SQL, 1.7.2,305,3,69,0,1,0,0,0,0,0,0
668,hsqldb,org.hsqldb.util,org.hsqldb.util.Tree,1,TRUE,Thomas Mueller (Hypersonic SQL Group), Hypersonic SQL, 1.7.0,312,7,56,0,2,0,0,0,0,0,0
669,hsqldb,org.hsqldb,org.hsqldb.View,1,TRUE,Fred Toussi (fredt@users dot sourceforge.net), 1.7.0, 2.0.0,200,10,45,3,3,0,0,0,0,0,0.136364
