"id","projectName","className","col","nof","nom","treeDepth","treeWidth","nodeSum","maxChildren","possibility"
"1","hsqldb","org.hsqldb.Tokens","2366","1634","7","8","7396","36375","1648","4.1"
"2","hsqldb","org.hsqldb.cmdline.SqlFile","4011","118","87","31","2530","49271","217","3.13"
"3","hsqldb","org.hsqldb.dbinfo.DatabaseInformationFull","4513","1","76","22","5327","57805","82","3.1"
"4","hsqldb","org.hsqldb.dbinfo.DatabaseInformationMain","1858","10","34","20","2122","23967","48","1.2"
"5","hsqldb","org.hsqldb.FunctionCustom","2383","93","11","18","1743","24495","110","1.5"
"6","hsqldb","org.hsqldb.jdbc.JDBCCallableStatement","1622","2","122","17","3517","16289","129","1.93"
"7","hsqldb","org.hsqldb.jdbc.JDBCConnection","1285","13","67","16","2301","12835","84","1.1"
"8","hsqldb","org.hsqldb.jdbc.JDBCDatabaseMetaData","1952","9","189","42","4250","19199","203","2.53"
"9","hsqldb","org.hsqldb.jdbc.JDBCPreparedStatement","2175","18","121","17","2942","20699","144","1.8"
"10","hsqldb","org.hsqldb.jdbc.JDBCResultSet","3037","33","211","16","5678","28471","249","3.23"
"11","hsqldb","org.hsqldb.jdbc.JDBCSQLXML","1633","18","62","13","1438","14387","88","1.13"
"12","hsqldb","org.hsqldb.ParserDDL","3414","3","69","18","2677","33701","76","2"
"13","hsqldb","org.hsqldb.ParserDQL","4388","4","143","20","3153","38751","152","2.6"
"14","hsqldb","org.hsqldb.persist.Logger","1329","62","72","16","1362","14927","137","1.2"
"15","hsqldb","org.hsqldb.QuerySpecification","1580","37","69","24","1185","16813","110","1.43"
"16","hsqldb","org.hsqldb.result.Result","1075","31","106","14","1051","10661","141","1.23"
"17","hsqldb","org.hsqldb.SchemaManager","1972","13","89","17","1503","19453","105","1.23"
"18","hsqldb","org.hsqldb.server.Server","1433","27","81","16","990","11367","113","1.03"
"19","hsqldb","org.hsqldb.Session","1481","64","117","16","918","12433","185","1.33"
"20","hsqldb","org.hsqldb.Table","1997","24","157","21","1527","20241","186","1.63"
"21","hsqldb","org.hsqldb.Tokens","2366","1634","7","8","7396","36375","1648","4.1"
"22","hsqldb","org.hsqldb.util.DatabaseManagerSwing","2017","108","58","46","1359","20207","180","1.83"
