"id","projectName","className","wmc","possibility"
"1","elasticsearch","org.elasticsearch.action.index.IndexRequest","110","1.22"
"2","elasticsearch","org.elasticsearch.action.mlt.MoreLikeThisRequest","89","1.02"
"3","elasticsearch","org.elasticsearch.cluster.metadata.MetaData","141","1"
"4","elasticsearch","org.elasticsearch.common.Base64","113","1.22"
"5","elasticsearch","org.elasticsearch.common.compress.bzip2.CBZip2InputStream","147","1.32"
"6","elasticsearch","org.elasticsearch.common.compress.bzip2.CBZip2OutputStream","290","1.32"
"7","elasticsearch","org.elasticsearch.common.inject.InjectorImpl","88","1.02"
"8","elasticsearch","org.elasticsearch.common.inject.internal.Errors","108","1.12"
"9","elasticsearch","org.elasticsearch.common.lucene.analysis.HTMLStripCharFilter","166","1.32"
"10","elasticsearch","org.elasticsearch.common.math.MathUtils","252","1"
"11","elasticsearch","org.elasticsearch.common.math.UnboxedMathUtils","139","1"
"12","elasticsearch","org.elasticsearch.common.Strings","251","1.32"
"13","elasticsearch","org.elasticsearch.common.xcontent.XContentBuilder","226","1"
"14","elasticsearch","org.elasticsearch.index.engine.robin.RobinEngine","236","1.32"
"15","elasticsearch","org.elasticsearch.index.gateway.blobstore.BlobStoreIndexShardGateway","125","1"
"16","elasticsearch","org.elasticsearch.index.mapper.MapperService","130","1.32"
"17","elasticsearch","org.elasticsearch.index.mapper.object.ObjectMapper","151","1.32"
"18","elasticsearch","org.elasticsearch.index.shard.service.InternalIndexShard","118","1.22"
"19","elasticsearch","org.elasticsearch.indices.cluster.IndicesClusterStateService","131","1.32"
"20","elasticsearch","org.elasticsearch.search.builder.SearchSourceBuilder","105","1.12"
"21","elasticsearch","org.elasticsearch.search.internal.InternalSearchHit","138","1.32"
"22","elasticsearch","org.elasticsearch.test.unit.index.query.SimpleIndexQueryParserTests","131","1"
