"id","projectName","className","wmc","possibility"
"1","elasticsearch","org.elasticsearch.common.compress.bzip2.CBZip2OutputStream","290","1.32"
"2","elasticsearch","org.elasticsearch.common.lucene.analysis.HTMLStripCharFilter","166","1.22"
"3","elasticsearch","org.elasticsearch.common.math.MathUtils","255","1"
"4","elasticsearch","org.elasticsearch.common.Strings","251","1.32"
"5","elasticsearch","org.elasticsearch.common.xcontent.XContentBuilder","226","1"
"6","elasticsearch","org.elasticsearch.index.engine.robin.RobinEngine","244","1.32"
