"id","projectName","className","methodName","mloc","nop","nos","treeDepth","treeWidth","nodeSum","maxChildren","possibility"
"1","hadoop","org.apache.hadoop.benchmarks.mapred.MultiJobRunner","main","77","1","25","20","75","815","7","1.1"
"2","hadoop","org.apache.hadoop.streaming.StreamJob","exitUsage","82","1","76","7","222","1099","5","2.1"
"3","hadoop","org.apache.hadoop.streaming.StreamJob","setJobConf","108","0","37","12","115","1129","5","1.5"
"4","hadoop","org.apache.hadoop.examples.NNBench","main","62","1","34","12","113","835","8","1.2"
"5","hadoop","org.apache.hadoop.examples.RandomWriter","main","63","1","33","12","110","807","8","1.2"
"6","hadoop","org.apache.hadoop.dfs.DataNode.DataXceiver","writeBlock","201","1","2","21","100","1703","7","1.4"
"7","hadoop","org.apache.hadoop.dfs.FSEditLog","loadFSEdits","142","1","12","19","128","1329","6","1.3"
"8","hadoop","org.apache.hadoop.mapred.JobTracker","JobTracker","43","1","32","8","116","657","5","1.1"
"9","hadoop","org.apache.hadoop.mapred.ReduceTaskRunner","prepare","129","0","20","18","80","1565","6","1.3"
"10","hadoop","org.apache.hadoop.record.compiler.JRecord","genCppCode","103","2","57","10","207","1453","7","2.1"
"11","hadoop","org.apache.hadoop.record.compiler.JRecord","genJavaCode","156","0","102","10","350","2039","5","3"
"12","hadoop","org.apache.hadoop.util.CopyFiles.DFSCopyFilesMapper","setup","113","5","52","11","168","1339","11","2"
"13","hadoop","org.apache.hadoop.util.CopyFiles.HTTPCopyFilesMapper","setup","61","5","33","9","105","755","11","1.2"
"14","hadoop","org.apache.hadoop.dfs.ClusterTestDFS","testFsPseudoDistributed","178","4","23","19","119","1785","10","1.8"
"15","hadoop","org.apache.hadoop.mapred.jobcontrol.TestJobControl","doJobControlTest","103","0","59","10","182","1657","7","2.2"
"16","hadoop","org.apache.hadoop.mapred.MRCaching","launchMRCache","70","6","45","8","144","907","12","1.5"
"17","hadoop","org.apache.hadoop.mapred.TestMapRed","launch","124","0","66","15","200","1523","7","2.3"
"18","hadoop","org.apache.hadoop.record.test.TestMapRed","launch","133","0","71","15","215","1627","7","2.4"
