"id","projectName","className","nmnoparam","loc","nogv","possibility"
"1","ant","org.apache.tools.ant.DirectoryScanner","24","1116","28","1.47"
"2","ant","org.apache.tools.ant.Project","18","1449","4","1.07"
"3","ant","org.apache.tools.ant.taskdefs.Copy","14","497","41","1.17"
"4","ant","org.apache.tools.ant.taskdefs.email.EmailTask","3","450","69","1"
"5","ant","org.apache.tools.ant.taskdefs.Java","12","664","30","1.07"
"6","ant","org.apache.tools.ant.taskdefs.Javac","42","710","11","1.5699999999999998"
"7","ant","org.apache.tools.ant.taskdefs.Javadoc","9","1625","72","1.77"
"8","ant","org.apache.tools.ant.taskdefs.optional.dotnet.DotnetCompile","27","682","11","1.17"
"9","ant","org.apache.tools.ant.taskdefs.optional.ide.VAJAntToolGUI","44","1277","18","1.9699999999999998"
"10","ant","org.apache.tools.ant.taskdefs.optional.vss.MSVSS","22","598","25","1.27"
"11","ant","org.apache.tools.ant.taskdefs.Redirector","7","607","97","1.37"
"12","ant","org.apache.tools.ant.taskdefs.Rmic","25","511","20","1.17"
"13","ant","org.apache.tools.ant.taskdefs.XSLTProcess","11","776","34","1.17"
"14","ant","org.apache.tools.ant.taskdefs.Zip","11","933","57","1.47"
"15","ant","org.apache.tools.bzip2.CBZip2InputStream","16","684","57","1.47"
"16","ant","org.apache.tools.bzip2.CBZip2OutputStream","16","1264","74","1.87"
