"id","projectName","className","nmnoparam","loc","nogv","possibility"
"1","ant","org.apache.tools.ant.AntClassLoader","2","866","2","1.17"
"2","ant","org.apache.tools.ant.DirectoryScanner","7","1116","2","1.17"
"3","ant","org.apache.tools.ant.Main","2","783","2","1.17"
"4","ant","org.apache.tools.ant.Project","3","1449","3","1.17"
"5","ant","org.apache.tools.ant.taskdefs.Concat","4","774","10","1.17"
"6","ant","org.apache.tools.ant.taskdefs.Execute","4","881","1","1"
"7","ant","org.apache.tools.ant.taskdefs.FixCRLF","2","694","15","1.07"
"8","ant","org.apache.tools.ant.taskdefs.Java","3","664","13","1.07"
"9","ant","org.apache.tools.ant.taskdefs.Javac","13","710","2","1.07"
"10","ant","org.apache.tools.ant.taskdefs.Javadoc","2","1625","32","1.17"
"11","ant","org.apache.tools.ant.taskdefs.Manifest","3","795","1","1"
"12","ant","org.apache.tools.ant.taskdefs.optional.dotnet.DotnetCompile","13","682","5","1.07"
"13","ant","org.apache.tools.ant.taskdefs.optional.ejb.IPlanetEjbc","3","949","3","1"
"14","ant","org.apache.tools.ant.taskdefs.optional.ide.VAJAntToolGUI","4","1277","18","1.17"
"15","ant","org.apache.tools.ant.taskdefs.optional.junit.JUnitTask","2","1030","3","1.17"
"16","ant","org.apache.tools.ant.taskdefs.optional.net.FTP","2","1604","10","1.17"
"17","ant","org.apache.tools.ant.taskdefs.optional.net.FTP.FTPDirectoryScanner","1","677","2","1.07"
"18","ant","org.apache.tools.ant.taskdefs.optional.scm.AntStarTeamCheckOut","6","641","1","1.07"
"19","ant","org.apache.tools.ant.taskdefs.XSLTProcess","3","776","3","1.17"
"20","ant","org.apache.tools.ant.taskdefs.Zip","7","933","13","1.17"
"21","ant","org.apache.tools.ant.types.XMLCatalog","1","648","4","1.07"
"22","ant","org.apache.tools.ant.util.FileUtils","2","965","3","1.17"
"23","ant","org.apache.tools.bzip2.CBZip2InputStream","15","684","54","1.07"
"24","ant","org.apache.tools.bzip2.CBZip2OutputStream","15","1264","74","1.17"
