"id","projectName","className","wmc","possibility"
"1","qpid","org.apache.qpid.gentools.CppGenerator","286","1.32"
"2","qpid","org.apache.qpid.gentools.JavaGenerator","204","1"
"3","qpid","org.apache.log4j.QpidCompositeRollingAppender","119","1.12"
"4","qpid","org.apache.qpid.server.AMQChannel","135","1.22"
"5","qpid","org.apache.qpid.server.protocol.AMQProtocolEngine","172","1.32"
"6","qpid","org.apache.qpid.server.queue.SimpleAMQQueue","337","1.32"
"7","qpid","org.apache.qpid.server.store.DerbyMessageStore","136","1.22"
"8","qpid","org.apache.qpid.server.subscription.Subscription_0_10","127","1.12"
"9","qpid","org.apache.qpid.server.transport.ServerSessionDelegate","182","1.32"
"10","qpid","org.apache.qpid.client.AMQConnection","198","1.32"
"11","qpid","org.apache.qpid.client.AMQDestination","150","1"
"12","qpid","org.apache.qpid.client.AMQSession","314","1.32"
"13","qpid","org.apache.qpid.client.AMQSession_0_10","209","1.32"
"14","qpid","org.apache.qpid.client.message.AMQMessageDelegate_0_10","152","1.32"
"15","qpid","org.apache.qpid.framing.EncodingUtils","156","1"
"16","qpid","org.apache.qpid.framing.FieldTable","194","1.32"
"17","qpid","org.apache.qpid.transport.codec.AbstractEncoder","113","1.02"
"18","qpid","org.apache.qpid.transport.Connection","107","1.02"
"19","qpid","org.apache.qpid.transport.Session","152","1.32"
"20","qpid","org.apache.qpid.console.Session","193","1.32"
"21","qpid","org.apache.qpid.management.ui.views.NavigationView","134","1.22"
"22","qpid","org.apache.qpid.requestreply.PingPongProducer","106","1.02"
"23","qpid","org.apache.qpid.test.unit.basic.MapMessageTest","126","1.12"
"24","qpid","org.apache.qpid.test.unit.xa.TopicTest","198","1"
"25","qpid","org.apache.qpid.test.utils.QpidBrokerTestCase","126","1.12"
