"id","projectName","className","norm","nprotm","bur","possibility"
"1","hbase","org.apache.hadoop.hbase.ipc.SecureClient","1","18","0.333333","1"
"2","hbase","org.apache.hadoop.hbase.ipc.SecureServer","2","29","0.222222","1"
"3","hbase","org.apache.hadoop.hbase.client.Put","0","5","0","1.05"
"4","hbase","org.apache.hadoop.hbase.client.ScannerCallable","1","8","0.0769231","1"
"5","hbase","org.apache.hadoop.hbase.io.hfile.HFileBlock.FSReaderV1","0","11","0","1"
"6","hbase","org.apache.hadoop.hbase.io.hfile.HFileBlock.FSReaderV2","0","11","0","1"
"7","hbase","org.apache.hadoop.hbase.io.hfile.HFileReaderV1","2","26","0.125","1"
"8","hbase","org.apache.hadoop.hbase.io.hfile.HFileReaderV2","1","26","0.0666667","1"
"9","hbase","org.apache.hadoop.hbase.io.hfile.HFileReaderV2.ScannerV2","2","5","0.142857","1.05"
"10","hbase","org.apache.hadoop.hbase.io.hfile.HFileWriterV1","1","26","0.0625","1.35"
"11","hbase","org.apache.hadoop.hbase.io.hfile.HFileWriterV2","0","26","0","1.35"
"12","hbase","org.apache.hadoop.hbase.ipc.WritableRpcEngine.Server","0","29","0","1.35"
"13","hbase","org.apache.hadoop.hbase.master.AssignmentManager.StartupBulkAssigner","4","6","0.666667","1"
"14","hbase","org.apache.hadoop.hbase.master.BulkReOpen","2","6","0.4","1"
"15","hbase","org.apache.hadoop.hbase.metrics.HBaseInfo.HBaseInfoMBean","0","7","0","1"
"16","hbase","org.apache.hadoop.hbase.util.CompoundBloomFilter","1","7","0.1","1"
"17","hbase","org.apache.hadoop.hbase.util.CompoundBloomFilterWriter","0","7","0","1"
"18","hbase","org.apache.hadoop.hbase.util.HMerge.OnlineMerger","2","9","0.4","1.35"
"19","hbase","org.apache.hadoop.hbase.util.HMerge.OfflineMerger","2","9","0.666667","1.35"
"20","hbase","org.apache.hadoop.hbase.metrics.TestMetricsMBeanBase.TestStatistics","0","7","0","1"
"21","hbase","org.apache.hadoop.hbase.PerformanceEvaluation.RandomSeekScanTest","2","11","0.666667","1"
"22","hbase","org.apache.hadoop.hbase.PerformanceEvaluation.RandomScanWithRangeTest","2","11","0.4","1"
"23","hbase","org.apache.hadoop.hbase.PerformanceEvaluation.RandomReadTest","2","11","0.666667","1"
"24","hbase","org.apache.hadoop.hbase.PerformanceEvaluation.RandomWriteTest","1","11","0.5","1"
"25","hbase","org.apache.hadoop.hbase.PerformanceEvaluation.ScanTest","3","11","0.75","1"
"26","hbase","org.apache.hadoop.hbase.PerformanceEvaluation.SequentialReadTest","1","11","0.5","1"
"27","hbase","org.apache.hadoop.hbase.PerformanceEvaluation.SequentialWriteTest","1","11","0.5","1"
"28","hbase","org.apache.hadoop.hbase.PerformanceEvaluation.FilteredScanTest","1","11","0.333333","1"
"29","hbase","org.apache.hadoop.hbase.regionserver.OOMERegionServer","2","31","0.666667","1"
"30","hbase","org.apache.hadoop.hbase.regionserver.TestRpcMetrics.TestRegionServer","0","31","0","1"
"31","hbase","org.apache.hadoop.hbase.rest.PerformanceEvaluation.RandomSeekScanTest","2","10","0.666667","1"
"32","hbase","org.apache.hadoop.hbase.rest.PerformanceEvaluation.RandomScanWithRangeTest","2","10","0.4","1"
"33","hbase","org.apache.hadoop.hbase.rest.PerformanceEvaluation.RandomReadTest","2","10","0.666667","1"
"34","hbase","org.apache.hadoop.hbase.rest.PerformanceEvaluation.RandomWriteTest","1","10","0.5","1"
"35","hbase","org.apache.hadoop.hbase.rest.PerformanceEvaluation.ScanTest","3","10","0.75","1"
"36","hbase","org.apache.hadoop.hbase.rest.PerformanceEvaluation.SequentialReadTest","1","10","0.5","1"
"37","hbase","org.apache.hadoop.hbase.rest.PerformanceEvaluation.SequentialWriteTest","1","10","0.5","1"
"38","hbase","org.apache.hadoop.hbase.rest.PerformanceEvaluation.FilteredScanTest","1","10","0.333333","1"
"39","hbase","org.apache.hadoop.hbase.TimestampTestBase","0","31","0","1.35"
"40","hbase","org.apache.hadoop.hbase.util.hbck.TestOfflineMetaRebuildBase","0","11","0","1.35"
"41","hbase","org.apache.hadoop.hbase.util.hbck.TestOfflineMetaRebuildHole","0","11","0","1.35"
"42","hbase","org.apache.hadoop.hbase.util.hbck.TestOfflineMetaRebuildOverlap","0","11","0","1.35"
"43","hbase","org.apache.hadoop.hbase.util.LoadTestTool","3","8","0.375","1"
"44","hbase","org.apache.hadoop.hbase.util.MultiThreadedReader","2","16","0.2","1"
"45","hbase","org.apache.hadoop.hbase.util.MultiThreadedWriter","3","16","0.272727","1"
"46","hbase","org.apache.hadoop.hbase.util.RestartMetaTest","3","8","0.6","1.35"
"47","hbase","org.apache.hadoop.hbase.util.TestMiniClusterLoadParallel","1","17","0.5","1"
"48","hbase","org.apache.hadoop.hbase.util.TestPoolMap.TestRoundRobinPoolType","1","7","0.25","1"
"49","hbase","org.apache.hadoop.hbase.util.TestPoolMap.TestThreadLocalPoolType","1","7","0.25","1"
"50","hbase","org.apache.hadoop.hbase.util.TestPoolMap.TestReusablePoolType","1","7","0.25","1"
