"id","projectName","className","norm","nprotm","bur","possibility"
"1","pig","org.apache.hadoop.zebra.mapred.TableUnionExpr","6","13","0.857143","1.1"
"2","pig","org.apache.hadoop.zebra.mapreduce.TableUnionExpr","6","13","0.857143","1.1"
"3","pig","org.apache.pig.backend.hadoop.executionengine.physicalLayer.expressionOperators.BinaryExpressionOperator","1","12","0.111111","1"
"4","pig","org.apache.pig.backend.hadoop.executionengine.physicalLayer.expressionOperators.ConstantExpression","5","12","0.25","1"
"5","pig","org.apache.pig.backend.hadoop.executionengine.physicalLayer.expressionOperators.POBinCond","4","12","0.16","1"
"6","pig","org.apache.pig.backend.hadoop.executionengine.physicalLayer.expressionOperators.POCast","4","12","0.2","1"
"7","pig","org.apache.pig.backend.hadoop.executionengine.physicalLayer.expressionOperators.POMapLookUp","4","12","0.181818","1"
"8","pig","org.apache.pig.backend.hadoop.executionengine.physicalLayer.expressionOperators.POProject","5","12","0.151515","1"
"9","pig","org.apache.pig.backend.hadoop.executionengine.physicalLayer.expressionOperators.POUserComparisonFunc","4","12","0.173913","1"
"10","pig","org.apache.pig.backend.hadoop.executionengine.physicalLayer.expressionOperators.POUserFunc","5","12","0.135135","1"
"11","pig","org.apache.pig.backend.hadoop.executionengine.physicalLayer.expressionOperators.UnaryExpressionOperator","1","12","0.125","1"
"12","pig","org.apache.pig.backend.hadoop.executionengine.physicalLayer.relationalOperators.POLocalRearrangeForIllustrate","4","16","0.5","1"
"13","pig","org.apache.pig.backend.hadoop.executionengine.physicalLayer.relationalOperators.POOptimizedForEach","4","17","0.444444","1"
"14","pig","org.apache.pig.backend.hadoop.executionengine.physicalLayer.relationalOperators.POPartitionRearrange","3","16","0.272727","1"
"15","pig","org.apache.pig.impl.logicalLayer.CastFinder","1","44","0.2","1"
"16","pig","org.apache.pig.impl.logicalLayer.ColumnPruner","14","44","0.777778","1.55"
"17","pig","org.apache.pig.impl.logicalLayer.ExpressionOperator","4","13","0.333333","1"
"18","pig","org.apache.pig.impl.logicalLayer.LODefine","2","13","0.4","1"
"19","pig","org.apache.pig.impl.logicalLayer.LOGenerate","3","13","0.272727","1"
"20","pig","org.apache.pig.impl.logicalLayer.LogicalPlanCloneHelper","40","44","0.909091","1.8"
"21","pig","org.apache.pig.impl.logicalLayer.LOPrinter","0","44","0","1.35"
"22","pig","org.apache.pig.impl.logicalLayer.PColFilterExtractor","22","44","0.666667","1.65"
"23","pig","org.apache.pig.impl.logicalLayer.PlanSetter","38","44","0.974359","1.7"
"24","pig","org.apache.pig.impl.logicalLayer.ProjectFixerUpper","7","44","0.7","1.1"
"25","pig","org.apache.pig.impl.logicalLayer.ProjectionMapCalculator","14","44","0.933333","1.55"
"26","pig","org.apache.pig.impl.logicalLayer.ProjectionMapRemover","14","44","0.933333","1.2"
"27","pig","org.apache.pig.impl.logicalLayer.ProjectStarTranslator","4","44","0.363636","1"
"28","pig","org.apache.pig.impl.logicalLayer.RelationalOperator","0","13","0","1"
"29","pig","org.apache.pig.impl.logicalLayer.RemoveRedundantOperators","1","44","0.333333","1"
"30","pig","org.apache.pig.impl.logicalLayer.ScalarFinder","6","44","0.75","1.1"
"31","pig","org.apache.pig.impl.logicalLayer.TopLevelProjectFinder","5","44","0.555556","1"
"32","pig","org.apache.pig.impl.logicalLayer.UDFFinder","1","44","0.2","1"
"33","pig","org.apache.pig.impl.logicalLayer.UnionOnSchemaSetter","1","44","0.333333","1.35"
"34","pig","org.apache.pig.impl.plan.DotPlanDumper","7","13","0.269231","1.45"
"35","pig","org.apache.pig.pigunit.pig.GruntParser","1","28","0.25","1"
