"id","projectName","className","norm","nprotm","bur","possibility"
"1","hive","org.apache.hadoop.hive.ql.exec.AbstractMapJoinOperator","4","25","0.5","1"
"2","hive","org.apache.hadoop.hive.ql.exec.CollectOperator","3","41","0.75","1"
"3","hive","org.apache.hadoop.hive.ql.exec.CommonJoinOperator","5","41","0.2","1.35"
"4","hive","org.apache.hadoop.hive.ql.exec.ConditionalTask","8","27","0.470588","1.1"
"5","hive","org.apache.hadoop.hive.ql.exec.CopyTask","3","27","0.6","1"
"6","hive","org.apache.hadoop.hive.ql.exec.DDLTask","5","27","0.0819672","1.35"
"7","hive","org.apache.hadoop.hive.ql.exec.ExecDriver","8","27","0.285714","1.45"
"8","hive","org.apache.hadoop.hive.ql.exec.ExplainTask","4","27","0.235294","1.35"
"9","hive","org.apache.hadoop.hive.ql.exec.ExtractOperator","3","41","1","1"
"10","hive","org.apache.hadoop.hive.ql.exec.FetchTask","5","27","0.454545","1.35"
"11","hive","org.apache.hadoop.hive.ql.exec.FilterOperator","4","41","0.8","1"
"12","hive","org.apache.hadoop.hive.ql.exec.ForwardOperator","2","41","1","1"
"13","hive","org.apache.hadoop.hive.ql.exec.FunctionTask","4","27","0.444444","1"
"14","hive","org.apache.hadoop.hive.ql.exec.GroupByOperator","7","41","0.333333","1.1"
"15","hive","org.apache.hadoop.hive.ql.exec.HashTableDummyOperator","5","41","1","1"
"16","hive","org.apache.hadoop.hive.ql.exec.JoinOperator","9","25","1.125","1.1"
"17","hive","org.apache.hadoop.hive.ql.exec.LateralViewForwardOperator","3","41","1","1"
"18","hive","org.apache.hadoop.hive.ql.exec.LateralViewJoinOperator","4","41","1","1"
"19","hive","org.apache.hadoop.hive.ql.exec.LimitOperator","5","41","1","1"
"20","hive","org.apache.hadoop.hive.ql.exec.MapOperator","6","41","0.5","1"
"21","hive","org.apache.hadoop.hive.ql.exec.MapredLocalTask","7","27","0.411765","1.45"
"22","hive","org.apache.hadoop.hive.ql.exec.MoveTask","3","27","0.375","1"
"23","hive","org.apache.hadoop.hive.ql.exec.ScriptOperator","5","41","0.416667","1"
"24","hive","org.apache.hadoop.hive.ql.exec.SelectOperator","4","41","1","1"
"25","hive","org.apache.hadoop.hive.ql.exec.StatsTask","4","27","0.363636","1.35"
"26","hive","org.apache.hadoop.hive.ql.exec.TableScanOperator","6","41","0.5","1"
"27","hive","org.apache.hadoop.hive.ql.exec.TerminalOperator","0","41","0","1"
"28","hive","org.apache.hadoop.hive.ql.exec.UDTFOperator","5","41","0.833333","1"
"29","hive","org.apache.hadoop.hive.ql.exec.UnionOperator","4","41","1","1"
"30","hive","org.apache.hadoop.hive.ql.parse.DDLSemanticAnalyzer","1","26","0.0153846","1.35"
"31","hive","org.apache.hadoop.hive.ql.parse.ExplainSemanticAnalyzer","2","26","0.666667","1"
"32","hive","org.apache.hadoop.hive.ql.parse.ExportSemanticAnalyzer","1","26","0.5","1"
"33","hive","org.apache.hadoop.hive.ql.parse.FunctionSemanticAnalyzer","1","26","0.25","1"
"34","hive","org.apache.hadoop.hive.ql.parse.ImportSemanticAnalyzer","1","26","0.111111","1.35"
"35","hive","org.apache.hadoop.hive.ql.parse.LoadSemanticAnalyzer","1","26","0.2","1.35"
"36","hive","org.apache.hadoop.hive.ql.parse.SemanticAnalyzer","4","26","0.027972","1.35"
"37","hive","org.apache.hadoop.hive.ql.udf.generic.GenericUDFOPEqual","0","19","0","1"
"38","hive","org.apache.hadoop.hive.ql.udf.generic.GenericUDFOPEqualOrGreaterThan","0","19","0","1"
"39","hive","org.apache.hadoop.hive.ql.udf.generic.GenericUDFOPEqualOrLessThan","0","19","0","1"
"40","hive","org.apache.hadoop.hive.ql.udf.generic.GenericUDFOPGreaterThan","0","19","0","1"
"41","hive","org.apache.hadoop.hive.ql.udf.generic.GenericUDFOPLessThan","0","19","0","1"
"42","hive","org.apache.hadoop.hive.ql.udf.generic.GenericUDFOPNotEqual","0","19","0","1"
