"id","projectName","className","methodName","mloc","nop","nos","treeDepth","treeWidth","nodeSum","maxChildren","possibility"
"1","ant","org.apache.tools.ant.launch.Launcher","run","111","1","41","12","152","1433","8","1.7"
"2","ant","org.apache.tools.ant.Main","processArgs","217","1","10","32","58","1943","6","1.5"
"3","ant","org.apache.tools.ant.taskdefs.AntStructure","printElementDecl","113","3","24","18","93","1183","9","1.2"
"4","ant","org.apache.tools.ant.taskdefs.compilers.Jikes","execute","115","0","38","9","116","1119","6","1.5"
"5","ant","org.apache.tools.ant.taskdefs.DependSet","execute","115","0","16","14","94","1379","6","1.1"
"6","ant","org.apache.tools.ant.taskdefs.email.EmailTask","execute","122","0","3","13","137","1271","5","1.1"
"7","ant","org.apache.tools.ant.taskdefs.ExecuteOn","runExec","129","1","4","16","128","1581","7","1.1"
"8","ant","org.apache.tools.ant.taskdefs.FixCRLF","processFile","153","1","7","21","65","1199","6","1.1"
"9","ant","org.apache.tools.ant.taskdefs.GenerateKey","execute","83","0","30","7","106","717","5","1.1"
"10","ant","org.apache.tools.ant.taskdefs.Get","doGet","115","2","25","13","94","1081","8","1.2"
"11","ant","org.apache.tools.ant.taskdefs.Javadoc","execute","359","0","36","21","180","3577","5","3"
"12","ant","org.apache.tools.ant.taskdefs.optional.depend.Depend","determineDependencies","106","0","14","21","77","1217","6","1.1"
"13","ant","org.apache.tools.ant.taskdefs.optional.ejb.JonasDeploymentTool","addGenICGeneratedFiles","104","2","42","10","123","1131","7","1.4"
"14","ant","org.apache.tools.ant.taskdefs.optional.ejb.WeblogicDeploymentTool","isRebuildRequired","148","2","7","20","87","1507","7","1.3"
"15","ant","org.apache.tools.ant.taskdefs.optional.ejb.WebsphereDeploymentTool","isRebuildRequired","144","2","7","20","82","1473","7","1.2"
"16","ant","org.apache.tools.ant.taskdefs.optional.IContract","execute","111","0","3","12","193","1513","6","1.3"
"17","ant","org.apache.tools.ant.taskdefs.optional.junit.JUnitTask","executeAsForked","110","3","32","13","108","1257","9","1.5"
"18","ant","org.apache.tools.ant.taskdefs.optional.NetRexxC","init","99","0","32","8","238","1311","5","1.8"
"19","ant","org.apache.tools.ant.taskdefs.optional.NetRexxC","doNetRexxCompile","91","0","22","17","97","1185","6","1.1"
"20","ant","org.apache.tools.ant.taskdefs.optional.pvcs.Pvcs","execute","118","0","17","14","111","1325","6","1.2"
"21","ant","org.apache.tools.ant.taskdefs.Redirector","createStreams","123","0","10","12","147","1501","6","1.3"
"22","ant","org.apache.tools.ant.taskdefs.Zip","executeMain","163","0","15","16","113","1827","5","1.5"
"23","ant","org.apache.tools.bzip2.CBZip2InputStream","getAndMoveToFrontDecode","183","0","14","21","82","1627","4","1.5"
"24","ant","org.apache.tools.bzip2.CBZip2OutputStream","hbMakeCodeLengths","123","4","7","18","114","1377","9","1.1"
"25","ant","org.apache.tools.bzip2.CBZip2OutputStream","sendMTFValues","261","0","33","16","175","2617","5","2.5"
"26","ant","org.apache.tools.bzip2.CBZip2OutputStream","mainSort","130","0","10","20","98","1615","4","1.2"
"27","ant","org.apache.tools.bzip2.CBZip2OutputStream","fullGtU","112","2","36","9","105","961","6","1.4"
"28","ant","org.apache.tools.zip.ZipOutputStream","writeCentralFileHeader","54","1","39","11","90","701","7","1.1"
