"id","projectName","className","wmc","possibility"
"1","freemind","freemind.controller.Controller","136","1.22"
"2","freemind","freemind.main.Tools","187","1"
"3","freemind","freemind.main.XMLElement","252","1.32"
"4","freemind","freemind.modes.ControllerAdapter","189","1.32"
"5","freemind","freemind.modes.mindmapmode.MindMapController","274","1.32"
"6","freemind","freemind.modes.NodeAdapter","273","1.32"
"7","freemind","freemind.view.mindmapview.MapView","233","1.32"
"8","freemind","freemind.view.mindmapview.NodeView","283","1.32"
