"id","projectName","className","col","nof","nom","treeDepth","treeWidth","nodeSum","maxChildren","possibility"
"1","xerces","xni.DocumentTracer","1338","15","61","16","1386","10939","81","2"
"2","xerces","org.apache.xerces.dom.CoreDocumentImpl","1396","17","108","15","978","11257","133","2.43"
"3","xerces","org.apache.xerces.dom.DeferredDocumentImpl","1650","23","78","19","1114","15025","108","2.73"
"4","xerces","org.apache.xerces.dom.NodeImpl","1049","27","82","16","925","8891","118","2.13"
"5","xerces","org.apache.xerces.dom.RangeImpl","1023","14","55","14","1019","10659","73","1.83"
"6","xerces","org.apache.xerces.impl.dtd.DTDGrammar","1911","75","99","17","1369","20177","183","4.13"
"7","xerces","org.apache.xerces.impl.dtd.XMLDTDValidator","1249","63","48","18","750","10981","117","2.4"
"8","xerces","org.apache.xerces.impl.dv.xs.XSSimpleTypeDecl","1434","71","62","18","835","15955","138","3.13"
"9","xerces","org.apache.xerces.impl.XMLDocumentFragmentScannerImpl","1079","44","31","27","621","7841","85","1.8"
"10","xerces","org.apache.xerces.impl.XMLDTDScannerImpl","1389","33","43","23","652","11155","83","2.13"
"11","xerces","org.apache.xerces.impl.XMLEntityManager","1700","57","41","20","1050","15015","109","3.03"
"12","xerces","org.apache.xerces.impl.XMLEntityScanner","1053","6","30","17","596","10223","40","1.3"
"13","xerces","org.apache.xerces.impl.xpath.regex.RegexParser","1012","39","49","18","762","10623","91","2.03"
"14","xerces","org.apache.xerces.impl.xpath.regex.RegularExpression","2100","32","52","19","1380","25939","89","3.23"
"15","xerces","org.apache.xerces.impl.xpath.regex.Token","1172","65","51","18","819","13255","129","2.6"
"16","xerces","org.apache.xerces.impl.xpath.XPath","1442","6","6","27","816","13561","21","1.4"
"17","xerces","org.apache.xerces.impl.xs.traversers.XSDHandler","1181","79","35","22","784","14645","118","2.83"
"18","xerces","org.apache.xerces.impl.xs.XMLSchemaValidator","2469","104","57","19","1446","23859","177","4.4"
"19","xerces","org.apache.xerces.parsers.AbstractDOMParser","1708","49","44","21","775","14195","97","2.6"
"20","xerces","org.apache.xerces.parsers.AbstractSAXParser","1079","23","51","16","839","8791","84","1.6"
"21","xerces","org.apache.xerces.util.URI","1006","21","44","17","650","8495","71","1.5"
"22","xerces","org.apache.xml.serialize.BaseMarkupSerializer","1139","20","61","20","544","10139","92","1.93"
