"id","projectName","className","norm","nprotm","bur","possibility"
"1","ant","org.apache.tools.ant.taskdefs.compilers.Gcj","0","41","0","1.35"
"2","ant","org.apache.tools.ant.taskdefs.compilers.Javac12","0","41","0","1"
"3","ant","org.apache.tools.ant.taskdefs.compilers.Javac13","0","41","0","1"
"4","ant","org.apache.tools.ant.taskdefs.compilers.JavacExternal","0","41","0","1.35"
"5","ant","org.apache.tools.ant.taskdefs.compilers.Jikes","0","41","0","1.35"
"6","ant","org.apache.tools.ant.taskdefs.compilers.Jvc","0","41","0","1.35"
"7","ant","org.apache.tools.ant.taskdefs.compilers.Kjc","0","41","0","1.35"
"8","ant","org.apache.tools.ant.taskdefs.compilers.Sj","1","41","0.5","1.35"
"9","ant","org.apache.tools.ant.taskdefs.optional.dotnet.CSharp","6","37","0.26087","1.1"
"10","ant","org.apache.tools.ant.taskdefs.optional.dotnet.JSharp","5","37","0.555556","1.1"
"11","ant","org.apache.tools.ant.taskdefs.optional.dotnet.VisualBasicCompile","7","37","0.269231","1.1"
"12","ant","org.apache.tools.ant.taskdefs.optional.vss.MSVSSADD","2","40","0.285714","1"
"13","ant","org.apache.tools.ant.taskdefs.optional.vss.MSVSSCHECKIN","1","40","0.166667","1.35"
"14","ant","org.apache.tools.ant.taskdefs.optional.vss.MSVSSCHECKOUT","1","40","0.1","1.35"
"15","ant","org.apache.tools.ant.taskdefs.optional.vss.MSVSSCP","1","40","0.5","1"
"16","ant","org.apache.tools.ant.taskdefs.optional.vss.MSVSSCREATE","1","40","0.25","1"
"17","ant","org.apache.tools.ant.taskdefs.optional.vss.MSVSSGET","1","40","0.0909091","1.35"
"18","ant","org.apache.tools.ant.taskdefs.optional.vss.MSVSSHISTORY","1","40","0.0909091","1"
"19","ant","org.apache.tools.ant.taskdefs.optional.vss.MSVSSLABEL","1","40","0.2","1"
