"id","projectName","className","norm","nprotm","bur","possibility"
"1","qpid","org.apache.qpid.amqp_1_0.client.Demo","13","16","0.866667","1.55"
"2","qpid","org.apache.qpid.amqp_1_0.client.Dump","11","16","0.846154","1.55"
"3","qpid","org.apache.qpid.amqp_1_0.client.Filereceiver","11","16","0.846154","1.55"
"4","qpid","org.apache.qpid.amqp_1_0.client.Filesender","11","16","0.785714","1.55"
"5","qpid","org.apache.qpid.amqp_1_0.client.Receive","13","16","0.866667","1.55"
"6","qpid","org.apache.qpid.amqp_1_0.client.Request","13","16","0.866667","1.55"
"7","qpid","org.apache.qpid.amqp_1_0.client.Respond","13","16","0.8125","1.55"
"8","qpid","org.apache.qpid.amqp_1_0.client.Send","13","16","0.866667","1.55"
"9","qpid","org.apache.qpid.server.configuration.plugins.SlowConsumerDetectionConfiguration","2","22","0.5","1"
"10","qpid","org.apache.qpid.server.configuration.plugins.SlowConsumerDetectionPolicyConfiguration","3","22","0.75","1"
"11","qpid","org.apache.qpid.server.configuration.plugins.SlowConsumerDetectionQueueConfiguration","3","22","0.428571","1"
"12","qpid","org.apache.qpid.server.configuration.plugins.ConfigurationPluginTest.ConfigPlugin","2","22","0.5","1"
"13","qpid","org.apache.qpid.server.management.plugin.servlet.rest.AuthenticationProviderRestTest","0","17","0","1"
"14","qpid","org.apache.qpid.server.management.plugin.servlet.rest.BindingRestTest","0","17","0","1"
"15","qpid","org.apache.qpid.server.management.plugin.servlet.rest.BrokerRestHttpsTest","5","17","0.833333","1"
"16","qpid","org.apache.qpid.server.management.plugin.servlet.rest.BrokerRestTest","0","17","0","1"
"17","qpid","org.apache.qpid.server.management.plugin.servlet.rest.ConnectionRestTest","1","17","0.0909091","1"
"18","qpid","org.apache.qpid.server.management.plugin.servlet.rest.ExchangeRestTest","0","17","0","1"
"19","qpid","org.apache.qpid.server.management.plugin.servlet.rest.LogRecordsRestTest","0","17","0","1"
"20","qpid","org.apache.qpid.server.management.plugin.servlet.rest.MessagesRestTest","1","17","0.1","1"
"21","qpid","org.apache.qpid.server.management.plugin.servlet.rest.PortRestTest","0","17","0","1"
"22","qpid","org.apache.qpid.server.management.plugin.servlet.rest.QueueRestTest","1","17","0.142857","1"
"23","qpid","org.apache.qpid.server.management.plugin.servlet.rest.SaslRestTest","0","17","0","1"
"24","qpid","org.apache.qpid.server.management.plugin.servlet.rest.StructureRestTest","0","17","0","1"
"25","qpid","org.apache.qpid.server.management.plugin.servlet.rest.UserRestTest","0","17","0","1"
"26","qpid","org.apache.qpid.server.management.plugin.servlet.rest.VirtualHostRestTest","0","17","0","1"
"27","qpid","org.apache.qpid.client.AMQAnyDestination","1","25","0.142857","1"
"28","qpid","org.apache.qpid.client.AMQHeadersExchange","1","25","0.25","1"
"29","qpid","org.apache.qpid.client.AMQQueue","3","25","0.166667","1"
"30","qpid","org.apache.qpid.client.AMQSession_0_10","33","36","0.5","2.05"
"31","qpid","org.apache.qpid.client.AMQSession_0_8","29","36","0.763158","1.95"
"32","qpid","org.apache.qpid.client.AMQTopic","5","25","0.238095","1.35"
"33","qpid","org.apache.qpid.client.AMQUndefinedDestination","1","25","0.5","1"
"34","qpid","org.apache.qpid.framing.amqp_0_9.AMQMethodBody_0_9","0","31","0","1"
"35","qpid","org.apache.qpid.framing.amqp_0_91.AMQMethodBody_0_91","0","31","0","1"
"36","qpid","org.apache.qpid.framing.amqp_8_0.AMQMethodBody_8_0","0","31","0","1"
"37","qpid","org.apache.qpid.transport.codec.BBEncoder","13","14","0.448276","1"
"38","qpid","org.apache.qpid.ra.inflow.QpidActivation","4","18","0.666667","1"
"39","qpid","org.apache.qpid.ra.inflow.QpidMessageHandler","4","18","0.571429","1"
"40","qpid","org.apache.qpid.management.ui.views.type.ConnectionTypeTabControl","1","20","0.5","1"
"41","qpid","org.apache.qpid.management.ui.views.type.ExchangeTypeTabControl","1","20","0.5","1"
"42","qpid","org.apache.qpid.management.ui.views.type.QueueTypeTabControl","7","20","0.466667","1.45"
"43","qpid","org.apache.qpid.server.logging.AccessControlLoggingTest","2","21","0.333333","1"
"44","qpid","org.apache.qpid.server.logging.AlertingTest","2","21","0.285714","1.35"
"45","qpid","org.apache.qpid.server.logging.BindingLoggingTest","1","21","0.166667","1"
"46","qpid","org.apache.qpid.server.logging.BrokerLoggingTest","1","21","0.0769231","1"
"47","qpid","org.apache.qpid.server.logging.ChannelLoggingTest","0","21","0","1"
"48","qpid","org.apache.qpid.server.logging.ConnectionLoggingTest","0","21","0","1"
"49","qpid","org.apache.qpid.server.logging.DurableQueueLoggingTest","1","21","0.125","1"
"50","qpid","org.apache.qpid.server.logging.ExchangeLoggingTest","1","21","0.166667","1"
"51","qpid","org.apache.qpid.server.logging.QueueLoggingTest","1","21","0.333333","1"
"52","qpid","org.apache.qpid.server.logging.SubscriptionLoggingTest","1","21","0.111111","1"
"53","qpid","org.apache.qpid.server.logging.VirtualHostLoggingTest","0","21","0","1.35"
"54","qpid","org.apache.qpid.test.unit.transacted.TransactionTimeoutDisabledTest","1","22","0.333333","1"
"55","qpid","org.apache.qpid.test.unit.transacted.TransactionTimeoutTest","1","22","0.0588235","1"
"56","qpid","org.apache.qpid.test.utils.FailoverBaseCase","3","61","0.75","1"
"57","qpid","org.apache.qpid.test.utils.QpidClientConnection","1","61","0.0588235","1"
