"id","projectName","className","nmnoparam","loc","nogv","possibility"
"1","cassandra","org.apache.cassandra.thrift.Cassandra.Client","35","843","9","1.2000000000000002"
"2","cassandra","org.apache.cassandra.thrift.CfDef","108","3085","47","3.17"
"3","cassandra","org.apache.cassandra.thrift.KeyRange","28","734","11","1.27"
"4","cassandra","org.apache.cassandra.thrift.KsDef","28","749","10","1.17"
"5","cassandra","org.apache.cassandra.thrift.TokenRange","27","697","10","1"
"6","cassandra","org.apache.cassandra.cli.CliClient","11","1791","9","1.37"
"7","cassandra","org.apache.cassandra.config.CFMetaData","29","743","34","1.67"
"8","cassandra","org.apache.cassandra.config.DatabaseDescriptor","79","612","146","2.2"
"9","cassandra","org.apache.cassandra.db.ColumnFamilyStore","65","1079","22","2.2699999999999996"
"10","cassandra","org.apache.cassandra.db.Memtable","11","238","32","1.17"
"11","cassandra","org.apache.cassandra.hadoop.pig.CassandraStorage","6","574","46","1.27"
"12","cassandra","org.apache.cassandra.net.MessagingService","23","458","13","1.0699999999999998"
"13","cassandra","org.apache.cassandra.service.StorageProxy","22","707","9","1.0699999999999998"
"14","cassandra","org.apache.cassandra.service.StorageService","33","1789","24","2.0700000000000003"
"15","cassandra","org.apache.cassandra.tools.NodeProbe","47","411","26","1.6"
"16","cassandra","org.apache.cassandra.stress.Session","25","369","22","1.1"
