"id","projectName","className","nmnoparam","loc","nogv","possibility"
"1","cassandra","org.apache.cassandra.thrift.Cassandra.Client","1","843","1","1"
"2","cassandra","org.apache.cassandra.thrift.CfDef","56","3084","17","1.17"
"3","cassandra","org.apache.cassandra.thrift.KeyRange","8","734","1","1.17"
"4","cassandra","org.apache.cassandra.thrift.KsDef","11","749","2","1.17"
"5","cassandra","org.apache.cassandra.thrift.TokenRange","1","697","1","1"
"6","cassandra","org.apache.cassandra.cli.CliClient","1","1681","1","1.17"
"7","cassandra","org.apache.cassandra.config.CFMetaData","10","706","12","1.17"
"8","cassandra","org.apache.cassandra.cql.QueryProcessor","1","556","1","1.07"
"9","cassandra","org.apache.cassandra.db.ColumnFamilyStore","3","873","1","1.17"
"10","cassandra","org.apache.cassandra.gms.Gossiper","3","671","4","1"
"11","cassandra","org.apache.cassandra.service.StorageService","13","1631","3","1.17"
"12","cassandra","org.apache.cassandra.tools.NodeCmd","1","771","1","1"
