"id","projectName","className","nmnoparam","loc","nogv","possibility"
"1","elasticsearch","org.apache.lucene.analysis.miscellaneous.WordDelimiterFilter","3","367","53","1.3"
"2","elasticsearch","org.apache.lucene.analysis.miscellaneous.WordDelimiterIterator","4","236","29","1"
"3","elasticsearch","org.apache.lucene.analysis.pattern.PatternTokenizer","2","77","41","1"
"4","elasticsearch","org.apache.lucene.index.memory.CustomMemoryIndex.MemoryIndexReader","8","363","34","1.4"
"5","elasticsearch","org.apache.lucene.queryParser.QueryParserSettings","18","166","22","1.5"
"6","elasticsearch","org.elasticsearch.action.index.IndexRequest","19","591","13","1.87"
"7","elasticsearch","org.elasticsearch.action.mlt.MoreLikeThisRequest","27","554","8","1.77"
"8","elasticsearch","org.elasticsearch.action.search.SearchRequest","16","449","18","1.67"
"9","elasticsearch","org.elasticsearch.action.search.SearchResponse","15","253","8","1.27"
"10","elasticsearch","org.elasticsearch.action.search.type.TransportSearchScrollScanAction.AsyncAction","4","171","27","1.07"
"11","elasticsearch","org.elasticsearch.cluster.metadata.IndexMetaData","15","408","5","1.0999999999999999"
"12","elasticsearch","org.elasticsearch.cluster.routing.ImmutableShardRouting","17","189","10","1.37"
"13","elasticsearch","org.elasticsearch.cluster.routing.IndexShardRoutingTable","18","351","14","1.5"
"14","elasticsearch","org.elasticsearch.common.CacheRecycler","12","330","12","1.2"
"15","elasticsearch","org.elasticsearch.common.compress.bzip2.CBZip2InputStream","18","735","27","2.2700000000000005"
"16","elasticsearch","org.elasticsearch.common.compress.bzip2.CBZip2OutputStream","17","1453","23","2.67"
"17","elasticsearch","org.elasticsearch.common.lucene.analysis.HTMLStripCharFilter","14","533","28","1.87"
"18","elasticsearch","org.elasticsearch.common.lucene.search.function.FiltersFunctionScoreQuery.CustomBoostFactorScorer","3","83","38","1.1"
"19","elasticsearch","org.elasticsearch.common.StopWatch","11","207","11","1.1"
"20","elasticsearch","org.elasticsearch.common.unit.TimeValue","16","221","8","1.0999999999999999"
"21","elasticsearch","org.elasticsearch.discovery.zen.ping.multicast.MulticastZenPing","2","410","26","1.17"
"22","elasticsearch","org.elasticsearch.discovery.zen.ZenDiscovery","11","465","20","1.5699999999999998"
"23","elasticsearch","org.elasticsearch.http.netty.NettyHttpServerTransport","4","196","34","1"
"24","elasticsearch","org.elasticsearch.index.engine.robin.RobinEngine","9","1222","22","2.0700000000000003"
"25","elasticsearch","org.elasticsearch.index.get.GetResult","19","268","8","1.4700000000000002"
"26","elasticsearch","org.elasticsearch.index.mapper.ParseContext","27","195","2","1"
"27","elasticsearch","org.elasticsearch.index.query.QueryParseContext","16","200","13","1.2999999999999998"
"28","elasticsearch","org.elasticsearch.index.search.nested.BlockJoinQuery.BlockJoinScorer","4","119","34","1"
"29","elasticsearch","org.elasticsearch.index.shard.service.InternalIndexShard","23","664","10","1.9699999999999998"
"30","elasticsearch","org.elasticsearch.index.translog.fs.FsChannelSnapshot","8","82","24","1"
"31","elasticsearch","org.elasticsearch.monitor.jvm.JvmInfo","24","319","12","1.6"
"32","elasticsearch","org.elasticsearch.monitor.jvm.JvmStats","8","596","50","1.7"
"33","elasticsearch","org.elasticsearch.node.internal.InternalNode","7","204","29","1.2000000000000002"
"34","elasticsearch","org.elasticsearch.search.internal.InternalSearchHit","21","561","9","1.87"
"35","elasticsearch","org.elasticsearch.search.internal.SearchContext","58","384","6","1.4"
"36","elasticsearch","org.elasticsearch.transport.netty.NettyTransport","6","542","58","1.5"
"37","elasticsearch","org.elasticsearch.test.integration.aliases.IndexAliasesTests","15","418","33","1.7999999999999998"
"38","elasticsearch","org.elasticsearch.test.integration.document.DocumentActionsTests","5","224","29","1.1"
"39","elasticsearch","org.elasticsearch.test.integration.gateway.local.LocalGatewayIndexStateTests","5","211","22","1"
"40","elasticsearch","org.elasticsearch.test.integration.recovery.RecoveryWhileUnderLoadTests","3","245","27","1"
"41","elasticsearch","org.elasticsearch.test.integration.routing.AliasRoutingTests","7","289","37","1.4"
"42","elasticsearch","org.elasticsearch.test.integration.routing.SimpleRoutingTests","8","235","23","1.1"
"43","elasticsearch","org.elasticsearch.test.integration.search.child.SimpleChildQuerySearchTests","9","366","26","1.4000000000000001"
"44","elasticsearch","org.elasticsearch.test.integration.search.embedded.SingleShardEmbeddedSearchTests","13","245","12","1.37"
"45","elasticsearch","org.elasticsearch.test.integration.search.embedded.ThreeShardsEmbeddedSearchTests","5","224","19","1.0699999999999998"
"46","elasticsearch","org.elasticsearch.test.integration.search.embedded.ThreeShardsUnbalancedShardsEmbeddedSearchTests","5","244","19","1.0699999999999998"
"47","elasticsearch","org.elasticsearch.test.integration.search.facet.SimpleFacetsTests","18","1156","13","2.1"
"48","elasticsearch","org.elasticsearch.test.integration.search.highlight.HighlighterSearchTests","15","310","9","1.2"
"49","elasticsearch","org.elasticsearch.test.integration.search.query.SimpleQueryTests","8","208","16","1"
"50","elasticsearch","org.elasticsearch.test.integration.versioning.SimpleVersioningTests","7","212","18","1"
"51","elasticsearch","org.elasticsearch.test.stress.rollingrestart.RollingRestartStressTest","2","219","50","1.27"
"52","elasticsearch","org.elasticsearch.test.stress.search1.Search1StressTest","6","291","34","1.2000000000000002"
"53","elasticsearch","org.elasticsearch.test.unit.cluster.routing.allocation.AwarenessAllocationTests","9","382","11","1.27"
"54","elasticsearch","org.elasticsearch.test.unit.index.engine.AbstractSimpleEngineTests","30","635","38","2.4"
