"id","projectName","className","methodName","mloc","nop","nos","treeDepth","treeWidth","nodeSum","maxChildren","possibility"
"1","freemind","accessories.plugins.dialogs.ManagePatternsPopupDialog","getJContentPane","118","1","2","15","184","1387","6","1.5"
"2","freemind","accessories.plugins.time.JDayChooser","JDayChooser","77","1","32","21","88","907","5","1.4"
"3","freemind","accessories.plugins.time.JDayChooser","drawDays","70","0","32","10","120","915","5","1.3"
"4","freemind","accessories.plugins.time.TimeList","startupMapHook","188","0","80","16","237","2479","4","3.5"
"5","freemind","accessories.plugins.time.TimeManagement","startupMapHook","118","0","31","15","154","1265","4","1.9"
"6","freemind","accessories.plugins.util.xslt.ExportDialog","ExportDialog","62","2","60","6","158","897","5","1.9"
"7","freemind","freemind.common.OptionalDontShowMeAgainDialog","show","61","0","33","11","108","879","4","1.3"
"8","freemind","freemind.controller.Controller","Controller","70","1","52","14","115","933","4","1.6"
"9","freemind","freemind.controller.Controller.PageAction","actionPerformed","71","1","44","12","127","857","5","1.6"
"10","freemind","freemind.controller.filter.FilterComposerDialog","FilterComposerDialog","124","2","107","9","316","1737","5","3.2"
"11","freemind","freemind.controller.MenuBar","updateMenus","68","1","62","7","182","951","6","2.1"
"12","freemind","freemind.main.FreeMind","setScreenBounds","124","0","38","21","106","1527","4","2.1"
"13","freemind","freemind.main.FreeMindSplash","FreeMindSplash","66","1","20","17","72","1085","4","1.2"
"14","freemind","freemind.main.Tools","setDialogLocationRelativeTo","80","2","22","13","65","843","7","1.1"
"15","freemind","freemind.main.XMLElement","scanElement","139","1","20","14","85","1101","7","1.4"
"16","freemind","freemind.modes.mindmapmode.actions.ApplyPatternAction","applyPattern","96","2","15","14","93","1121","6","1.2"
"17","freemind","freemind.modes.mindmapmode.actions.EditAction","edit","120","6","23","16","73","1263","10","1.5"
"18","freemind","freemind.modes.mindmapmode.actions.PasteAction","pasteStringWithoutRedisplay","89","4","15","15","70","1147","11","1.1"
"19","freemind","freemind.modes.mindmapmode.attributeactors.AssignAttributeDialog","AssignAttributeDialog","132","1","115","11","346","1721","4","3.1"
"20","freemind","freemind.modes.mindmapmode.attributeactors.AttributeManagerDialog","AttributeManagerDialog","49","1","37","12","107","649","4","1.3"
"21","freemind","freemind.modes.mindmapmode.attributeactors.ListDialog","ListDialog","89","6","59","16","170","1237","9","2.3"
"22","freemind","freemind.modes.mindmapmode.dialogs.StylePatternFrame","getControls","105","0","87","9","258","1559","4","2.8"
"23","freemind","freemind.modes.mindmapmode.MindMapController","createStandardActions","70","0","68","10","159","1107","4","2.1"
"24","freemind","freemind.modes.mindmapmode.MindMapController","setAllActions","82","1","67","9","215","877","6","2.3"
"25","freemind","freemind.modes.mindmapmode.MindMapHTMLWriter","saveHTML","102","6","23","13","70","1033","11","1.3"
"26","freemind","freemind.modes.NodeAdapter","save","120","4","30","12","173","1365","9","1.8"
"27","freemind","freemind.modes.XMLElementAdapter","setAttribute","148","2","9","18","66","1187","6","1.4"
"28","freemind","freemind.preferences.layout.GrabKeyDialog","init","58","3","31","11","82","639","7","1.1"
"29","freemind","freemind.preferences.layout.KeyEventWorkaround","processKeyEvent","158","1","3","16","132","1241","6","1.6"
"30","freemind","freemind.preferences.layout.OptionPanel","getControls","294","0","261","13","840","5599","4","4"
"31","freemind","freemind.view.mindmapview.ArrowLinkView","paint","69","1","18","10","92","1005","6","1.1"
"32","freemind","freemind.view.mindmapview.CloudView","paint","64","1","27","16","90","879","5","1.2"
"33","freemind","freemind.view.mindmapview.EditNodeDialog.LongNodeDialog","LongNodeDialog","135","0","47","19","141","1429","2","2.2"
"34","freemind","freemind.view.mindmapview.EditNodeTextField","show","141","0","47","12","148","1479","4","2.2"
"35","freemind","plugins.script.ScriptEditorPanel","ScriptEditorPanel","89","3","50","17","139","1019","6","2"
"36","freemind","plugins.script.ScriptingEngine","executeScript","138","7","31","17","118","1507","12","2"
"37","freemind","tests.freemind.HtmlConversionTests","getHtmlBody","4","1","2","6","273","585","5","1.1"
