id,projectName,packageName,className,type,isJavadoc,author,since,version,isLC,loc,NMNOPARAM,isSC
1,karaf,org.apache.karaf.admin.command,org.apache.karaf.admin.command.AdminCommandSupport,1,FALSE,anonymous,null,null,0,16,1,0
2,karaf,org.apache.karaf.admin.command,org.apache.karaf.admin.command.ChangeOptsCommand,1,FALSE,anonymous,null,null,0,8,1,0
3,karaf,org.apache.karaf.admin.command,org.apache.karaf.admin.command.ChangeRmiRegistryPortCommand,1,FALSE,anonymous,null,null,0,8,1,0
4,karaf,org.apache.karaf.admin.command,org.apache.karaf.admin.command.ChangeRmiServerPortCommand,1,FALSE,anonymous,null,null,0,8,1,0
5,karaf,org.apache.karaf.admin.command,org.apache.karaf.admin.command.ChangeSshPortCommand,1,FALSE,anonymous,null,null,0,8,1,0
6,karaf,org.apache.karaf.admin.command,org.apache.karaf.admin.command.CloneCommand,1,TRUE,anonymous,null,null,0,18,1,0
7,karaf,org.apache.karaf.admin.command.completers,org.apache.karaf.admin.command.completers.InstanceCompleter,1,TRUE,anonymous,null,null,0,16,0,0
8,karaf,org.apache.karaf.admin.command,org.apache.karaf.admin.command.ConnectCommand,1,FALSE,anonymous,null,null,0,26,1,0
9,karaf,org.apache.karaf.admin.command,org.apache.karaf.admin.command.CreateCommand,1,TRUE,anonymous,null,null,0,18,1,0
10,karaf,org.apache.karaf.admin.command,org.apache.karaf.admin.command.DestroyCommand,1,TRUE,anonymous,null,null,0,10,1,0
11,karaf,org.apache.karaf.admin.command,org.apache.karaf.admin.command.ListCommand,1,TRUE,anonymous,null,null,0,59,1,0
12,karaf,org.apache.karaf.admin.command,org.apache.karaf.admin.command.RenameCommand,1,TRUE,anonymous,null,null,0,11,1,0
13,karaf,org.apache.karaf.admin.command,org.apache.karaf.admin.command.StartCommand,1,FALSE,anonymous,null,null,0,25,1,0
14,karaf,org.apache.karaf.admin.command,org.apache.karaf.admin.command.StopCommand,1,FALSE,anonymous,null,null,0,7,1,0
15,karaf,org.apache.karaf.admin.main,org.apache.karaf.admin.main.Execute,1,FALSE,anonymous,null,null,0,100,1,0
16,karaf,org.apache.karaf.admin.command,org.apache.karaf.admin.command.CreateCommandTest,1,FALSE,anonymous,null,null,0,23,1,0
17,karaf,org.apache.karaf.admin.main,org.apache.karaf.admin.main.ExecuteTest,1,FALSE,anonymous,null,null,0,133,7,0
18,karaf,org.apache.karaf.admin,org.apache.karaf.admin.AdminService,1,FALSE,anonymous,null,null,0,7,1,0
19,karaf,org.apache.karaf.admin,org.apache.karaf.admin.Instance,1,FALSE,anonymous,null,null,0,24,11,0
20,karaf,org.apache.karaf.admin,org.apache.karaf.admin.InstanceSettings,1,FALSE,anonymous,null,null,0,57,8,0
21,karaf,org.apache.karaf.admin.internal,org.apache.karaf.admin.internal.AdminServiceImpl,1,FALSE,anonymous,null,null,1,431,5,0
22,karaf,org.apache.karaf.admin.internal,org.apache.karaf.admin.internal.InstanceImpl,1,FALSE,anonymous,null,null,1,404,14,1
23,karaf,org.apache.karaf.jpm.impl,org.apache.karaf.jpm.impl.ProcessBuilderFactoryImpl,1,FALSE,anonymous,null,null,0,5,1,0
24,karaf,org.apache.karaf.jpm.impl,org.apache.karaf.jpm.impl.ProcessBuilderImpl,1,FALSE,anonymous,null,null,0,18,1,0
25,karaf,org.apache.karaf.jpm.impl,org.apache.karaf.jpm.impl.ProcessImpl,1,FALSE,anonymous,null,null,0,90,5,0
26,karaf,org.apache.karaf.jpm.impl,org.apache.karaf.jpm.impl.ScriptUtils,1,FALSE,anonymous,null,null,0,88,1,0
27,karaf,org.apache.karaf.jpm,org.apache.karaf.jpm.Process,1,TRUE,anonymous,null,null,0,21,3,0
28,karaf,org.apache.karaf.jpm,org.apache.karaf.jpm.ProcessBuilder,1,TRUE,anonymous,null,null,0,29,1,0
29,karaf,org.apache.karaf.jpm,org.apache.karaf.jpm.ProcessBuilderFactory,1,TRUE,anonymous,null,null,0,9,2,0
30,karaf,org.apache.karaf.admin,org.apache.karaf.admin.InstanceSettingsTest,1,FALSE,anonymous,null,null,0,27,3,0
31,karaf,org.apache.karaf.admin.internal,org.apache.karaf.admin.internal.AdminServiceImplTest,1,FALSE,anonymous,null,null,0,68,3,0
32,karaf,org.apache.karaf.jpm,org.apache.karaf.jpm.MainTest,1,FALSE,anonymous,null,null,0,5,0,0
33,karaf,org.apache.karaf.jpm,org.apache.karaf.jpm.ProcessTest,1,FALSE,anonymous,null,null,0,32,1,0
34,karaf,org.apache.karaf.admin.management,org.apache.karaf.admin.management.AdminServiceMBean,1,FALSE,anonymous,null,null,0,25,1,0
35,karaf,org.apache.karaf.admin.management.codec,org.apache.karaf.admin.management.codec.JmxInstance,1,FALSE,anonymous,null,null,0,81,3,0
36,karaf,org.apache.karaf.admin.management.internal,org.apache.karaf.admin.management.internal.AdminServiceMBeanImpl,1,FALSE,anonymous,null,null,0,118,3,0
37,karaf,org.apache.karaf.admin.management.codec,org.apache.karaf.admin.management.codec.JmxInstanceTest,1,FALSE,anonymous,null,null,0,62,3,0
38,karaf,org.apache.karaf.admin.management.internal,org.apache.karaf.admin.management.internal.AdminServiceMBeanImplTest,1,FALSE,anonymous,null,null,0,180,11,0
39,karaf,$,$.MyService,1,FALSE,anonymous,null,null,0,3,0,0
40,karaf,$,$.MyServiceImpl,1,FALSE,anonymous,null,null,0,5,0,0
41,karaf,$,$.Activator,1,FALSE,anonymous,null,null,0,8,0,0
42,karaf,$,$.$,1,TRUE,anonymous,null,null,0,11,1,0
43,karaf,$,$.$,1,TRUE,anonymous,null,null,0,15,3,0
44,karaf,org.apache.karaf.client,org.apache.karaf.client.Main,1,TRUE,anonymous,null,null,0,295,0,0
45,karaf,org.apache.karaf.client,org.apache.karaf.client.Main.ConsoleInputStream,1,FALSE,anonymous,null,null,0,85,3,0
46,karaf,org.slf4j.impl,org.slf4j.impl.SimpleLogger,1,TRUE,anonymous,null,null,1,182,7,0
47,karaf,org.apache.karaf.demos.command,org.apache.karaf.demos.command.MyCommand,1,FALSE,anonymous,null,null,0,7,1,0
48,karaf,org.apache.karaf.demos.command,org.apache.karaf.demos.command.MyCompleter,1,TRUE,anonymous,null,null,0,17,0,0
49,karaf,org.apache.karaf.demos.deployer.bundle,org.apache.karaf.demos.deployer.bundle.Activator,1,FALSE,anonymous,null,null,0,8,0,0
50,karaf,org.apache.karaf.diagnostic.demo,org.apache.karaf.diagnostic.demo.ScreenshotDumpProvider,1,TRUE,anonymous,null,null,0,20,0,0
51,karaf,org.apache.karaf.web,org.apache.karaf.web.WebAppListener,1,FALSE,anonymous,null,null,0,35,0,0
52,karaf,org.apache.karaf.deployer.blueprint,org.apache.karaf.deployer.blueprint.BlueprintDeploymentListener,1,TRUE,anonymous,null,null,0,50,0,0
53,karaf,org.apache.karaf.deployer.blueprint,org.apache.karaf.deployer.blueprint.BlueprintTransformer,1,FALSE,anonymous,null,null,0,122,0,0
54,karaf,org.apache.karaf.deployer.blueprint,org.apache.karaf.deployer.blueprint.BlueprintURLHandler,1,TRUE,anonymous,null,null,0,44,1,0
55,karaf,org.apache.karaf.deployer.blueprint,org.apache.karaf.deployer.blueprint.BlueprintURLHandler.Connection,1,FALSE,anonymous,null,null,0,19,2,0
56,karaf,org.apache.karaf.deployer.blueprint,org.apache.karaf.deployer.blueprint.BlueprintDeploymentListenerTest,1,FALSE,anonymous,null,null,0,81,4,0
57,karaf,org.apache.karaf.deployer.features,org.apache.karaf.deployer.features.FeatureDeploymentListener,1,TRUE,anonymous,null,null,0,238,4,0
58,karaf,org.apache.karaf.deployer.features,org.apache.karaf.deployer.features.FeatureTransformer,1,TRUE,anonymous,null,null,0,48,0,0
59,karaf,org.apache.karaf.deployer.features,org.apache.karaf.deployer.features.FeatureURLHandler,1,TRUE,anonymous,null,null,0,44,1,0
60,karaf,org.apache.karaf.deployer.features,org.apache.karaf.deployer.features.FeatureURLHandler.Connection,1,FALSE,anonymous,null,null,0,19,2,0
61,karaf,org.apache.karaf.deployer.kar,org.apache.karaf.deployer.kar.KarArtifactInstaller,1,FALSE,anonymous,null,null,1,394,3,0
62,karaf,org.apache.karaf.deployer.kar,org.apache.karaf.deployer.kar.KarArtifactInstallerTest,1,FALSE,anonymous,null,null,0,82,14,0
63,karaf,org.apache.karaf.deployer.spring,org.apache.karaf.deployer.spring.SpringDeploymentListener,1,TRUE,anonymous,null,null,0,50,0,0
64,karaf,org.apache.karaf.deployer.spring,org.apache.karaf.deployer.spring.SpringTransformer,1,FALSE,anonymous,null,null,0,120,0,0
65,karaf,org.apache.karaf.deployer.spring,org.apache.karaf.deployer.spring.SpringURLHandler,1,TRUE,anonymous,null,null,0,44,1,0
66,karaf,org.apache.karaf.deployer.spring,org.apache.karaf.deployer.spring.SpringURLHandler.Connection,1,FALSE,anonymous,null,null,0,19,2,0
67,karaf,org.apache.karaf.deployer.spring,org.apache.karaf.deployer.spring.SpringDeploymentListenerTest,1,FALSE,anonymous,null,null,0,27,2,0
68,karaf,org.apache.karaf.deployer.wrap,org.apache.karaf.deployer.wrap.WrapDeploymentListener,1,TRUE,anonymous,null,null,0,37,0,0
69,karaf,org.apache.karaf.diagnostic.command,org.apache.karaf.diagnostic.command.DumpCommand,1,TRUE,anonymous,null,null,0,54,1,0
70,karaf,org.apache.karaf.diagnostic.common,org.apache.karaf.diagnostic.common.BundleDumpProvider,1,TRUE,anonymous,null,null,0,44,0,0
71,karaf,org.apache.karaf.diagnostic.common,org.apache.karaf.diagnostic.common.FeaturesDumpProvider,1,TRUE,anonymous,null,null,0,40,0,0
72,karaf,org.apache.karaf.diagnostic.common,org.apache.karaf.diagnostic.common.LogDumpProvider,1,TRUE,anonymous,null,null,0,54,0,0
73,karaf,org.apache.karaf.diagnostic.common,org.apache.karaf.diagnostic.common.ThreadDumpProvider,1,TRUE,anonymous,null,null,0,18,1,0
74,karaf,org.apache.karaf.diagnostic.core.common,org.apache.karaf.diagnostic.core.common.ClosingEntryOutputStreamWrapper,1,TRUE,anonymous,null,null,0,40,1,0
75,karaf,org.apache.karaf.diagnostic.core.common,org.apache.karaf.diagnostic.core.common.DirectoryDumpDestination,1,TRUE,anonymous,null,null,0,24,1,0
76,karaf,org.apache.karaf.diagnostic.core.common,org.apache.karaf.diagnostic.core.common.TextDumpProvider,1,TRUE,anonymous,null,null,0,36,0,0
77,karaf,org.apache.karaf.diagnostic.core.common,org.apache.karaf.diagnostic.core.common.ZipDumpDestination,1,TRUE,anonymous,null,null,0,43,1,0
78,karaf,org.apache.karaf.diagnostic.core,org.apache.karaf.diagnostic.core.DumpDestination,1,TRUE,anonymous,null,null,0,16,1,0
79,karaf,org.apache.karaf.diagnostic.core,org.apache.karaf.diagnostic.core.DumpProvider,1,TRUE,anonymous,null,null,0,9,0,0
80,karaf,org.apache.karaf.diagnostic.management,org.apache.karaf.diagnostic.management.DiagnosticDumpMBean,1,TRUE,anonymous,null,null,0,18,0,0
81,karaf,org.apache.karaf.diagnostic.management.internal,org.apache.karaf.diagnostic.management.internal.DiagnosticDumpMBeanImpl,1,TRUE,anonymous,null,null,0,47,1,0
82,karaf,java.lang,java.lang.Exception,1,TRUE,anonymous,null,null,0,68,2,0
83,karaf,java.lang,java.lang.Exception.SecurityManagerEx,1,FALSE,anonymous,null,null,0,27,1,0
84,karaf,org.apache.karaf.features.command,org.apache.karaf.features.command.AddUrlCommand,1,FALSE,anonymous,null,null,0,16,0,0
85,karaf,org.apache.karaf.features.command,org.apache.karaf.features.command.Artifact,1,TRUE,anonymous,null,null,0,31,0,0
86,karaf,org.apache.karaf.features.command,org.apache.karaf.features.command.ChooseUrlCommand,1,TRUE,anonymous,null,null,0,25,1,0
87,karaf,org.apache.karaf.features.command.completers,org.apache.karaf.features.command.completers.AllFeatureCompleter,1,TRUE,anonymous,null,null,0,8,0,0
88,karaf,org.apache.karaf.features.command.completers,org.apache.karaf.features.command.completers.AvailableFeatureCompleter,1,TRUE,anonymous,null,null,0,8,0,0
89,karaf,org.apache.karaf.features.command.completers,org.apache.karaf.features.command.completers.FeatureCompleterSupport,1,TRUE,anonymous,null,null,0,31,0,0
90,karaf,org.apache.karaf.features.command.completers,org.apache.karaf.features.command.completers.FeatureRepoNameCompleter,1,FALSE,anonymous,null,null,0,10,0,0
91,karaf,org.apache.karaf.features.command.completers,org.apache.karaf.features.command.completers.FeatureRepositoryCompleter,1,TRUE,anonymous,null,null,0,20,0,0
92,karaf,org.apache.karaf.features.command.completers,org.apache.karaf.features.command.completers.FeatureRepositoryNameCompleter,1,TRUE,anonymous,null,null,0,20,0,0
93,karaf,org.apache.karaf.features.command.completers,org.apache.karaf.features.command.completers.InstalledFeatureCompleter,1,TRUE,anonymous,null,null,0,8,0,0
94,karaf,org.apache.karaf.features.command,org.apache.karaf.features.command.FeatureFinder,1,FALSE,anonymous,null,null,0,26,1,0
95,karaf,org.apache.karaf.features.command,org.apache.karaf.features.command.FeaturesCommandSupport,1,FALSE,anonymous,null,null,0,22,1,0
96,karaf,org.apache.karaf.features.command,org.apache.karaf.features.command.InfoFeatureCommand,1,TRUE,anonymous,null,null,0,150,0,0
97,karaf,org.apache.karaf.features.command,org.apache.karaf.features.command.InstallFeatureCommand,1,FALSE,anonymous,null,null,0,31,0,0
98,karaf,org.apache.karaf.features.command,org.apache.karaf.features.command.ListFeaturesCommand,1,FALSE,anonymous,null,null,0,111,0,0
99,karaf,org.apache.karaf.features.command,org.apache.karaf.features.command.ListFeaturesCommand.FeatureComparator,1,FALSE,anonymous,null,null,0,5,0,0
100,karaf,org.apache.karaf.features.command,org.apache.karaf.features.command.ListFeatureVersionsCommand,1,FALSE,anonymous,null,null,0,65,0,0
101,karaf,org.apache.karaf.features.command,org.apache.karaf.features.command.ListFeatureVersionsCommand.VersionInRepository,1,FALSE,anonymous,null,null,0,4,0,0
102,karaf,org.apache.karaf.features.command,org.apache.karaf.features.command.ListRepositoriesCommand,1,FALSE,anonymous,null,null,0,40,0,0
103,karaf,org.apache.karaf.features.command,org.apache.karaf.features.command.ListUrlCommand,1,TRUE,anonymous,null,null,0,41,0,0
104,karaf,org.apache.karaf.features.command,org.apache.karaf.features.command.RefreshUrlCommand,1,FALSE,anonymous,null,null,0,24,0,0
105,karaf,org.apache.karaf.features.command,org.apache.karaf.features.command.RemoveRepositoryCommand,1,FALSE,anonymous,null,null,0,18,0,0
106,karaf,org.apache.karaf.features.command,org.apache.karaf.features.command.RemoveUrlCommand,1,FALSE,anonymous,null,null,0,9,0,0
107,karaf,org.apache.karaf.features.command,org.apache.karaf.features.command.UninstallFeatureCommand,1,FALSE,anonymous,null,null,0,19,0,0
108,karaf,org.apache.karaf.features,org.apache.karaf.features.BundleInfo,1,TRUE,anonymous,null,null,0,9,4,0
109,karaf,org.apache.karaf.features,org.apache.karaf.features.ConfigFileInfo,1,FALSE,anonymous,null,null,0,5,3,0
110,karaf,org.apache.karaf.features,org.apache.karaf.features.EventConstants,1,TRUE,anonymous,null,null,0,19,1,0
111,karaf,org.apache.karaf.features,org.apache.karaf.features.Feature,1,TRUE,anonymous,null,null,0,17,11,0
112,karaf,org.apache.karaf.features,org.apache.karaf.features.FeatureEvent,1,FALSE,anonymous,null,null,0,23,3,0
113,karaf,org.apache.karaf.features,org.apache.karaf.features.FeaturesListener,1,FALSE,anonymous,null,null,0,4,0,0
114,karaf,org.apache.karaf.features,org.apache.karaf.features.FeaturesNamespaces,1,TRUE,anonymous,null,null,0,13,0,0
115,karaf,org.apache.karaf.features,org.apache.karaf.features.FeaturesService,1,TRUE,anonymous,null,null,0,33,3,0
116,karaf,org.apache.karaf.features.internal,org.apache.karaf.features.internal.BundleInfoImpl,1,TRUE,anonymous,null,null,0,57,5,0
117,karaf,org.apache.karaf.features.internal,org.apache.karaf.features.internal.ConfigFileInfoImpl,1,FALSE,anonymous,null,null,0,19,3,0
118,karaf,org.apache.karaf.features.internal,org.apache.karaf.features.internal.EventAdminListener,1,TRUE,anonymous,null,null,0,58,0,0
119,karaf,org.apache.karaf.features.internal,org.apache.karaf.features.internal.FeatureImpl,1,TRUE,anonymous,null,null,0,116,14,0
120,karaf,org.apache.karaf.features.internal,org.apache.karaf.features.internal.FeaturesServiceImpl,1,TRUE,anonymous,null,null,1,1209,15,1
121,karaf,org.apache.karaf.features.internal,org.apache.karaf.features.internal.FeaturesServiceImpl.InstallationState,1,FALSE,anonymous,null,null,0,6,0,0
122,karaf,org.apache.karaf.features.internal,org.apache.karaf.features.internal.FeaturesServiceImpl.InstallResult,1,FALSE,anonymous,null,null,0,19,3,0
123,karaf,org.apache.karaf.features.internal,org.apache.karaf.features.internal.FeatureValidationUtil,1,TRUE,anonymous,null,null,0,30,0,0
124,karaf,org.apache.karaf.features.internal,org.apache.karaf.features.internal.RepositoryImpl,1,TRUE,anonymous,null,null,0,212,6,1
125,karaf,org.apache.karaf.features,org.apache.karaf.features.Repository,1,TRUE,anonymous,null,null,0,10,5,0
126,karaf,org.apache.karaf.features,org.apache.karaf.features.RepositoryEvent,1,FALSE,anonymous,null,null,0,23,3,0
127,karaf,org.apache.karaf.features,org.apache.karaf.features.Resolver,1,FALSE,anonymous,null,null,0,3,0,0
128,karaf,org.apache.karaf.features,org.apache.karaf.features.FeaturesServiceTest,1,FALSE,anonymous,null,null,1,622,18,0
129,karaf,org.apache.karaf.features,org.apache.karaf.features.FeatureTest,1,FALSE,anonymous,null,null,0,10,1,0
130,karaf,org.apache.karaf.features.internal,org.apache.karaf.features.internal.FeaturesServiceImplTest,1,TRUE,anonymous,null,null,0,166,9,0
131,karaf,org.apache.karaf.features,org.apache.karaf.features.RepositoryTest,1,FALSE,anonymous,null,null,0,50,2,0
132,karaf,org.apache.karaf.features.management.codec,org.apache.karaf.features.management.codec.JmxFeature,1,FALSE,anonymous,null,null,1,242,11,0
133,karaf,org.apache.karaf.features.management.codec,org.apache.karaf.features.management.codec.JmxFeatureEvent,1,FALSE,anonymous,null,null,0,50,2,0
134,karaf,org.apache.karaf.features.management.codec,org.apache.karaf.features.management.codec.JmxRepository,1,FALSE,anonymous,null,null,0,71,3,0
135,karaf,org.apache.karaf.features.management.codec,org.apache.karaf.features.management.codec.JmxRepositoryEvent,1,FALSE,anonymous,null,null,0,50,2,0
136,karaf,org.apache.karaf.features.management,org.apache.karaf.features.management.FeaturesServiceMBean,1,FALSE,anonymous,null,null,0,64,2,0
137,karaf,org.apache.karaf.features.management.internal,org.apache.karaf.features.management.internal.FeaturesServiceMBeanImpl,1,TRUE,anonymous,null,null,0,167,10,0
138,karaf,org.apache.karaf.features.management.internal,org.apache.karaf.features.management.internal.StandardEmitterMBean,1,FALSE,anonymous,null,null,0,35,2,0
139,karaf,org.apache.karaf.features.management.internal,org.apache.karaf.features.management.internal.FeaturesServiceMBeanImplTest,1,FALSE,anonymous,null,null,0,5,1,0
140,karaf,org.apache.karaf.features.obr.internal,org.apache.karaf.features.obr.internal.BundleInfoImpl,1,TRUE,anonymous,null,null,0,57,5,0
141,karaf,org.apache.karaf.features.obr.internal,org.apache.karaf.features.obr.internal.ObrResolver,1,FALSE,anonymous,null,null,0,149,2,0
142,karaf,org.apache.karaf.features.obr.internal,org.apache.karaf.features.obr.internal.ObrResolverTest,1,FALSE,anonymous,null,null,0,108,3,0
143,karaf,org.apache.karaf.features.obr.internal,org.apache.karaf.features.obr.internal.ObrResolverTest.DummyDataModelHelper,1,TRUE,anonymous,null,null,0,8,0,0
144,karaf,org.apache.karaf.itests,org.apache.karaf.itests.AdminTest,1,FALSE,anonymous,null,null,0,56,5,0
145,karaf,org.apache.karaf.itests,org.apache.karaf.itests.ConfigTest,1,FALSE,anonymous,null,null,0,26,2,0
146,karaf,org.apache.karaf.itests,org.apache.karaf.itests.EnterpriseFeaturesTest,1,FALSE,anonymous,null,null,0,18,4,0
147,karaf,org.apache.karaf.itests,org.apache.karaf.itests.FeaturesTest,1,FALSE,anonymous,null,null,0,71,6,0
148,karaf,org.apache.karaf.itests,org.apache.karaf.itests.JaasTest,1,FALSE,anonymous,null,null,0,8,1,0
149,karaf,org.apache.karaf.itests,org.apache.karaf.itests.KarafTestSupport,1,FALSE,anonymous,null,null,0,141,2,0
150,karaf,org.apache.karaf.itests,org.apache.karaf.itests.LogTest,1,FALSE,anonymous,null,null,0,34,3,0
151,karaf,org.apache.karaf.itests,org.apache.karaf.itests.ObrTest,1,FALSE,anonymous,null,null,0,24,3,0
152,karaf,org.apache.karaf.itests,org.apache.karaf.itests.OsgiTest,1,FALSE,anonymous,null,null,0,93,13,0
153,karaf,org.apache.karaf.itests,org.apache.karaf.itests.PackagesTest,1,FALSE,anonymous,null,null,0,38,4,0
154,karaf,org.apache.karaf.itests,org.apache.karaf.itests.ServicesTest,1,FALSE,anonymous,null,null,0,20,2,0
155,karaf,org.apache.karaf.itests,org.apache.karaf.itests.StandardFeaturesTest,1,FALSE,anonymous,null,null,0,81,24,0
156,karaf,org.apache.karaf.itests,org.apache.karaf.itests.WrapperTest,1,FALSE,anonymous,null,null,0,8,1,0
157,karaf,org.apache.karaf.jaas.boot.principal,org.apache.karaf.jaas.boot.principal.GroupPrincipal,1,FALSE,anonymous,null,null,0,24,2,0
158,karaf,org.apache.karaf.jaas.boot.principal,org.apache.karaf.jaas.boot.principal.RolePrincipal,1,FALSE,anonymous,null,null,0,21,3,0
159,karaf,org.apache.karaf.jaas.boot.principal,org.apache.karaf.jaas.boot.principal.UserPrincipal,1,FALSE,anonymous,null,null,0,21,3,0
160,karaf,org.apache.karaf.jaas.boot,org.apache.karaf.jaas.boot.ProxyLoginModule,1,TRUE,anonymous,null,null,0,49,4,0
161,karaf,org.apache.karaf.jaas.command,org.apache.karaf.jaas.command.CancelCommand,1,FALSE,anonymous,null,null,0,11,1,0
162,karaf,org.apache.karaf.jaas.command.completers,org.apache.karaf.jaas.command.completers.LoginModuleNameCompleter,1,FALSE,anonymous,null,null,0,36,1,0
163,karaf,org.apache.karaf.jaas.command.completers,org.apache.karaf.jaas.command.completers.RealmCompleter,1,FALSE,anonymous,null,null,0,20,1,0
164,karaf,org.apache.karaf.jaas.command,org.apache.karaf.jaas.command.JaasCommandSupport,1,FALSE,anonymous,null,null,0,39,3,0
165,karaf,org.apache.karaf.jaas.command,org.apache.karaf.jaas.command.ListPendingCommand,1,FALSE,anonymous,null,null,0,26,1,0
166,karaf,org.apache.karaf.jaas.command,org.apache.karaf.jaas.command.ListRealmsCommand,1,FALSE,anonymous,null,null,0,30,1,0
167,karaf,org.apache.karaf.jaas.command,org.apache.karaf.jaas.command.ListUsersCommand,1,FALSE,anonymous,null,null,0,35,1,0
168,karaf,org.apache.karaf.jaas.command,org.apache.karaf.jaas.command.ManageRealmCommand,1,FALSE,anonymous,null,null,0,90,1,0
169,karaf,org.apache.karaf.jaas.command,org.apache.karaf.jaas.command.RoleAddCommand,1,FALSE,anonymous,null,null,0,29,3,0
170,karaf,org.apache.karaf.jaas.command,org.apache.karaf.jaas.command.RoleDeleteCommand,1,FALSE,anonymous,null,null,0,29,3,0
171,karaf,org.apache.karaf.jaas.command,org.apache.karaf.jaas.command.UpdateCommand,1,FALSE,anonymous,null,null,0,33,1,0
172,karaf,org.apache.karaf.jaas.command,org.apache.karaf.jaas.command.UserAddCommand,1,FALSE,anonymous,null,null,0,29,3,0
173,karaf,org.apache.karaf.jaas.command,org.apache.karaf.jaas.command.UserDeleteCommand,1,FALSE,anonymous,null,null,0,22,2,0
174,karaf,org.apache.karaf.jaas.config.impl,org.apache.karaf.jaas.config.impl.Config,1,TRUE,anonymous,null,null,0,70,5,0
175,karaf,org.apache.karaf.jaas.config.impl,org.apache.karaf.jaas.config.impl.Module,1,TRUE,anonymous,null,null,0,33,4,0
176,karaf,org.apache.karaf.jaas.config.impl,org.apache.karaf.jaas.config.impl.NamespaceHandler,1,FALSE,anonymous,null,null,0,113,1,0
177,karaf,org.apache.karaf.jaas.config.impl,org.apache.karaf.jaas.config.impl.OsgiConfiguration,1,FALSE,anonymous,null,null,0,36,3,0
178,karaf,org.apache.karaf.jaas.config.impl,org.apache.karaf.jaas.config.impl.OsgiKeystoreManager,1,TRUE,anonymous,null,null,0,105,0,0
179,karaf,org.apache.karaf.jaas.config.impl,org.apache.karaf.jaas.config.impl.ProxyLoginModuleInitializer,1,FALSE,anonymous,null,null,0,10,1,0
180,karaf,org.apache.karaf.jaas.config.impl,org.apache.karaf.jaas.config.impl.ResourceKeystoreInstance,1,TRUE,anonymous,null,null,0,221,7,1
181,karaf,org.apache.karaf.jaas.config,org.apache.karaf.jaas.config.JaasRealm,1,FALSE,anonymous,null,null,0,5,3,0
182,karaf,org.apache.karaf.jaas.config,org.apache.karaf.jaas.config.KeyIsLocked,1,FALSE,anonymous,null,null,0,14,1,0
183,karaf,org.apache.karaf.jaas.config,org.apache.karaf.jaas.config.KeystoreInstance,1,TRUE,anonymous,null,null,0,17,5,0
184,karaf,org.apache.karaf.jaas.config,org.apache.karaf.jaas.config.KeystoreIsLocked,1,FALSE,anonymous,null,null,0,14,1,0
185,karaf,org.apache.karaf.jaas.config,org.apache.karaf.jaas.config.KeystoreManager,1,TRUE,anonymous,null,null,0,83,0,0
186,karaf,org.apache.karaf.jaas.jasypt.handler,org.apache.karaf.jaas.jasypt.handler.EncryptablePropertyPlaceholder,1,FALSE,anonymous,null,null,0,14,2,0
187,karaf,org.apache.karaf.jaas.jasypt.handler,org.apache.karaf.jaas.jasypt.handler.NamespaceHandler,1,FALSE,anonymous,null,null,0,111,1,0
188,karaf,org.apache.karaf.jaas.jasypt.impl,org.apache.karaf.jaas.jasypt.impl.JasyptEncryption,1,TRUE,anonymous,null,null,0,53,0,0
189,karaf,org.apache.karaf.jaas.jasypt.impl,org.apache.karaf.jaas.jasypt.impl.JasyptEncryptionService,1,FALSE,anonymous,null,null,0,5,0,0
190,karaf,org.apache.karaf.jaas.jasypt.handler,org.apache.karaf.jaas.jasypt.handler.EncryptablePropertyPlaceholderTest,1,FALSE,anonymous,null,null,0,126,3,0
191,karaf,org.apache.karaf.jaas.jasypt.impl,org.apache.karaf.jaas.jasypt.impl.JasyptEncryptionTest,1,TRUE,anonymous,null,null,0,19,2,0
192,karaf,org.apache.karaf.jaas.modules,org.apache.karaf.jaas.modules.AbstractKarafLoginModule,1,FALSE,anonymous,null,null,0,87,2,0
193,karaf,org.apache.karaf.jaas.modules,org.apache.karaf.jaas.modules.BackingEngine,1,FALSE,anonymous,null,null,0,35,1,0
194,karaf,org.apache.karaf.jaas.modules,org.apache.karaf.jaas.modules.BackingEngineFactory,1,FALSE,anonymous,null,null,0,13,1,0
195,karaf,org.apache.karaf.jaas.modules,org.apache.karaf.jaas.modules.BackingEngineService,1,FALSE,anonymous,null,null,0,20,1,0
196,karaf,org.apache.karaf.jaas.modules.encryption,org.apache.karaf.jaas.modules.encryption.BasicEncryption,1,FALSE,anonymous,null,null,0,137,0,0
197,karaf,org.apache.karaf.jaas.modules.encryption,org.apache.karaf.jaas.modules.encryption.BasicEncryptionService,1,FALSE,anonymous,null,null,0,5,0,0
198,karaf,org.apache.karaf.jaas.modules.encryption,org.apache.karaf.jaas.modules.encryption.EncryptionSupport,1,FALSE,anonymous,null,null,0,93,3,0
199,karaf,org.apache.karaf.jaas.modules,org.apache.karaf.jaas.modules.Encryption,1,FALSE,anonymous,null,null,0,15,0,0
200,karaf,org.apache.karaf.jaas.modules,org.apache.karaf.jaas.modules.EncryptionService,1,TRUE,anonymous,null,null,0,21,0,0
201,karaf,org.apache.karaf.jaas.modules.jdbc,org.apache.karaf.jaas.modules.jdbc.JDBCBackingEngine,1,FALSE,anonymous,null,null,0,325,8,0
202,karaf,org.apache.karaf.jaas.modules.jdbc,org.apache.karaf.jaas.modules.jdbc.JDBCBackingEngineFactory,1,FALSE,anonymous,null,null,0,57,1,0
203,karaf,org.apache.karaf.jaas.modules.jdbc,org.apache.karaf.jaas.modules.jdbc.JDBCLoginModule,1,FALSE,anonymous,null,null,0,133,3,1
204,karaf,org.apache.karaf.jaas.modules.jdbc,org.apache.karaf.jaas.modules.jdbc.JDBCUtils,1,FALSE,anonymous,null,null,0,53,1,0
205,karaf,org.apache.karaf.jaas.modules.ldap,org.apache.karaf.jaas.modules.ldap.LDAPLoginModule,1,TRUE,anonymous,null,null,0,272,4,1
206,karaf,org.apache.karaf.jaas.modules.ldap,org.apache.karaf.jaas.modules.ldap.LDAPLoginModule.ManagedSSLSocketFactory,1,FALSE,anonymous,null,null,0,13,1,0
207,karaf,org.apache.karaf.jaas.modules.osgi,org.apache.karaf.jaas.modules.osgi.ConfigAdminHolder,1,FALSE,anonymous,null,null,0,9,1,0
208,karaf,org.apache.karaf.jaas.modules.osgi,org.apache.karaf.jaas.modules.osgi.OsgiConfigLoginModule,1,FALSE,anonymous,null,null,0,79,3,0
209,karaf,org.apache.karaf.jaas.modules.properties,org.apache.karaf.jaas.modules.properties.PropertiesBackingEngine,1,FALSE,anonymous,null,null,0,142,1,0
210,karaf,org.apache.karaf.jaas.modules.properties,org.apache.karaf.jaas.modules.properties.PropertiesBackingEngineFactory,1,FALSE,anonymous,null,null,0,33,1,0
211,karaf,org.apache.karaf.jaas.modules.properties,org.apache.karaf.jaas.modules.properties.PropertiesConverter,1,TRUE,anonymous,null,null,0,21,0,0
212,karaf,org.apache.karaf.jaas.modules.properties,org.apache.karaf.jaas.modules.properties.PropertiesLoginModule,1,FALSE,anonymous,null,null,0,117,3,0
213,karaf,org.apache.karaf.jaas.modules.publickey,org.apache.karaf.jaas.modules.publickey.PublickeyCallback,1,FALSE,anonymous,null,null,0,9,1,0
214,karaf,org.apache.karaf.jaas.modules.publickey,org.apache.karaf.jaas.modules.publickey.PublickeyLoginModule,1,FALSE,anonymous,null,null,0,165,3,1
215,karaf,org.apache.karaf.jaas.modules.properties,org.apache.karaf.jaas.modules.properties.PropertiesConverterTest,1,TRUE,anonymous,null,null,0,24,4,0
216,karaf,org.apache.karaf.main,org.apache.karaf.main.Bootstrap,1,TRUE,anonymous,null,null,0,8,0,0
217,karaf,org.apache.karaf.main,org.apache.karaf.main.BootstrapLogManager,1,TRUE,anonymous,null,null,0,83,1,0
218,karaf,org.apache.karaf.main,org.apache.karaf.main.BootstrapLogManager.SimpleFileHandler,1,TRUE,anonymous,null,null,0,28,0,0
219,karaf,org.apache.karaf.main,org.apache.karaf.main.DefaultJDBCLock,1,TRUE,anonymous,null,null,1,227,13,0
220,karaf,org.apache.karaf.main,org.apache.karaf.main.DerbyJDBCLock,1,TRUE,anonymous,null,null,0,12,0,0
221,karaf,org.apache.karaf.main,org.apache.karaf.main.Lock,1,FALSE,anonymous,null,null,0,19,3,0
222,karaf,org.apache.karaf.main,org.apache.karaf.main.Main,1,TRUE,anonymous,null,null,1,1141,10,1
223,karaf,org.apache.karaf.main,org.apache.karaf.main.Main.ShutdownSocketThread,1,FALSE,anonymous,null,null,0,74,1,0
224,karaf,org.apache.karaf.main,org.apache.karaf.main.MySQLJDBCLock,1,TRUE,anonymous,null,null,0,24,1,0
225,karaf,org.apache.karaf.main,org.apache.karaf.main.OracleJDBCLock,1,TRUE,anonymous,null,null,0,57,5,0
226,karaf,org.apache.karaf.main,org.apache.karaf.main.PostgreSQLJDBCLock,1,TRUE,anonymous,null,null,0,12,1,0
227,karaf,org.apache.karaf.main,org.apache.karaf.main.ShutdownCallback,1,TRUE,anonymous,null,null,0,9,0,0
228,karaf,org.apache.karaf.main,org.apache.karaf.main.SimpleFileLock,1,FALSE,anonymous,null,null,0,76,3,0
229,karaf,org.apache.karaf.main,org.apache.karaf.main.StartupListener,1,TRUE,anonymous,null,null,0,61,0,0
230,karaf,org.apache.karaf.main,org.apache.karaf.main.Statements,1,FALSE,anonymous,null,null,0,83,9,0
231,karaf,org.apache.karaf.main,org.apache.karaf.main.Stop,1,TRUE,anonymous,null,null,0,40,0,0
232,karaf,org.apache.karaf.main,org.apache.karaf.main.StringMap,1,TRUE,anonymous,null,null,0,44,2,0
233,karaf,org.apache.karaf.main,org.apache.karaf.main.StringMap.StringComparator,1,FALSE,anonymous,null,null,0,20,1,0
234,karaf,org.apache.karaf.main,org.apache.karaf.main.Utils,1,FALSE,anonymous,null,null,0,147,1,0
235,karaf,org.apache.karaf.main,org.apache.karaf.main.BaseJDBCLockIntegrationTest,1,FALSE,anonymous,null,null,1,261,20,1
236,karaf,org.apache.karaf.main,org.apache.karaf.main.BaseJDBCLockTest,1,FALSE,anonymous,null,null,1,213,15,1
237,karaf,org.apache.karaf.main,org.apache.karaf.main.DefaultJDBCLockIntegrationTest,1,FALSE,anonymous,null,null,0,19,2,0
238,karaf,org.apache.karaf.main,org.apache.karaf.main.DefaultJDBCLockTest,1,FALSE,anonymous,null,null,0,39,2,0
239,karaf,org.apache.karaf.main,org.apache.karaf.main.DerbyJDBCLockIntegrationTest,1,FALSE,anonymous,null,null,0,19,2,0
240,karaf,org.apache.karaf.main,org.apache.karaf.main.DerbyJDBCLockTest,1,FALSE,anonymous,null,null,0,39,2,0
241,karaf,org.apache.karaf.main,org.apache.karaf.main.MainStartTest,1,FALSE,anonymous,null,null,0,48,2,0
242,karaf,org.apache.karaf.main,org.apache.karaf.main.MySQLJDBCLockIntegrationTest,1,FALSE,anonymous,null,null,0,25,2,0
243,karaf,org.apache.karaf.main,org.apache.karaf.main.MySQLJDBCLockTest,1,FALSE,anonymous,null,null,0,39,2,0
244,karaf,org.apache.karaf.main,org.apache.karaf.main.OracleJDBCLockIntegrationTest,1,FALSE,anonymous,null,null,0,25,1,0
245,karaf,org.apache.karaf.main,org.apache.karaf.main.OracleJDBCLockTest,1,FALSE,anonymous,null,null,0,125,7,0
246,karaf,org.apache.karaf.main,org.apache.karaf.main.PostgreSQLJDBCLockIntegrationTest,1,FALSE,anonymous,null,null,0,19,2,0
247,karaf,org.apache.karaf.main,org.apache.karaf.main.PostgreSQLJDBCLockTest,1,FALSE,anonymous,null,null,0,111,6,0
248,karaf,org.apache.karaf.main,org.apache.karaf.main.StatementsTest,1,FALSE,anonymous,null,null,0,37,8,0
249,karaf,org.apache.karaf.main,org.apache.karaf.main.StringMapTest,1,TRUE,anonymous,null,null,0,14,1,0
250,karaf,org.apache.karaf.main,org.apache.karaf.main.TimeoutShutdownActivator,1,FALSE,anonymous,null,null,0,8,0,0
251,karaf,org.apache.karaf.management.mbeans.bundles,org.apache.karaf.management.mbeans.bundles.BundlesMBean,1,TRUE,anonymous,null,null,0,103,4,0
252,karaf,org.apache.karaf.management.mbeans.bundles.internal,org.apache.karaf.management.mbeans.bundles.internal.BundlesMBeanImpl,1,TRUE,anonymous,null,null,0,201,6,0
253,karaf,org.apache.karaf.management.mbeans.bundles.internal,org.apache.karaf.management.mbeans.bundles.internal.BundlesSelector,1,TRUE,anonymous,null,null,0,115,0,0
254,karaf,org.apache.karaf.management.mbeans.config,org.apache.karaf.management.mbeans.config.ConfigMBean,1,TRUE,anonymous,null,null,0,73,2,0
255,karaf,org.apache.karaf.management.mbeans.config.internal,org.apache.karaf.management.mbeans.config.internal.ConfigMBeanImpl,1,TRUE,anonymous,null,null,0,234,5,0
256,karaf,org.apache.karaf.management.mbeans.dev,org.apache.karaf.management.mbeans.dev.DevMBean,1,TRUE,anonymous,null,null,0,27,1,0
257,karaf,org.apache.karaf.management.mbeans.dev.internal,org.apache.karaf.management.mbeans.dev.internal.DevMBeanImpl,1,TRUE,anonymous,null,null,0,46,3,0
258,karaf,org.apache.karaf.management.mbeans.log.internal,org.apache.karaf.management.mbeans.log.internal.LogMBeanImpl,1,TRUE,anonymous,null,null,0,163,6,0
259,karaf,org.apache.karaf.management.mbeans.log,org.apache.karaf.management.mbeans.log.LogMBean,1,TRUE,anonymous,null,null,0,47,2,0
260,karaf,org.apache.karaf.management.mbeans.obr.internal,org.apache.karaf.management.mbeans.obr.internal.ObrMBeanImpl,1,TRUE,anonymous,null,null,0,139,7,0
261,karaf,org.apache.karaf.management.mbeans.obr,org.apache.karaf.management.mbeans.obr.ObrMBean,1,TRUE,anonymous,null,null,0,57,4,0
262,karaf,org.apache.karaf.management.mbeans.packages.internal,org.apache.karaf.management.mbeans.packages.internal.PackagesMBeanImpl,1,TRUE,anonymous,null,null,0,99,6,0
263,karaf,org.apache.karaf.management.mbeans.packages,org.apache.karaf.management.mbeans.packages.PackagesMBean,1,FALSE,anonymous,null,null,0,44,4,0
264,karaf,org.apache.karaf.management.mbeans.scr.internal,org.apache.karaf.management.mbeans.scr.internal.ScrServiceMBeanImpl,1,FALSE,anonymous,null,null,0,112,4,0
265,karaf,org.apache.karaf.management.mbeans.scr,org.apache.karaf.management.mbeans.scr.ScrServiceMBean,1,TRUE,anonymous,null,null,0,37,1,0
266,karaf,org.apache.karaf.management.mbeans.services.internal,org.apache.karaf.management.mbeans.services.internal.ServicesMBeanImpl,1,TRUE,anonymous,null,null,0,74,4,0
267,karaf,org.apache.karaf.management.mbeans.services,org.apache.karaf.management.mbeans.services.ServicesMBean,1,TRUE,anonymous,null,null,0,49,2,0
268,karaf,org.apache.karaf.management.mbeans.system.internal,org.apache.karaf.management.mbeans.system.internal.SystemMBeanImpl,1,TRUE,anonymous,null,null,0,165,9,0
269,karaf,org.apache.karaf.management.mbeans.system,org.apache.karaf.management.mbeans.system.SystemMBean,1,TRUE,anonymous,null,null,0,72,7,0
270,karaf,org.apache.karaf.management.mbeans.web.internal,org.apache.karaf.management.mbeans.web.internal.WebMBeanImpl,1,TRUE,anonymous,null,null,0,40,3,0
271,karaf,org.apache.karaf.management.mbeans.web,org.apache.karaf.management.mbeans.web.WebMBean,1,TRUE,anonymous,null,null,0,6,1,0
272,karaf,org.apache.karaf.management,org.apache.karaf.management.ConnectorServerFactory,1,FALSE,anonymous,null,null,0,217,18,1
273,karaf,org.apache.karaf.management,org.apache.karaf.management.ConnectorServerFactory.KarafSslRMIServerSocketFactory,1,FALSE,anonymous,null,null,0,13,0,0
274,karaf,org.apache.karaf.management,org.apache.karaf.management.JaasAuthenticator,1,FALSE,anonymous,null,null,0,68,2,0
275,karaf,org.apache.karaf.management,org.apache.karaf.management.MBeanRegistrer,1,FALSE,anonymous,null,null,0,53,4,0
276,karaf,org.apache.karaf.management,org.apache.karaf.management.MBeanServerFactory,1,FALSE,anonymous,null,null,0,80,8,0
277,karaf,org.apache.karaf.management,org.apache.karaf.management.RmiRegistryFactory,1,FALSE,anonymous,null,null,0,68,6,0
278,karaf,org.apache.karaf.management,org.apache.karaf.management.MBeanRegistererTest,1,FALSE,anonymous,null,null,0,34,1,0
279,karaf,org.apache.karaf.management,org.apache.karaf.management.MBeanRegistererTest.AdminServiceMBean,1,FALSE,anonymous,null,null,0,3,0,0
280,karaf,org.apache.karaf.shell.commands,org.apache.karaf.shell.commands.CatAction,1,TRUE,anonymous,null,null,0,49,1,0
281,karaf,org.apache.karaf.shell.commands,org.apache.karaf.shell.commands.ClearAction,1,TRUE,anonymous,null,null,0,12,1,0
282,karaf,org.apache.karaf.shell.commands,org.apache.karaf.shell.commands.EachAction,1,TRUE,anonymous,null,null,0,13,1,0
283,karaf,org.apache.karaf.shell.commands,org.apache.karaf.shell.commands.EchoAction,1,FALSE,anonymous,null,null,0,22,1,0
284,karaf,org.apache.karaf.shell.commands,org.apache.karaf.shell.commands.ExecuteAction,1,TRUE,anonymous,null,null,0,19,1,0
285,karaf,org.apache.karaf.shell.commands,org.apache.karaf.shell.commands.GrepAction,1,FALSE,anonymous,null,null,0,138,1,1
286,karaf,org.apache.karaf.shell.commands,org.apache.karaf.shell.commands.HeadAction,1,FALSE,anonymous,null,null,0,54,1,0
287,karaf,org.apache.karaf.shell.commands,org.apache.karaf.shell.commands.HistoryAction,1,TRUE,anonymous,null,null,0,12,1,0
288,karaf,org.apache.karaf.shell.commands,org.apache.karaf.shell.commands.IfAction,1,TRUE,anonymous,null,null,0,32,1,0
289,karaf,org.apache.karaf.shell.commands.info,org.apache.karaf.shell.commands.info.InfoBundleTrackerCustomizer,1,TRUE,anonymous,null,null,0,63,0,0
290,karaf,org.apache.karaf.shell.commands.info,org.apache.karaf.shell.commands.info.InfoProvider,1,FALSE,anonymous,null,null,0,4,2,0
291,karaf,org.apache.karaf.shell.commands.info,org.apache.karaf.shell.commands.info.PojoInfoProvider,1,FALSE,anonymous,null,null,0,22,3,0
292,karaf,org.apache.karaf.shell.commands,org.apache.karaf.shell.commands.InfoAction,1,FALSE,anonymous,null,null,0,148,2,0
293,karaf,org.apache.karaf.shell.commands,org.apache.karaf.shell.commands.JavaAction,1,TRUE,anonymous,null,null,0,27,1,0
294,karaf,org.apache.karaf.shell.commands,org.apache.karaf.shell.commands.LogoutAction,1,FALSE,anonymous,null,null,0,6,1,0
295,karaf,org.apache.karaf.shell.commands,org.apache.karaf.shell.commands.MoreAction,1,FALSE,anonymous,null,null,0,106,1,0
296,karaf,org.apache.karaf.shell.commands,org.apache.karaf.shell.commands.MoreAction.LineSplitter,1,FALSE,anonymous,null,null,0,23,1,0
297,karaf,org.apache.karaf.shell.commands,org.apache.karaf.shell.commands.NewAction,1,TRUE,anonymous,null,null,0,245,1,0
298,karaf,org.apache.karaf.shell.commands,org.apache.karaf.shell.commands.NewAction.ArgumentMatcher,1,FALSE,anonymous,null,null,0,70,1,0
299,karaf,org.apache.karaf.shell.commands,org.apache.karaf.shell.commands.NewAction.TypeEntry,1,FALSE,anonymous,null,null,0,8,0,0
300,karaf,org.apache.karaf.shell.commands,org.apache.karaf.shell.commands.PrintfAction,1,FALSE,anonymous,null,null,0,8,1,0
301,karaf,org.apache.karaf.shell.commands,org.apache.karaf.shell.commands.SleepAction,1,FALSE,anonymous,null,null,0,21,1,0
302,karaf,org.apache.karaf.shell.commands,org.apache.karaf.shell.commands.SortAction,1,TRUE,anonymous,null,null,0,325,1,0
303,karaf,org.apache.karaf.shell.commands,org.apache.karaf.shell.commands.SortAction.SortComparator,1,FALSE,anonymous,null,null,0,255,0,0
304,karaf,org.apache.karaf.shell.commands,org.apache.karaf.shell.commands.SortAction.SortComparator.Key,1,FALSE,anonymous,null,null,0,103,0,0
305,karaf,org.apache.karaf.shell.commands,org.apache.karaf.shell.commands.SourceAction,1,TRUE,anonymous,null,null,0,46,1,0
306,karaf,org.apache.karaf.shell.commands,org.apache.karaf.shell.commands.TacAction,1,TRUE,anonymous,null,null,0,33,1,0
307,karaf,org.apache.karaf.shell.commands,org.apache.karaf.shell.commands.TailAction,1,FALSE,anonymous,null,null,0,74,1,0
308,karaf,org.apache.karaf.shell.commands,org.apache.karaf.shell.commands.WatchAction,1,FALSE,anonymous,null,null,0,89,2,0
309,karaf,org.apache.karaf.shell.commands,org.apache.karaf.shell.commands.WatchAction.WatchTask,1,FALSE,anonymous,null,null,0,54,3,0
310,karaf,org.apache.karaf.shell.commands,org.apache.karaf.shell.commands.GrepTest,1,FALSE,anonymous,null,null,0,16,1,0
311,karaf,org.apache.karaf.shell.commands,org.apache.karaf.shell.commands.SortTest,1,FALSE,anonymous,null,null,0,28,3,0
312,karaf,org.apache.karaf.shell.config,org.apache.karaf.shell.config.CancelCommand,1,FALSE,anonymous,null,null,0,6,0,0
313,karaf,org.apache.karaf.shell.config.completers,org.apache.karaf.shell.config.completers.ConfigurationCompleter,1,TRUE,anonymous,null,null,0,39,1,0
314,karaf,org.apache.karaf.shell.config.completers,org.apache.karaf.shell.config.completers.ConfigurationPropertyCompleter,1,TRUE,anonymous,null,null,0,83,1,0
315,karaf,org.apache.karaf.shell.config,org.apache.karaf.shell.config.ConfigCommandSupport,1,TRUE,anonymous,null,null,0,200,4,0
316,karaf,org.apache.karaf.shell.config,org.apache.karaf.shell.config.ConfigPropertyCommandSupport,1,TRUE,anonymous,null,null,0,60,1,0
317,karaf,org.apache.karaf.shell.config,org.apache.karaf.shell.config.DeleteCommand,1,FALSE,anonymous,null,null,0,32,0,0
318,karaf,org.apache.karaf.shell.config,org.apache.karaf.shell.config.EditCommand,1,FALSE,anonymous,null,null,0,31,0,0
319,karaf,org.apache.karaf.shell.config,org.apache.karaf.shell.config.ListCommand,1,FALSE,anonymous,null,null,0,24,0,0
320,karaf,org.apache.karaf.shell.config,org.apache.karaf.shell.config.PropAppendCommand,1,TRUE,anonymous,null,null,0,19,0,0
321,karaf,org.apache.karaf.shell.config,org.apache.karaf.shell.config.PropDelCommand,1,FALSE,anonymous,null,null,0,6,0,0
322,karaf,org.apache.karaf.shell.config,org.apache.karaf.shell.config.PropListCommand,1,FALSE,anonymous,null,null,0,16,0,0
323,karaf,org.apache.karaf.shell.config,org.apache.karaf.shell.config.PropSetCommand,1,FALSE,anonymous,null,null,0,7,0,0
324,karaf,org.apache.karaf.shell.config,org.apache.karaf.shell.config.UpdateCommand,1,FALSE,anonymous,null,null,0,14,0,0
325,karaf,org.apache.karaf.shell.config,org.apache.karaf.shell.config.EditCommandTest,1,TRUE,anonymous,null,null,0,47,3,0
326,karaf,org.apache.karaf.shell.config,org.apache.karaf.shell.config.MockCommandSession,1,FALSE,anonymous,null,null,0,26,3,0
327,karaf,org.apache.karaf.shell.config,org.apache.karaf.shell.config.UpdateCommandTest,1,TRUE,anonymous,null,null,0,38,2,0
328,karaf,org.apache.felix.gogo.commands,org.apache.felix.gogo.commands.Action,1,FALSE,anonymous,null,null,0,3,0,0
329,karaf,org.apache.felix.gogo.commands.basic,org.apache.felix.gogo.commands.basic.AbstractCommand,1,FALSE,anonymous,null,null,0,30,3,0
330,karaf,org.apache.felix.gogo.commands.basic,org.apache.felix.gogo.commands.basic.ActionPreparator,1,FALSE,anonymous,null,null,0,3,0,0
331,karaf,org.apache.felix.gogo.commands.basic,org.apache.felix.gogo.commands.basic.DefaultActionPreparator,1,FALSE,anonymous,null,null,1,435,0,0
332,karaf,org.apache.felix.gogo.commands.basic,org.apache.felix.gogo.commands.basic.SimpleCommand,1,TRUE,anonymous,null,null,0,39,3,0
333,karaf,org.apache.felix.gogo.commands,org.apache.felix.gogo.commands.CommandException,1,TRUE,anonymous,null,null,0,28,2,0
334,karaf,org.apache.felix.gogo.commands.converter,org.apache.felix.gogo.commands.converter.DefaultConverter,1,FALSE,anonymous,null,null,0,373,0,0
335,karaf,org.apache.felix.gogo.commands.converter,org.apache.felix.gogo.commands.converter.GenericType,1,FALSE,anonymous,null,null,0,143,2,0
336,karaf,org.apache.felix.gogo.commands.converter,org.apache.felix.gogo.commands.converter.ReifiedType,1,TRUE,anonymous,null,null,0,37,2,0
337,karaf,org.apache.felix.gogo.runtime,org.apache.felix.gogo.runtime.Closure,1,FALSE,anonymous,null,null,1,404,2,0
338,karaf,org.apache.felix.gogo.runtime,org.apache.felix.gogo.runtime.Closure.ArgList,1,TRUE,anonymous,null,null,0,26,2,0
339,karaf,org.apache.karaf.shell.console,org.apache.karaf.shell.console.AbstractAction,1,FALSE,anonymous,null,null,0,9,1,0
340,karaf,org.apache.karaf.shell.console,org.apache.karaf.shell.console.BlueprintContainerAware,1,FALSE,anonymous,null,null,0,3,0,0
341,karaf,org.apache.karaf.shell.console,org.apache.karaf.shell.console.BundleContextAware,1,FALSE,anonymous,null,null,0,3,0,0
342,karaf,org.apache.karaf.shell.console,org.apache.karaf.shell.console.CloseShellException,1,TRUE,anonymous,null,null,0,5,0,0
343,karaf,org.apache.karaf.shell.console.commands,org.apache.karaf.shell.console.commands.AnnotatedSubShell,1,FALSE,anonymous,null,null,0,18,4,0
344,karaf,org.apache.karaf.shell.console.commands,org.apache.karaf.shell.console.commands.BasicSubShell,1,FALSE,anonymous,null,null,0,23,3,0
345,karaf,org.apache.karaf.shell.console.commands,org.apache.karaf.shell.console.commands.BlueprintCommand,1,FALSE,anonymous,null,null,0,51,4,0
346,karaf,org.apache.karaf.shell.console.commands,org.apache.karaf.shell.console.commands.BlueprintCommand.BlueprintActionPreparator,1,FALSE,anonymous,null,null,0,9,0,0
347,karaf,org.apache.karaf.shell.console.commands,org.apache.karaf.shell.console.commands.GenericType,1,FALSE,anonymous,null,null,0,143,2,0
348,karaf,org.apache.karaf.shell.console.commands,org.apache.karaf.shell.console.commands.NamespaceHandler,1,FALSE,anonymous,null,null,0,175,2,0
349,karaf,org.apache.karaf.shell.console,org.apache.karaf.shell.console.CompletableFunction,1,FALSE,anonymous,null,null,0,4,2,0
350,karaf,org.apache.karaf.shell.console.completer,org.apache.karaf.shell.console.completer.AggregateCompleter,1,TRUE,anonymous,null,null,0,18,0,0
351,karaf,org.apache.karaf.shell.console.completer,org.apache.karaf.shell.console.completer.AggregateCompleter.Completion,1,FALSE,anonymous,null,null,0,8,0,0
352,karaf,org.apache.karaf.shell.console.completer,org.apache.karaf.shell.console.completer.ArgumentCompleter,1,FALSE,anonymous,null,null,0,346,1,0
353,karaf,org.apache.karaf.shell.console.completer,org.apache.karaf.shell.console.completer.ArgumentCompleter.ArgumentList,1,TRUE,anonymous,null,null,0,51,5,0
354,karaf,org.apache.karaf.shell.console.completer,org.apache.karaf.shell.console.completer.CommandNamesCompleter,1,TRUE,anonymous,null,null,0,50,2,0
355,karaf,org.apache.karaf.shell.console.completer,org.apache.karaf.shell.console.completer.CommandNamesCompleter.CommandTracker,1,FALSE,anonymous,null,null,0,12,1,0
356,karaf,org.apache.karaf.shell.console.completer,org.apache.karaf.shell.console.completer.CommandsCompleter,1,TRUE,anonymous,null,null,0,85,3,0
357,karaf,org.apache.karaf.shell.console.completer,org.apache.karaf.shell.console.completer.FileCompleter,1,TRUE,anonymous,null,null,0,13,0,0
358,karaf,org.apache.karaf.shell.console.completer,org.apache.karaf.shell.console.completer.NullCompleter,1,FALSE,anonymous,null,null,0,6,0,0
359,karaf,org.apache.karaf.shell.console.completer,org.apache.karaf.shell.console.completer.Parser,1,FALSE,anonymous,null,null,1,327,15,0
360,karaf,org.apache.karaf.shell.console.completer,org.apache.karaf.shell.console.completer.StringsCompleter,1,TRUE,anonymous,null,null,0,28,2,0
361,karaf,org.apache.karaf.shell.console,org.apache.karaf.shell.console.Completer,1,FALSE,anonymous,null,null,0,3,0,0
362,karaf,org.apache.karaf.shell.console,org.apache.karaf.shell.console.Converters,1,FALSE,anonymous,null,null,0,167,0,0
363,karaf,org.apache.karaf.shell.console.help,org.apache.karaf.shell.console.help.BrandingHelpProvider,1,FALSE,anonymous,null,null,0,24,1,0
364,karaf,org.apache.karaf.shell.console.help,org.apache.karaf.shell.console.help.CommandListHelpProvider,1,FALSE,anonymous,null,null,0,109,0,0
365,karaf,org.apache.karaf.shell.console.help,org.apache.karaf.shell.console.help.HelpAction,1,TRUE,anonymous,null,null,0,17,1,0
366,karaf,org.apache.karaf.shell.console.help,org.apache.karaf.shell.console.help.HelpSystem,1,FALSE,anonymous,null,null,0,47,3,0
367,karaf,org.apache.karaf.shell.console.help,org.apache.karaf.shell.console.help.SimpleHelpProvider,1,FALSE,anonymous,null,null,0,27,1,0
368,karaf,org.apache.karaf.shell.console.help,org.apache.karaf.shell.console.help.SingleCommandHelpProvider,1,FALSE,anonymous,null,null,0,32,0,0
369,karaf,org.apache.karaf.shell.console.help,org.apache.karaf.shell.console.help.SubShellHelpProvider,1,FALSE,anonymous,null,null,0,86,2,0
370,karaf,org.apache.karaf.shell.console,org.apache.karaf.shell.console.HelpProvider,1,FALSE,anonymous,null,null,0,3,0,0
371,karaf,org.apache.karaf.shell.console.jline,org.apache.karaf.shell.console.jline.Activator,1,FALSE,anonymous,null,null,0,48,0,0
372,karaf,org.apache.karaf.shell.console.jline,org.apache.karaf.shell.console.jline.Activator.WrappedActivator,1,FALSE,anonymous,null,null,0,15,0,0
373,karaf,org.apache.karaf.shell.console.jline,org.apache.karaf.shell.console.jline.Activator.WrappedCommandProcessor,1,FALSE,anonymous,null,null,0,10,0,0
374,karaf,org.apache.karaf.shell.console.jline,org.apache.karaf.shell.console.jline.Activator.WrappedCommandSession,1,FALSE,anonymous,null,null,0,12,0,0
375,karaf,org.apache.karaf.shell.console.jline,org.apache.karaf.shell.console.jline.CommandSessionHolder,1,FALSE,anonymous,null,null,0,12,2,0
376,karaf,org.apache.karaf.shell.console.jline,org.apache.karaf.shell.console.jline.CompleterAsCompletor,1,FALSE,anonymous,null,null,0,9,0,0
377,karaf,org.apache.karaf.shell.console.jline,org.apache.karaf.shell.console.jline.Console,1,FALSE,anonymous,null,null,0,379,10,0
378,karaf,org.apache.karaf.shell.console.jline,org.apache.karaf.shell.console.jline.Console.ConsoleInputStream,1,FALSE,anonymous,null,null,0,60,2,0
379,karaf,org.apache.karaf.shell.console.jline,org.apache.karaf.shell.console.jline.Console.Pipe,1,FALSE,anonymous,null,null,0,35,1,0
380,karaf,org.apache.karaf.shell.console.jline,org.apache.karaf.shell.console.jline.ConsoleFactory,1,FALSE,anonymous,null,null,0,170,2,0
381,karaf,org.apache.karaf.shell.console.jline,org.apache.karaf.shell.console.jline.ConsoleFactory.SshAgentLoader,1,FALSE,anonymous,null,null,0,17,0,0
382,karaf,org.apache.karaf.shell.console.jline,org.apache.karaf.shell.console.jline.DelayedStarted,1,TRUE,anonymous,null,null,0,56,1,0
383,karaf,org.apache.karaf.shell.console.jline,org.apache.karaf.shell.console.jline.KarafFileHistory,1,TRUE,anonymous,null,null,0,48,2,0
384,karaf,org.apache.karaf.shell.console.jline,org.apache.karaf.shell.console.jline.TerminalFactory,1,FALSE,anonymous,null,null,0,19,3,0
385,karaf,org.apache.karaf.shell.console,org.apache.karaf.shell.console.Main,1,FALSE,anonymous,null,null,0,260,4,0
386,karaf,org.apache.karaf.shell.console,org.apache.karaf.shell.console.MultiException,1,FALSE,anonymous,null,null,0,53,3,0
387,karaf,org.apache.karaf.shell.console,org.apache.karaf.shell.console.NameScoping,1,TRUE,anonymous,null,null,0,43,0,0
388,karaf,org.apache.karaf.shell.console,org.apache.karaf.shell.console.OsgiCommandSupport,1,FALSE,anonymous,null,null,0,48,2,0
389,karaf,org.apache.karaf.shell.console,org.apache.karaf.shell.console.SubShell,1,FALSE,anonymous,null,null,0,14,3,0
390,karaf,org.apache.karaf.shell.console.util,org.apache.karaf.shell.console.util.Branding,1,FALSE,anonymous,null,null,0,41,2,0
391,karaf,org.apache.felix.gogo.commands,org.apache.felix.gogo.commands.Context,1,FALSE,anonymous,null,null,0,25,1,0
392,karaf,org.apache.felix.gogo.commands,org.apache.felix.gogo.commands.TestCommands,1,FALSE,anonymous,null,null,0,68,3,0
393,karaf,org.apache.felix.gogo.commands,org.apache.felix.gogo.commands.TestCommands.MyAction,1,FALSE,anonymous,null,null,0,12,0,0
394,karaf,org.apache.karaf.shell.console.completer,org.apache.karaf.shell.console.completer.ArgumentCompleterTest,1,FALSE,anonymous,null,null,0,85,6,0
395,karaf,org.apache.karaf.shell.console.completer,org.apache.karaf.shell.console.completer.ArgumentCompleterTest.MyFunction,1,FALSE,anonymous,null,null,0,14,3,0
396,karaf,org.apache.karaf.shell.console.completer,org.apache.karaf.shell.console.completer.ArgumentCompleterTest.MyAction,1,FALSE,anonymous,null,null,0,9,0,0
397,karaf,org.apache.karaf.shell.console.completer,org.apache.karaf.shell.console.completer.BooleanCompleterTest,1,FALSE,anonymous,null,null,0,19,1,0
398,karaf,org.apache.karaf.shell.console.completer,org.apache.karaf.shell.console.completer.BooleanCompleterTest.MyAction,1,FALSE,anonymous,null,null,0,7,0,0
399,karaf,org.apache.karaf.shell.console.completer,org.apache.karaf.shell.console.completer.CompleterTestSupport,1,TRUE,anonymous,null,null,0,10,0,0
400,karaf,org.apache.karaf.shell.console.completer,org.apache.karaf.shell.console.completer.CompleterValuesTest,1,FALSE,anonymous,null,null,0,25,1,0
401,karaf,org.apache.karaf.shell.console.completer,org.apache.karaf.shell.console.completer.CompleterValuesTest.MyAction,1,FALSE,anonymous,null,null,0,13,2,0
402,karaf,org.apache.karaf.shell.console.completer,org.apache.karaf.shell.console.completer.DummyCommandSession,1,FALSE,anonymous,null,null,0,24,3,0
403,karaf,org.apache.karaf.shell.console.completer,org.apache.karaf.shell.console.completer.FileCompleterTest,1,FALSE,anonymous,null,null,0,16,1,0
404,karaf,org.apache.karaf.shell.console.completer,org.apache.karaf.shell.console.completer.FileCompleterTest.MyAction,1,FALSE,anonymous,null,null,0,7,0,0
405,karaf,org.apache.karaf.shell.console,org.apache.karaf.shell.console.ExampleSubclassMain,1,TRUE,anonymous,null,null,0,45,2,0
406,karaf,org.apache.karaf.shell.console.help,org.apache.karaf.shell.console.help.TestFormatting,1,FALSE,anonymous,null,null,0,7,1,0
407,karaf,org.apache.karaf.shell.dev,org.apache.karaf.shell.dev.AbstractBundleCommand,1,TRUE,anonymous,null,null,0,40,2,0
408,karaf,org.apache.karaf.shell.dev,org.apache.karaf.shell.dev.DynamicImport,1,TRUE,anonymous,null,null,0,57,0,0
409,karaf,org.apache.karaf.shell.dev.framework,org.apache.karaf.shell.dev.framework.Equinox,1,TRUE,anonymous,null,null,0,34,1,0
410,karaf,org.apache.karaf.shell.dev.framework,org.apache.karaf.shell.dev.framework.Felix,1,TRUE,anonymous,null,null,0,28,1,0
411,karaf,org.apache.karaf.shell.dev.framework,org.apache.karaf.shell.dev.framework.Framework,1,TRUE,anonymous,null,null,0,99,3,0
412,karaf,org.apache.karaf.shell.dev,org.apache.karaf.shell.dev.FrameworkOptions,1,TRUE,anonymous,null,null,0,46,2,0
413,karaf,org.apache.karaf.shell.dev,org.apache.karaf.shell.dev.PrintStackTraces,1,TRUE,anonymous,null,null,0,11,1,0
414,karaf,org.apache.karaf.shell.dev,org.apache.karaf.shell.dev.Restart,1,TRUE,anonymous,null,null,0,12,1,0
415,karaf,org.apache.karaf.shell.dev,org.apache.karaf.shell.dev.ShowBundleTree,1,TRUE,anonymous,null,null,0,108,0,0
416,karaf,org.apache.karaf.shell.dev,org.apache.karaf.shell.dev.SystemProperty,1,TRUE,anonymous,null,null,0,22,1,0
417,karaf,org.apache.karaf.shell.dev.util,org.apache.karaf.shell.dev.util.Bundles,1,TRUE,anonymous,null,null,0,26,0,0
418,karaf,org.apache.karaf.shell.dev.util,org.apache.karaf.shell.dev.util.Import,1,TRUE,anonymous,null,null,0,97,3,0
419,karaf,org.apache.karaf.shell.dev.util,org.apache.karaf.shell.dev.util.IO,1,TRUE,anonymous,null,null,0,28,0,0
420,karaf,org.apache.karaf.shell.dev.util,org.apache.karaf.shell.dev.util.Node,1,TRUE,anonymous,null,null,0,96,4,0
421,karaf,org.apache.karaf.shell.dev.util,org.apache.karaf.shell.dev.util.Tree,1,TRUE,anonymous,null,null,0,58,0,0
422,karaf,org.apache.karaf.shell.dev.util,org.apache.karaf.shell.dev.util.Tree.Converter,1,TRUE,anonymous,null,null,0,7,0,0
423,karaf,org.apache.karaf.shell.dev,org.apache.karaf.shell.dev.WaitForService,1,TRUE,anonymous,null,null,0,42,1,0
424,karaf,org.apache.karaf.shell.dev.watch,org.apache.karaf.shell.dev.watch.BundleWatcher,1,TRUE,anonymous,null,null,0,238,11,0
425,karaf,org.apache.karaf.shell.dev,org.apache.karaf.shell.dev.Watch,1,FALSE,anonymous,null,null,0,73,2,0
426,karaf,org.apache.karaf.shell.dev.framework,org.apache.karaf.shell.dev.framework.EquinoxTest,1,TRUE,anonymous,null,null,0,31,3,0
427,karaf,org.apache.karaf.shell.dev.framework,org.apache.karaf.shell.dev.framework.FelixTest,1,TRUE,anonymous,null,null,0,30,3,0
428,karaf,org.apache.karaf.shell.dev.util,org.apache.karaf.shell.dev.util.BundlesTest,1,TRUE,anonymous,null,null,0,13,1,0
429,karaf,org.apache.karaf.shell.dev.util,org.apache.karaf.shell.dev.util.ImportTest,1,TRUE,anonymous,null,null,0,34,5,0
430,karaf,org.apache.karaf.shell.dev.util,org.apache.karaf.shell.dev.util.TreeTest,1,TRUE,anonymous,null,null,0,76,6,0
431,karaf,org.apache.karaf.shell.log,org.apache.karaf.shell.log.ClearLog,1,TRUE,anonymous,null,null,0,16,2,0
432,karaf,org.apache.karaf.shell.log.completers,org.apache.karaf.shell.log.completers.LogLevelCompleter,1,TRUE,anonymous,null,null,0,16,1,0
433,karaf,org.apache.karaf.shell.log,org.apache.karaf.shell.log.DisplayException,1,FALSE,anonymous,null,null,0,25,2,0
434,karaf,org.apache.karaf.shell.log,org.apache.karaf.shell.log.DisplayLog,1,TRUE,anonymous,null,null,0,139,9,0
435,karaf,org.apache.karaf.shell.log,org.apache.karaf.shell.log.GetLogLevel,1,TRUE,anonymous,null,null,0,85,2,0
436,karaf,org.apache.karaf.shell.log.layout,org.apache.karaf.shell.log.layout.AbsoluteTimeDateFormat,1,TRUE,anonymous,null,null,0,72,1,0
437,karaf,org.apache.karaf.shell.log.layout,org.apache.karaf.shell.log.layout.DateTimeDateFormat,1,TRUE,anonymous,null,null,0,37,1,0
438,karaf,org.apache.karaf.shell.log.layout,org.apache.karaf.shell.log.layout.FormattingInfo,1,TRUE,anonymous,null,null,0,15,2,0
439,karaf,org.apache.karaf.shell.log.layout,org.apache.karaf.shell.log.layout.ISO8601DateFormat,1,TRUE,anonymous,null,null,0,106,1,0
440,karaf,org.apache.karaf.shell.log.layout,org.apache.karaf.shell.log.layout.PatternConverter,1,TRUE,anonymous,null,null,0,58,1,0
441,karaf,org.apache.karaf.shell.log.layout,org.apache.karaf.shell.log.layout.PatternParser,1,TRUE,anonymous,null,null,0,380,3,1
442,karaf,org.apache.karaf.shell.log.layout,org.apache.karaf.shell.log.layout.PatternParser.BasicPatternConverter,1,FALSE,anonymous,null,null,0,23,0,0
443,karaf,org.apache.karaf.shell.log.layout,org.apache.karaf.shell.log.layout.PatternParser.LiteralPatternConverter,1,FALSE,anonymous,null,null,0,12,0,0
444,karaf,org.apache.karaf.shell.log.layout,org.apache.karaf.shell.log.layout.PatternParser.DatePatternConverter,1,FALSE,anonymous,null,null,0,19,0,0
445,karaf,org.apache.karaf.shell.log.layout,org.apache.karaf.shell.log.layout.PatternParser.LocationPatternConverter,1,FALSE,anonymous,null,null,0,20,0,0
446,karaf,org.apache.karaf.shell.log.layout,org.apache.karaf.shell.log.layout.PatternParser.NamedPatternConverter,1,FALSE,anonymous,null,null,0,21,0,0
447,karaf,org.apache.karaf.shell.log.layout,org.apache.karaf.shell.log.layout.PatternParser.ClassNamePatternConverter,1,FALSE,anonymous,null,null,0,8,0,0
448,karaf,org.apache.karaf.shell.log.layout,org.apache.karaf.shell.log.layout.PatternParser.CategoryPatternConverter,1,FALSE,anonymous,null,null,0,8,0,0
449,karaf,org.apache.karaf.shell.log.layout,org.apache.karaf.shell.log.layout.PatternParser.MDCPatternConverter,1,FALSE,anonymous,null,null,0,35,0,0
450,karaf,org.apache.karaf.shell.log,org.apache.karaf.shell.log.LogTail,1,FALSE,anonymous,null,null,0,30,1,0
451,karaf,org.apache.karaf.shell.log,org.apache.karaf.shell.log.LruList,1,TRUE,anonymous,null,null,0,84,3,0
452,karaf,org.apache.karaf.shell.log,org.apache.karaf.shell.log.SetLogLevel,1,TRUE,anonymous,null,null,0,83,3,0
453,karaf,org.apache.karaf.shell.log,org.apache.karaf.shell.log.VmLogAppender,1,TRUE,anonymous,null,null,0,18,1,0
454,karaf,org.apache.karaf.shell.log.completers,org.apache.karaf.shell.log.completers.LogLevelCompleterTest,1,TRUE,anonymous,null,null,0,33,3,0
455,karaf,org.apache.karaf.shell.log,org.apache.karaf.shell.log.SetLogLevelTest,1,TRUE,anonymous,null,null,0,90,13,0
456,karaf,org.apache.karaf.shell.obr,org.apache.karaf.shell.obr.AddUrlCommand,1,FALSE,anonymous,null,null,0,9,0,0
457,karaf,org.apache.karaf.shell.obr,org.apache.karaf.shell.obr.DeployCommand,1,FALSE,anonymous,null,null,0,8,0,0
458,karaf,org.apache.karaf.shell.obr,org.apache.karaf.shell.obr.FindCommand,1,FALSE,anonymous,null,null,0,69,0,0
459,karaf,org.apache.karaf.shell.obr,org.apache.karaf.shell.obr.InfoCommand,1,FALSE,anonymous,null,null,0,52,0,0
460,karaf,org.apache.karaf.shell.obr,org.apache.karaf.shell.obr.ListCommand,1,FALSE,anonymous,null,null,0,52,0,0
461,karaf,org.apache.karaf.shell.obr,org.apache.karaf.shell.obr.ListUrlCommand,1,FALSE,anonymous,null,null,0,13,0,0
462,karaf,org.apache.karaf.shell.obr,org.apache.karaf.shell.obr.ObrCommandSupport,1,FALSE,anonymous,null,null,0,230,1,0
463,karaf,org.apache.karaf.shell.obr,org.apache.karaf.shell.obr.RefreshUrlCommand,1,FALSE,anonymous,null,null,0,31,0,0
464,karaf,org.apache.karaf.shell.obr,org.apache.karaf.shell.obr.RemoveUrlCommand,1,FALSE,anonymous,null,null,0,22,0,0
465,karaf,org.apache.karaf.shell.obr,org.apache.karaf.shell.obr.ResolveCommand,1,FALSE,anonymous,null,null,0,95,0,0
466,karaf,org.apache.karaf.shell.obr,org.apache.karaf.shell.obr.SourceCommand,1,FALSE,anonymous,null,null,0,23,0,0
467,karaf,org.apache.karaf.shell.obr,org.apache.karaf.shell.obr.StartCommand,1,FALSE,anonymous,null,null,0,7,0,0
468,karaf,org.apache.karaf.shell.obr.util,org.apache.karaf.shell.obr.util.FileUtil,1,FALSE,anonymous,null,null,0,84,0,0
469,karaf,org.apache.karaf.shell.osgi,org.apache.karaf.shell.osgi.BlueprintListener,1,TRUE,anonymous,null,null,0,73,5,0
470,karaf,org.apache.karaf.shell.osgi,org.apache.karaf.shell.osgi.BundleCommand,1,FALSE,anonymous,null,null,0,19,1,0
471,karaf,org.apache.karaf.shell.osgi,org.apache.karaf.shell.osgi.BundleLevel,1,FALSE,anonymous,null,null,0,47,0,0
472,karaf,org.apache.karaf.shell.osgi,org.apache.karaf.shell.osgi.BundlesCommand,1,FALSE,anonymous,null,null,0,11,1,0
473,karaf,org.apache.karaf.shell.osgi,org.apache.karaf.shell.osgi.BundlesCommandOptional,1,FALSE,anonymous,null,null,0,18,1,0
474,karaf,org.apache.karaf.shell.osgi,org.apache.karaf.shell.osgi.BundleSelector,1,FALSE,anonymous,null,null,0,124,0,0
475,karaf,org.apache.karaf.shell.osgi,org.apache.karaf.shell.osgi.BundleStateListener,1,FALSE,anonymous,null,null,0,7,1,0
476,karaf,org.apache.karaf.shell.osgi,org.apache.karaf.shell.osgi.BundleStateListener.Factory,1,FALSE,anonymous,null,null,0,3,1,0
477,karaf,org.apache.karaf.shell.osgi,org.apache.karaf.shell.osgi.Classes,1,FALSE,anonymous,null,null,0,29,0,0
478,karaf,org.apache.karaf.shell.osgi,org.apache.karaf.shell.osgi.FindClass,1,FALSE,anonymous,null,null,0,26,2,0
479,karaf,org.apache.karaf.shell.osgi,org.apache.karaf.shell.osgi.Headers,1,FALSE,anonymous,null,null,0,259,1,0
480,karaf,org.apache.karaf.shell.osgi,org.apache.karaf.shell.osgi.Headers.ClauseFormatter,1,FALSE,anonymous,null,null,0,4,0,0
481,karaf,org.apache.karaf.shell.osgi,org.apache.karaf.shell.osgi.Info,1,FALSE,anonymous,null,null,0,37,0,0
482,karaf,org.apache.karaf.shell.osgi,org.apache.karaf.shell.osgi.InstallBundle,1,FALSE,anonymous,null,null,0,41,1,0
483,karaf,org.apache.karaf.shell.osgi,org.apache.karaf.shell.osgi.ListBundles,1,FALSE,anonymous,null,null,0,172,1,1
484,karaf,org.apache.karaf.shell.osgi,org.apache.karaf.shell.osgi.ListBundleServices,1,FALSE,anonymous,null,null,0,121,0,0
485,karaf,org.apache.karaf.shell.osgi,org.apache.karaf.shell.osgi.ListServices,1,FALSE,anonymous,null,null,0,85,0,0
486,karaf,org.apache.karaf.shell.osgi,org.apache.karaf.shell.osgi.Name,1,FALSE,anonymous,null,null,0,28,1,0
487,karaf,org.apache.karaf.shell.osgi,org.apache.karaf.shell.osgi.RefreshBundle,1,FALSE,anonymous,null,null,0,25,0,0
488,karaf,org.apache.karaf.shell.osgi,org.apache.karaf.shell.osgi.ResolveBundle,1,FALSE,anonymous,null,null,0,25,0,0
489,karaf,org.apache.karaf.shell.osgi,org.apache.karaf.shell.osgi.RestartBundle,1,FALSE,anonymous,null,null,0,26,0,0
490,karaf,org.apache.karaf.shell.osgi,org.apache.karaf.shell.osgi.Shutdown,1,TRUE,anonymous,null,null,0,82,1,0
491,karaf,org.apache.karaf.shell.osgi,org.apache.karaf.shell.osgi.SpringStateListenerFactory,1,FALSE,anonymous,null,null,0,93,4,0
492,karaf,org.apache.karaf.shell.osgi,org.apache.karaf.shell.osgi.SpringStateListenerFactory.Destroyable,1,FALSE,anonymous,null,null,0,3,1,0
493,karaf,org.apache.karaf.shell.osgi,org.apache.karaf.shell.osgi.SpringStateListenerFactory.SpringApplicationListener,1,FALSE,anonymous,null,null,0,60,2,0
494,karaf,org.apache.karaf.shell.osgi,org.apache.karaf.shell.osgi.StartBundle,1,FALSE,anonymous,null,null,0,18,0,0
495,karaf,org.apache.karaf.shell.osgi,org.apache.karaf.shell.osgi.StartLevel,1,FALSE,anonymous,null,null,0,27,1,0
496,karaf,org.apache.karaf.shell.osgi,org.apache.karaf.shell.osgi.StopBundle,1,FALSE,anonymous,null,null,0,18,0,0
497,karaf,org.apache.karaf.shell.osgi,org.apache.karaf.shell.osgi.UninstallBundle,1,FALSE,anonymous,null,null,0,16,0,0
498,karaf,org.apache.karaf.shell.osgi,org.apache.karaf.shell.osgi.UpdateBundle,1,FALSE,anonymous,null,null,0,12,0,0
499,karaf,org.apache.karaf.shell.osgi,org.apache.karaf.shell.osgi.Util,1,FALSE,anonymous,null,null,0,167,0,0
500,karaf,org.apache.karaf.shell.osgi,org.apache.karaf.shell.osgi.Util.StringConverter,1,FALSE,anonymous,null,null,0,3,0,0
501,karaf,org.apache.karaf.shell.osgi,org.apache.karaf.shell.osgi.Version,1,FALSE,anonymous,null,null,0,6,1,0
502,karaf,org.apache.karaf.shell.packages,org.apache.karaf.shell.packages.ExportsCommand,1,FALSE,anonymous,null,null,0,114,0,0
503,karaf,org.apache.karaf.shell.packages,org.apache.karaf.shell.packages.ImportsCommand,1,FALSE,anonymous,null,null,0,75,0,0
504,karaf,org.apache.karaf.shell.packages,org.apache.karaf.shell.packages.PackageCommandSupport,1,TRUE,anonymous,null,null,0,25,1,0
505,karaf,org.apache.karaf.shell.scr.action,org.apache.karaf.shell.scr.action.ActivateAction,1,TRUE,anonymous,null,null,0,17,0,0
506,karaf,org.apache.karaf.shell.scr.action,org.apache.karaf.shell.scr.action.DeactivateAction,1,TRUE,anonymous,null,null,0,19,0,0
507,karaf,org.apache.karaf.shell.scr.action,org.apache.karaf.shell.scr.action.DetailsAction,1,TRUE,anonymous,null,null,0,60,0,0
508,karaf,org.apache.karaf.shell.scr.action,org.apache.karaf.shell.scr.action.ListAction,1,TRUE,anonymous,null,null,0,31,0,0
509,karaf,org.apache.karaf.shell.scr.action,org.apache.karaf.shell.scr.action.ScrActionSupport,1,FALSE,anonymous,null,null,0,76,3,0
510,karaf,org.apache.karaf.shell.scr,org.apache.karaf.shell.scr.ActivateCommandComponent,1,TRUE,anonymous,null,null,0,24,4,0
511,karaf,org.apache.karaf.shell.scr.completer,org.apache.karaf.shell.scr.completer.ActivateCompleter,1,FALSE,anonymous,null,null,0,9,0,0
512,karaf,org.apache.karaf.shell.scr.completer,org.apache.karaf.shell.scr.completer.DeactivateCompleter,1,FALSE,anonymous,null,null,0,9,0,0
513,karaf,org.apache.karaf.shell.scr.completer,org.apache.karaf.shell.scr.completer.DetailsCompleter,1,FALSE,anonymous,null,null,0,9,0,0
514,karaf,org.apache.karaf.shell.scr.completer,org.apache.karaf.shell.scr.completer.ScrCompleterSupport,1,FALSE,anonymous,null,null,0,51,1,0
515,karaf,org.apache.karaf.shell.scr,org.apache.karaf.shell.scr.DeactivateCommandComponent,1,TRUE,anonymous,null,null,0,24,4,0
516,karaf,org.apache.karaf.shell.scr,org.apache.karaf.shell.scr.DetailsCommandComponent,1,TRUE,anonymous,null,null,0,24,4,0
517,karaf,org.apache.karaf.shell.scr,org.apache.karaf.shell.scr.ListCommandComponent,1,TRUE,anonymous,null,null,0,22,4,0
518,karaf,org.apache.karaf.shell.scr,org.apache.karaf.shell.scr.ScrCommandConstants,1,FALSE,anonymous,null,null,0,10,0,0
519,karaf,org.apache.karaf.shell.scr,org.apache.karaf.shell.scr.ScrCommandSupport,1,FALSE,anonymous,null,null,0,76,6,0
520,karaf,org.apache.karaf.shell.scr,org.apache.karaf.shell.scr.ScrUtils,1,FALSE,anonymous,null,null,0,46,0,0
521,karaf,org.apache.karaf.shell.ssh,org.apache.karaf.shell.ssh.KarafAgentFactory,1,FALSE,anonymous,null,null,0,57,1,0
522,karaf,org.apache.karaf.shell.ssh,org.apache.karaf.shell.ssh.KarafFileSystemFactory,1,TRUE,anonymous,null,null,0,8,0,0
523,karaf,org.apache.karaf.shell.ssh,org.apache.karaf.shell.ssh.KarafFileSystemView,1,TRUE,anonymous,null,null,0,24,1,0
524,karaf,org.apache.karaf.shell.ssh,org.apache.karaf.shell.ssh.KarafJaasAuthenticator,1,FALSE,anonymous,null,null,0,112,2,0
525,karaf,org.apache.karaf.shell.ssh,org.apache.karaf.shell.ssh.KarafSshFile,1,TRUE,anonymous,null,null,0,11,0,0
526,karaf,org.apache.karaf.shell.ssh,org.apache.karaf.shell.ssh.ShellCommandFactory,1,FALSE,anonymous,null,null,0,131,0,0
527,karaf,org.apache.karaf.shell.ssh,org.apache.karaf.shell.ssh.ShellCommandFactory.ShellCommand,1,FALSE,anonymous,null,null,0,112,1,0
528,karaf,org.apache.karaf.shell.ssh,org.apache.karaf.shell.ssh.ShellFactoryImpl,1,TRUE,anonymous,null,null,0,145,2,0
529,karaf,org.apache.karaf.shell.ssh,org.apache.karaf.shell.ssh.ShellFactoryImpl.ShellImpl,1,FALSE,anonymous,null,null,0,88,1,0
530,karaf,org.apache.karaf.shell.ssh,org.apache.karaf.shell.ssh.ShellFactoryImpl.Converter,1,FALSE,anonymous,null,null,0,8,0,0
531,karaf,org.apache.karaf.shell.ssh,org.apache.karaf.shell.ssh.ShellFactoryImpl.LfToCrLfFilterOutputStream,1,FALSE,anonymous,null,null,0,16,0,0
532,karaf,org.apache.karaf.shell.ssh,org.apache.karaf.shell.ssh.SshAction,1,TRUE,anonymous,null,null,0,138,2,1
533,karaf,org.apache.karaf.shell.ssh,org.apache.karaf.shell.ssh.SshServerAction,1,TRUE,anonymous,null,null,0,30,1,0
534,karaf,org.apache.karaf.shell.ssh,org.apache.karaf.shell.ssh.SshServerFactory,1,FALSE,anonymous,null,null,0,37,3,0
535,karaf,org.apache.karaf.shell.ssh,org.apache.karaf.shell.ssh.SshTerminal,1,FALSE,anonymous,null,null,0,30,4,0
536,karaf,org.apache.karaf.shell.ssh,org.apache.karaf.shell.ssh.UserAuthFactoriesFactory,1,TRUE,anonymous,null,null,0,49,4,0
537,karaf,org.apache.karaf.shell.ssh,org.apache.karaf.shell.ssh.UserAuthFactoriesFactory.Converter,1,TRUE,anonymous,null,null,0,11,0,0
538,karaf,org.apache.karaf.shell.web,org.apache.karaf.shell.web.WebEventHandler,1,TRUE,anonymous,null,null,0,12,1,0
539,karaf,org.apache.karaf.shell.web,org.apache.karaf.shell.web.WebListCommand,1,FALSE,anonymous,null,null,0,126,3,0
540,karaf,org.apache.karaf.shell.wrapper,org.apache.karaf.shell.wrapper.InstallCommand,1,TRUE,anonymous,null,null,1,437,5,1
541,karaf,org.apache.karaf.shell.wrapper,org.apache.karaf.shell.wrapper.Main,1,TRUE,anonymous,null,null,0,78,2,0
542,karaf,org.apache.karaf.shell.wrapper,org.apache.karaf.shell.wrapper.PumpStreamHandler,1,TRUE,anonymous,null,null,0,130,2,0
543,karaf,org.apache.karaf.shell.wrapper,org.apache.karaf.shell.wrapper.StreamPumper,1,TRUE,anonymous,null,null,0,124,6,0
544,karaf,org.apache.karaf.tooling.cmdhelp,org.apache.karaf.tooling.cmdhelp.CmdHelpMojo,1,TRUE,anonymous,null,null,1,378,1,0
545,karaf,org.apache.karaf.tooling.cmdhelp,org.apache.karaf.tooling.cmdhelp.CmdHelpMojo.HelpPrinter,1,FALSE,anonymous,null,null,0,248,0,0
546,karaf,org.apache.karaf.tooling.cmdhelp,org.apache.karaf.tooling.cmdhelp.CmdHelpMojo.HelpPrinter.DocbxPreparator,1,FALSE,anonymous,null,null,0,109,0,0
547,karaf,org.apache.karaf.tooling.cmdhelp,org.apache.karaf.tooling.cmdhelp.CmdHelpMojo.HelpPrinter.ConfPreparator,1,FALSE,anonymous,null,null,0,85,0,0
548,karaf,org.apache.karaf.tooling.cmdhelp,org.apache.karaf.tooling.cmdhelp.CmdHelpMojo.HelpPrinter.DummyCommandSession,1,FALSE,anonymous,null,null,0,24,3,0
549,karaf,org.apache.karaf.tooling.exam.container.internal.adaptions,org.apache.karaf.tooling.exam.container.internal.adaptions.KarafManipulator,1,TRUE,anonymous,null,null,0,5,0,0
550,karaf,org.apache.karaf.tooling.exam.container.internal.adaptions,org.apache.karaf.tooling.exam.container.internal.adaptions.KarafManipulatorFactory,1,TRUE,anonymous,null,null,0,14,1,0
551,karaf,org.apache.karaf.tooling.exam.container.internal.adaptions,org.apache.karaf.tooling.exam.container.internal.adaptions.KarafManipulatorStartingFrom220,1,TRUE,anonymous,null,null,0,5,0,0
552,karaf,org.apache.karaf.tooling.exam.container.internal,org.apache.karaf.tooling.exam.container.internal.Constants,1,FALSE,anonymous,null,null,0,5,0,0
553,karaf,org.apache.karaf.tooling.exam.container.internal,org.apache.karaf.tooling.exam.container.internal.ExamFeaturesFile,1,FALSE,anonymous,null,null,0,46,4,0
554,karaf,org.apache.karaf.tooling.exam.container.internal,org.apache.karaf.tooling.exam.container.internal.InternalKarafDistributionConfigurationOption,1,TRUE,anonymous,null,null,0,56,2,0
555,karaf,org.apache.karaf.tooling.exam.container.internal,org.apache.karaf.tooling.exam.container.internal.KarafPropertiesFile,1,FALSE,anonymous,null,null,0,43,2,0
556,karaf,org.apache.karaf.tooling.exam.container.internal,org.apache.karaf.tooling.exam.container.internal.KarafTestContainer,1,FALSE,anonymous,null,null,1,472,3,0
557,karaf,org.apache.karaf.tooling.exam.container.internal,org.apache.karaf.tooling.exam.container.internal.KarafTestContainerFactory,1,FALSE,anonymous,null,null,0,37,1,0
558,karaf,org.apache.karaf.tooling.exam.container.internal,org.apache.karaf.tooling.exam.container.internal.RMIRegistry,1,TRUE,anonymous,null,null,0,104,4,0
559,karaf,org.apache.karaf.tooling.exam.container.internal.runner,org.apache.karaf.tooling.exam.container.internal.runner.BaseScriptRunner,1,TRUE,anonymous,null,null,0,36,1,0
560,karaf,org.apache.karaf.tooling.exam.container.internal.runner,org.apache.karaf.tooling.exam.container.internal.runner.CommandLineBuilder,1,FALSE,anonymous,null,null,0,44,2,0
561,karaf,org.apache.karaf.tooling.exam.container.internal.runner,org.apache.karaf.tooling.exam.container.internal.runner.InternalRunner,1,FALSE,anonymous,null,null,0,85,2,0
562,karaf,org.apache.karaf.tooling.exam.container.internal.runner,org.apache.karaf.tooling.exam.container.internal.runner.KarafJavaRunner,1,TRUE,anonymous,null,null,0,40,2,0
563,karaf,org.apache.karaf.tooling.exam.container.internal.runner,org.apache.karaf.tooling.exam.container.internal.runner.NixRunner,1,TRUE,anonymous,null,null,0,12,0,0
564,karaf,org.apache.karaf.tooling.exam.container.internal.runner,org.apache.karaf.tooling.exam.container.internal.runner.Runner,1,TRUE,anonymous,null,null,0,13,1,0
565,karaf,org.apache.karaf.tooling.exam.container.internal.runner,org.apache.karaf.tooling.exam.container.internal.runner.WindowsRunner,1,TRUE,anonymous,null,null,0,12,0,0
566,karaf,org.apache.karaf.tooling.exam.options.configs,org.apache.karaf.tooling.exam.options.configs.CustomProperties,1,TRUE,anonymous,null,null,0,17,0,0
567,karaf,org.apache.karaf.tooling.exam.options.configs,org.apache.karaf.tooling.exam.options.configs.CustomProperties.CustomPropertiesPointer,1,FALSE,anonymous,null,null,0,5,0,0
568,karaf,org.apache.karaf.tooling.exam.options.configs,org.apache.karaf.tooling.exam.options.configs.FeaturesCfg,1,TRUE,anonymous,null,null,0,13,0,0
569,karaf,org.apache.karaf.tooling.exam.options.configs,org.apache.karaf.tooling.exam.options.configs.FeaturesCfg.CustomPropertiesPointer,1,FALSE,anonymous,null,null,0,5,0,0
570,karaf,org.apache.karaf.tooling.exam.options.configs,org.apache.karaf.tooling.exam.options.configs.JreProperties,1,TRUE,anonymous,null,null,0,14,0,0
571,karaf,org.apache.karaf.tooling.exam.options.configs,org.apache.karaf.tooling.exam.options.configs.JreProperties.CustomPropertiesPointer,1,FALSE,anonymous,null,null,0,5,0,0
572,karaf,org.apache.karaf.tooling.exam.options.configs,org.apache.karaf.tooling.exam.options.configs.LoggingCfg,1,TRUE,anonymous,null,null,0,12,0,0
573,karaf,org.apache.karaf.tooling.exam.options.configs,org.apache.karaf.tooling.exam.options.configs.LoggingCfg.CustomPropertiesPointer,1,FALSE,anonymous,null,null,0,5,0,0
574,karaf,org.apache.karaf.tooling.exam.options.configs,org.apache.karaf.tooling.exam.options.configs.ManagementCfg,1,TRUE,anonymous,null,null,0,19,0,0
575,karaf,org.apache.karaf.tooling.exam.options.configs,org.apache.karaf.tooling.exam.options.configs.ManagementCfg.CustomPropertiesPointer,1,FALSE,anonymous,null,null,0,5,0,0
576,karaf,org.apache.karaf.tooling.exam.options.configs,org.apache.karaf.tooling.exam.options.configs.SystemProperties,1,TRUE,anonymous,null,null,0,12,0,0
577,karaf,org.apache.karaf.tooling.exam.options.configs,org.apache.karaf.tooling.exam.options.configs.SystemProperties.CustomPropertiesPointer,1,FALSE,anonymous,null,null,0,5,0,0
578,karaf,org.apache.karaf.tooling.exam.options.configs,org.apache.karaf.tooling.exam.options.configs.UsersProperties,1,TRUE,anonymous,null,null,0,12,0,0
579,karaf,org.apache.karaf.tooling.exam.options.configs,org.apache.karaf.tooling.exam.options.configs.UsersProperties.CustomPropertiesPointer,1,FALSE,anonymous,null,null,0,5,0,0
580,karaf,org.apache.karaf.tooling.exam.options.configs,org.apache.karaf.tooling.exam.options.configs.WebCfg,1,TRUE,anonymous,null,null,0,12,0,0
581,karaf,org.apache.karaf.tooling.exam.options.configs,org.apache.karaf.tooling.exam.options.configs.WebCfg.CustomPropertiesPointer,1,FALSE,anonymous,null,null,0,5,0,0
582,karaf,org.apache.karaf.tooling.exam.options,org.apache.karaf.tooling.exam.options.ConfigurationPointer,1,TRUE,anonymous,null,null,0,17,2,0
583,karaf,org.apache.karaf.tooling.exam.options,org.apache.karaf.tooling.exam.options.DoNotModifyLogOption,1,TRUE,anonymous,null,null,0,5,0,0
584,karaf,org.apache.karaf.tooling.exam.options,org.apache.karaf.tooling.exam.options.ExamBundlesStartLevel,1,TRUE,anonymous,null,null,0,15,1,0
585,karaf,org.apache.karaf.tooling.exam.options,org.apache.karaf.tooling.exam.options.KarafDistributionBaseConfigurationOption,1,FALSE,anonymous,null,null,0,101,6,0
586,karaf,org.apache.karaf.tooling.exam.options,org.apache.karaf.tooling.exam.options.KarafDistributionConfigurationConsoleOption,1,TRUE,anonymous,null,null,0,45,6,0
587,karaf,org.apache.karaf.tooling.exam.options,org.apache.karaf.tooling.exam.options.KarafDistributionConfigurationFileExtendOption,1,TRUE,anonymous,null,null,0,11,0,0
588,karaf,org.apache.karaf.tooling.exam.options,org.apache.karaf.tooling.exam.options.KarafDistributionConfigurationFileOption,1,TRUE,anonymous,null,null,0,28,3,0
589,karaf,org.apache.karaf.tooling.exam.options,org.apache.karaf.tooling.exam.options.KarafDistributionConfigurationFilePutOption,1,TRUE,anonymous,null,null,0,11,0,0
590,karaf,org.apache.karaf.tooling.exam.options,org.apache.karaf.tooling.exam.options.KarafDistributionConfigurationFileReplacementOption,1,TRUE,anonymous,null,null,0,13,1,0
591,karaf,org.apache.karaf.tooling.exam.options,org.apache.karaf.tooling.exam.options.KarafDistributionConfigurationOption,1,TRUE,anonymous,null,null,0,17,1,0
592,karaf,org.apache.karaf.tooling.exam.options,org.apache.karaf.tooling.exam.options.KarafDistributionKitConfigurationOption,1,TRUE,anonymous,null,null,0,55,3,0
593,karaf,org.apache.karaf.tooling.exam.options,org.apache.karaf.tooling.exam.options.KarafDistributionOption,1,TRUE,anonymous,null,null,0,153,6,0
594,karaf,org.apache.karaf.tooling.exam.options,org.apache.karaf.tooling.exam.options.KarafDistributionOption.FileOptionFactory,1,FALSE,anonymous,null,null,0,3,0,0
595,karaf,org.apache.karaf.tooling.exam.options,org.apache.karaf.tooling.exam.options.KarafExamSystemConfigurationOption,1,TRUE,anonymous,null,null,0,15,1,0
596,karaf,org.apache.karaf.tooling.exam.options,org.apache.karaf.tooling.exam.options.KeepRuntimeFolderOption,1,TRUE,anonymous,null,null,0,5,0,0
597,karaf,org.apache.karaf.tooling.exam.options,org.apache.karaf.tooling.exam.options.LogLevelOption,1,TRUE,anonymous,null,null,0,21,2,0
598,karaf,org.apache.karaf.tooling.features,org.apache.karaf.tooling.features.AddFeaturesToRepoMojo,1,TRUE,anonymous,null,null,1,381,1,0
599,karaf,org.apache.karaf.tooling.features,org.apache.karaf.tooling.features.AddFeaturesToRepoMojo.Feature,1,FALSE,anonymous,null,null,0,44,6,0
600,karaf,org.apache.karaf.tooling.features,org.apache.karaf.tooling.features.AddFeaturesToRepoMojo.Repository,1,FALSE,anonymous,null,null,0,100,5,0
601,karaf,org.apache.karaf.tooling.features,org.apache.karaf.tooling.features.BlueprintURLHandler,1,TRUE,anonymous,null,null,0,44,1,0
602,karaf,org.apache.karaf.tooling.features,org.apache.karaf.tooling.features.BlueprintURLHandler.Connection,1,FALSE,anonymous,null,null,0,19,2,0
603,karaf,org.apache.karaf.tooling.features,org.apache.karaf.tooling.features.CopyFileBasedDescriptor,1,FALSE,anonymous,null,null,0,23,3,0
604,karaf,org.apache.karaf.tooling.features,org.apache.karaf.tooling.features.CreateKarMojo,1,TRUE,anonymous,null,null,0,119,2,0
605,karaf,org.apache.karaf.tooling.features,org.apache.karaf.tooling.features.CustomBundleURLStreamHandlerFactory,1,FALSE,anonymous,null,null,0,31,0,0
606,karaf,org.apache.karaf.tooling.features,org.apache.karaf.tooling.features.FeatureURLHandler,1,TRUE,anonymous,null,null,0,44,1,0
607,karaf,org.apache.karaf.tooling.features,org.apache.karaf.tooling.features.FeatureURLHandler.Connection,1,FALSE,anonymous,null,null,0,19,2,0
608,karaf,org.apache.karaf.tooling.features,org.apache.karaf.tooling.features.GenerateFeaturesFileMojo,1,TRUE,anonymous,null,null,1,348,2,0
609,karaf,org.apache.karaf.tooling.features,org.apache.karaf.tooling.features.GenerateFeaturesXmlMojo,1,TRUE,anonymous,null,null,1,423,5,0
610,karaf,org.apache.karaf.tooling.features,org.apache.karaf.tooling.features.GenerateFeaturesXmlMojo.Feature,1,FALSE,anonymous,null,null,0,58,1,0
611,karaf,org.apache.karaf.tooling.features,org.apache.karaf.tooling.features.GraphArtifactCollector,1,FALSE,anonymous,null,null,0,227,0,0
612,karaf,org.apache.karaf.tooling.features,org.apache.karaf.tooling.features.InstallKarsMojo,1,TRUE,anonymous,null,null,0,124,1,0
613,karaf,org.apache.karaf.tooling.features,org.apache.karaf.tooling.features.InstallKarsMojo.OfflineFeaturesService,1,FALSE,anonymous,null,null,0,70,3,0
614,karaf,org.apache.karaf.tooling.features,org.apache.karaf.tooling.features.ManifestUtils,1,TRUE,anonymous,null,null,0,90,1,0
615,karaf,org.apache.karaf.tooling.features,org.apache.karaf.tooling.features.MojoSupport,1,FALSE,anonymous,null,null,0,317,7,0
616,karaf,org.apache.karaf.tooling.features,org.apache.karaf.tooling.features.Node,1,FALSE,anonymous,null,null,0,23,3,0
617,karaf,org.apache.karaf.tooling.features,org.apache.karaf.tooling.features.ResolutionListenerImpl,1,FALSE,anonymous,null,null,0,81,3,0
618,karaf,org.apache.karaf.tooling.features,org.apache.karaf.tooling.features.SpringURLHandler,1,TRUE,anonymous,null,null,0,44,1,0
619,karaf,org.apache.karaf.tooling.features,org.apache.karaf.tooling.features.SpringURLHandler.Connection,1,FALSE,anonymous,null,null,0,19,2,0
620,karaf,org.apache.karaf.tooling.features,org.apache.karaf.tooling.features.ValidateFeaturesMojo,1,TRUE,anonymous,null,null,1,468,5,0
621,karaf,org.apache.karaf.tooling.features,org.apache.karaf.tooling.features.ValidateFeaturesMojo.Features,1,FALSE,anonymous,null,null,0,19,0,0
622,karaf,org.apache.karaf.tooling.features,org.apache.karaf.tooling.features.WarURLHandler,1,TRUE,anonymous,null,null,0,24,1,0
623,karaf,org.apache.karaf.tooling.features,org.apache.karaf.tooling.features.AddFeaturesToRepoMojoTest,1,FALSE,anonymous,null,null,0,18,3,0
624,karaf,org.apache.karaf.tooling.features,org.apache.karaf.tooling.features.BundleToArtifactTest,1,FALSE,anonymous,null,null,0,22,5,0
625,karaf,org.apache.karaf.tooling.features,org.apache.karaf.tooling.features.GenerateFeaturesFileMojoTest,1,TRUE,anonymous,null,null,0,54,6,0
626,karaf,org.apache.karaf.tooling.features,org.apache.karaf.tooling.features.GenerateFeaturesXmlMojoTest,1,TRUE,anonymous,null,null,0,37,3,0
627,karaf,org.apache.karaf.tooling.features,org.apache.karaf.tooling.features.ManifestUtilsTest,1,TRUE,anonymous,null,null,0,40,2,0
628,karaf,org.apache.karaf.util.collections,org.apache.karaf.util.collections.CopyOnWriteArrayIdentityList,1,TRUE,anonymous,null,null,1,967,12,0
629,karaf,org.apache.karaf.util.collections,org.apache.karaf.util.collections.CopyOnWriteArrayIdentityList.ListIteratorImpl,1,TRUE,anonymous,null,null,0,52,8,0
630,karaf,org.apache.karaf.util.collections,org.apache.karaf.util.collections.CopyOnWriteArrayIdentityList.SubListReadData,1,TRUE,anonymous,null,null,0,11,0,0
631,karaf,org.apache.karaf.util.collections,org.apache.karaf.util.collections.CopyOnWriteArrayIdentityList.SubList,1,TRUE,anonymous,null,null,0,286,7,0
632,karaf,org.apache.karaf.util.collections,org.apache.karaf.util.collections.CopyOnWriteArrayIdentityList.SubList.SubListIterator,1,TRUE,anonymous,null,null,0,38,4,0
633,karaf,org.apache.karaf.util,org.apache.karaf.util.DeployerUtils,1,TRUE,anonymous,null,null,0,69,1,0
634,karaf,org.apache.karaf.util,org.apache.karaf.util.InterpolationHelper,1,TRUE,anonymous,null,null,0,119,1,0
635,karaf,org.apache.karaf.util,org.apache.karaf.util.InterpolationHelper.SubstitutionCallback,1,TRUE,anonymous,null,null,0,6,0,0
636,karaf,org.apache.karaf.util.process,org.apache.karaf.util.process.PumpStreamHandler,1,TRUE,anonymous,null,null,0,130,2,0
637,karaf,org.apache.karaf.util.process,org.apache.karaf.util.process.StreamPumper,1,TRUE,anonymous,null,null,0,132,6,0
638,karaf,org.apache.karaf.util,org.apache.karaf.util.StringEscapeUtils,1,TRUE,anonymous,null,null,0,173,0,0
639,karaf,org.apache.karaf.util,org.apache.karaf.util.DeployerUtilsTest,1,FALSE,anonymous,null,null,0,17,1,0
640,karaf,org.apache.karaf.webconsole.admin,org.apache.karaf.webconsole.admin.AdminPlugin,1,TRUE,anonymous,null,null,0,319,5,0
641,karaf,org.apache.karaf.webconsole.admin,org.apache.karaf.webconsole.admin.AdminPluginTest,1,FALSE,anonymous,null,null,0,49,2,0
642,karaf,org.apache.karaf.webconsole,org.apache.karaf.webconsole.JaasSecurityProvider,1,FALSE,anonymous,null,null,0,127,2,0
643,karaf,org.apache.felix.webconsole.internal,org.apache.felix.webconsole.internal.KarafOsgiManager,1,FALSE,anonymous,null,null,0,36,0,0
644,karaf,org.apache.felix.webconsole.internal,org.apache.felix.webconsole.internal.KarafOsgiManagerActivator,1,TRUE,anonymous,null,null,0,20,0,0
645,karaf,org.apache.karaf.webconsole.features,org.apache.karaf.webconsole.features.ExtendedFeature,1,TRUE,anonymous,null,null,0,58,14,0
646,karaf,org.apache.karaf.webconsole.features,org.apache.karaf.webconsole.features.FeaturesPlugin,1,TRUE,anonymous,null,null,0,343,5,0
647,karaf,org.apache.karaf.webconsole.features,org.apache.karaf.webconsole.features.FeaturesPlugin.ExtendedFeatureComparator,1,FALSE,anonymous,null,null,0,5,0,0
648,karaf,org.apache.karaf.webconsole.gogo,org.apache.karaf.webconsole.gogo.GogoPlugin,1,TRUE,anonymous,null,null,0,190,4,0
649,karaf,org.apache.karaf.webconsole.gogo,org.apache.karaf.webconsole.gogo.GogoPlugin.SessionTerminal,1,FALSE,anonymous,null,null,0,86,3,0
650,karaf,org.apache.karaf.webconsole.gogo,org.apache.karaf.webconsole.gogo.Terminal,1,FALSE,anonymous,null,null,1,1615,48,1
651,karaf,org.apache.karaf.webconsole.gogo,org.apache.karaf.webconsole.gogo.WebTerminal,1,FALSE,anonymous,null,null,0,19,4,0
