"id","projectName","className","wmc","possibility"
"1","xerces","org.apache.xerces.dom.CoreDocumentImpl","279","1.32"
"2","xerces","org.apache.xerces.dom.DeferredDocumentImpl","261","1.32"
"3","xerces","org.apache.xerces.dom.NodeImpl","268","1.32"
"4","xerces","org.apache.xerces.dom.RangeImpl","309","1.32"
"5","xerces","org.apache.xerces.impl.dtd.DTDGrammar","322","1.32"
"6","xerces","org.apache.xerces.impl.dv.xs.XSSimpleTypeDecl","454","1.32"
"7","xerces","org.apache.xerces.impl.XMLDTDScannerImpl","307","1.32"
"8","xerces","org.apache.xerces.impl.XMLEntityManager","291","1.32"
"9","xerces","org.apache.xerces.impl.XMLEntityScanner","250","1"
"10","xerces","org.apache.xerces.impl.xpath.regex.RegexParser","361","1.32"
"11","xerces","org.apache.xerces.impl.xpath.regex.RegularExpression","832","1.32"
"12","xerces","org.apache.xerces.impl.xpath.regex.Token","253","1"
"13","xerces","org.apache.xerces.impl.xs.traversers.XSDHandler","289","1.32"
"14","xerces","org.apache.xerces.impl.xs.XMLSchemaValidator","392","1"
"15","xerces","org.apache.xerces.impl.xs.XSConstraints","247","1.32"
"16","xerces","org.apache.xerces.parsers.AbstractDOMParser","336","1"
"17","xerces","org.apache.xerces.util.URI","255","1"
"18","xerces","org.apache.xml.serialize.BaseMarkupSerializer","269","1.32"
