"id","projectName","className","methodName","mloc","nop","nos","treeDepth","treeWidth","nodeSum","maxChildren","possibility"
"1","hive","org.apache.hadoop.hive.ant.QTestGenTask","execute","126","0","14","14","121","1227","5","1.3"
"2","hive","org.apache.hadoop.hive.cli.CliDriver","processCmd","117","1","7","18","81","1273","5","1.1"
"3","hive","org.apache.hadoop.hive.cli.CliDriver","run","119","1","35","11","105","1349","7","1.6"
"4","hive","org.apache.hadoop.hive.hbase.HBaseSerDe","parseColumnStorageTypes","114","1","4","16","101","1363","6","1.1"
"5","hive","org.apache.hadoop.hive.hbase.HiveHBaseTableInputFormat","getRecordReader","104","3","22","15","89","1061","9","1.1"
"6","hive","org.apache.hadoop.hive.hbase.TestHBaseSerDe","testHBaseSerDeI","58","0","53","7","193","1051","6","1.8"
"7","hive","org.apache.hadoop.hive.hbase.TestHBaseSerDe","testHBaseSerDeWithTimestamp","42","0","40","7","154","899","5","1.3"
"8","hive","org.apache.hadoop.hive.hbase.TestHBaseSerDe","testHBaseSerDeII","50","0","48","8","178","1055","5","1.6"
"9","hive","org.apache.hadoop.hive.hbase.TestHBaseSerDe","testHBaseSerDeWithHiveMapToHBaseColumnFamily","35","0","25","11","144","1275","5","1.3"
"10","hive","org.apache.hadoop.hive.hbase.TestLazyHBaseObject","testLazyHBaseCellMap3","178","0","173","8","489","3603","5","3.6"
"11","hive","org.apache.hadoop.hive.hbase.TestLazyHBaseObject","testLazyHBaseRow1","63","0","44","9","228","1399","5","1.9"
"12","hive","org.apache.hadoop.hive.hbase.TestLazyHBaseObject","testLazyHBaseRow2","64","0","45","9","241","1445","5","2"
"13","hive","org.apache.hadoop.hive.hbase.TestLazyHBaseObject","testLazyHBaseRow3","113","0","18","11","138","1225","5","1.4"
"14","hive","org.apache.hadoop.hive.hwi.TestHWISessionManager","testHiveDriver","109","0","79","9","229","1383","6","2.4"
"15","hive","org.apache.hadoop.hive.jdbc.TestJdbcDriver","testDataTypes","46","0","42","7","128","715","5","1.2"
"16","hive","org.apache.hadoop.hive.jdbc.TestJdbcDriver","testResultSetMetaData","168","0","162","7","614","2987","5","3.5"
"17","hive","org.apache.hadoop.hive.metastore.api.Index","equals","64","1","32","8","83","833","5","1.1"
"18","hive","org.apache.hadoop.hive.metastore.api.Index","compareTo","108","1","34","10","107","1073","5","1.4"
"19","hive","org.apache.hadoop.hive.metastore.api.Index","read","112","1","5","14","118","1289","6","1.1"
"20","hive","org.apache.hadoop.hive.metastore.api.Index","toString","80","0","43","7","115","707","5","1.4"
"21","hive","org.apache.hadoop.hive.metastore.api.Partition","compareTo","88","1","28","10","87","877","5","1.1"
"22","hive","org.apache.hadoop.hive.metastore.api.StorageDescriptor","equals","64","1","32","8","83","853","5","1.1"
"23","hive","org.apache.hadoop.hive.metastore.api.StorageDescriptor","compareTo","108","1","34","10","107","1073","5","1.4"
"24","hive","org.apache.hadoop.hive.metastore.api.StorageDescriptor","read","140","1","5","14","153","1655","6","1.4"
"25","hive","org.apache.hadoop.hive.metastore.api.StorageDescriptor","toString","85","0","43","7","116","733","5","1.5"
"26","hive","org.apache.hadoop.hive.metastore.api.Table","equals","82","1","41","8","107","1091","5","1.5"
"27","hive","org.apache.hadoop.hive.metastore.api.Table","compareTo","138","1","43","10","137","1367","5","2"
"28","hive","org.apache.hadoop.hive.metastore.api.Table","read","147","1","5","14","161","1701","6","1.4"
"29","hive","org.apache.hadoop.hive.metastore.api.Table","toString","109","0","52","9","142","937","5","1.9"
"30","hive","org.apache.hadoop.hive.metastore.api.ThriftHiveMetastore.Processor","getProcessMap","67","1","65","9","264","1149","7","2.2"
"31","hive","org.apache.hadoop.hive.metastore.HiveAlterHandler","alterTable","118","5","14","16","86","1467","11","1.3"
"32","hive","org.apache.hadoop.hive.metastore.HiveAlterHandler","alterPartition","117","6","13","16","81","1287","14","1.3"
"33","hive","org.apache.hadoop.hive.metastore.MetaStoreUtils","getPartSchemaFromTableSchema","64","7","13","15","69","1153","13","1.1"
"34","hive","org.apache.hadoop.hive.metastore.MetaStoreUtils","getSchema","68","6","27","14","100","1265","11","1.4"
"35","hive","org.apache.hadoop.hive.metastore.ObjectStore","grantPrivileges","160","1","4","27","72","1993","9","1.4"
"36","hive","org.apache.hadoop.hive.metastore.ObjectStore","revokePrivileges","156","1","3","26","72","1643","9","1.3"
"37","hive","org.apache.hadoop.hive.metastore.TestHiveMetaStore","partitionTester","213","2","1","11","512","3305","8","2.7"
"38","hive","org.apache.hadoop.hive.metastore.TestHiveMetaStore","testRenamePartition","98","0","1","11","246","1433","5","1.4"
"39","hive","org.apache.hadoop.hive.metastore.TestHiveMetaStore","testSimpleTable","165","0","1","15","348","2441","5","2.3"
"40","hive","org.apache.hadoop.hive.metastore.TestHiveMetaStore","testAlterTable","113","0","4","12","196","1393","5","1.3"
"41","hive","org.apache.hadoop.hive.metastore.TestHiveMetaStore","testComplexTable","80","0","4","15","190","1317","5","1.1"
"42","hive","org.apache.hadoop.hive.metastore.TestHiveMetaStore","testPartitionFilter","125","0","99","8","366","1687","6","2.9"
"43","hive","org.apache.hadoop.hive.metastore.TestHiveMetaStore","testFilterSinglePartition","54","0","48","7","179","811","6","1.5"
"44","hive","org.apache.hadoop.hive.metastore.TestHiveMetaStore","testFilterLastPartition","58","0","52","7","191","865","6","1.7"
"45","hive","org.apache.hadoop.hive.metastore.TestHiveMetaStore","testTableFilter","82","0","1","14","178","1483","5","1.2"
"46","hive","org.apache.hadoop.hive.metastore.TestMetaStoreEventListener","testListener","125","0","123","8","339","2005","5","3"
"47","hive","org.apache.hadoop.hive.ql.plan.api.Query","compareTo","88","1","28","10","87","877","5","1.1"
"48","hive","org.apache.hadoop.hive.ql.plan.api.Query","read","116","1","5","14","123","1377","6","1.1"
"49","hive","org.apache.hadoop.hive.ql.plan.api.Task","compareTo","88","1","28","10","87","877","5","1.1"
"50","hive","org.apache.hadoop.hive.ql.plan.api.Task","read","116","1","5","14","124","1383","6","1.1"
"51","hive","org.apache.hadoop.hive.ql.Driver","doAuthorization","132","1","7","21","94","1877","7","1.4"
"52","hive","org.apache.hadoop.hive.ql.Driver","execute","178","0","14","17","159","2541","5","2"
"53","hive","org.apache.hadoop.hive.ql.exec.CommonJoinOperator","CommonJoinOperator","39","1","37","5","146","611","4","1.2"
"54","hive","org.apache.hadoop.hive.ql.exec.CommonJoinOperator","initializeOp","64","1","30","11","101","1037","7","1.2"
"55","hive","org.apache.hadoop.hive.ql.exec.DDLTask","execute","174","1","4","12","223","1661","6","1.7"
"56","hive","org.apache.hadoop.hive.ql.exec.DDLTask","showGrants","144","1","3","20","70","1455","6","1.2"
"57","hive","org.apache.hadoop.hive.ql.exec.DDLTask","grantOrRevokePrivileges","110","7","7","19","78","1395","11","1.4"
"58","hive","org.apache.hadoop.hive.ql.exec.DDLTask","archive","135","3","30","13","123","1515","8","1.5"
"59","hive","org.apache.hadoop.hive.ql.exec.DDLTask","unarchive","151","2","37","15","117","1567","7","1.9"
"60","hive","org.apache.hadoop.hive.ql.exec.DDLTask","alterTable","283","2","10","22","133","3205","8","2.6"
"61","hive","org.apache.hadoop.hive.ql.exec.DDLTask","createTable","116","2","29","17","109","1323","8","1.5"
"62","hive","org.apache.hadoop.hive.ql.exec.ExecDriver","execute","206","1","46","15","176","2557","7","2.7"
"63","hive","org.apache.hadoop.hive.ql.exec.ExecDriver","main","110","1","27","15","93","1245","8","1.4"
"64","hive","org.apache.hadoop.hive.ql.exec.ExplainTask","outputPlan","122","5","10","15","71","1175","11","1.1"
"65","hive","org.apache.hadoop.hive.ql.exec.ExplainTask","outputDependencies","88","7","13","11","78","949","13","1.2"
"66","hive","org.apache.hadoop.hive.ql.exec.GroupByOperator","initializeOp","150","1","43","19","164","2213","7","2.4"
"67","hive","org.apache.hadoop.hive.ql.exec.HadoopJobExecHelper","progress","152","1","28","17","116","1609","6","1.7"
"68","hive","org.apache.hadoop.hive.ql.exec.HashTableSinkOperator","initializeOp","59","1","32","11","86","847","7","1.1"
"69","hive","org.apache.hadoop.hive.ql.exec.MapRedTask","execute","164","1","3","13","166","1885","6","1.7"
"70","hive","org.apache.hadoop.hive.ql.exec.MoveTask","execute","121","1","1","19","111","1713","6","1.3"
"71","hive","org.apache.hadoop.hive.ql.exec.StatsTask","aggregateStats","120","0","3","16","108","1513","4","1.1"
"72","hive","org.apache.hadoop.hive.ql.exec.Utilities","getInputSummary","125","3","3","24","81","1285","10","1.1"
"73","hive","org.apache.hadoop.hive.ql.index.AggregateIndexHandler","getIndexBuilderMapRedTask","51","9","26","10","92","867","14","1.1"
"74","hive","org.apache.hadoop.hive.ql.index.bitmap.BitmapIndexHandler","getIndexBuilderMapRedTask","56","9","28","10","99","861","15","1.2"
"75","hive","org.apache.hadoop.hive.ql.io.CombineHiveInputFormat","getSplits","116","2","19","19","98","1439","9","1.4"
"76","hive","org.apache.hadoop.hive.ql.io.rcfile.merge.BlockMergeTask","execute","118","1","33","13","118","1381","6","1.6"
"77","hive","org.apache.hadoop.hive.ql.io.rcfile.merge.BlockMergeTask","main","88","1","26","14","86","1087","6","1.2"
"78","hive","org.apache.hadoop.hive.ql.io.RCFile.Reader","Reader","85","6","21","16","72","817","11","1.1"
"79","hive","org.apache.hadoop.hive.ql.metadata.formatting.TextMetaDataFormatter","writeFileSystemStats","107","6","35","14","121","1105","11","1.5"
"80","hive","org.apache.hadoop.hive.ql.metadata.Hive","createIndex","142","20","1","19","138","1759","26","2.2"
"81","hive","org.apache.hadoop.hive.ql.optimizer.BucketMapJoinOptimizer.BucketMapjoinOptProc","process","169","4","32","16","134","2201","10","2.3"
"82","hive","org.apache.hadoop.hive.ql.optimizer.ColumnPrunerProcFactory","pruneJoinOperator","96","6","22","13","126","1671","12","1.5"
"83","hive","org.apache.hadoop.hive.ql.optimizer.GenMapRedUtils","joinPlan","85","9","8","17","68","1097","16","1.2"
"84","hive","org.apache.hadoop.hive.ql.optimizer.GenMapRedUtils","setTaskPlan","184","6","27","19","122","2133","13","2.1"
"85","hive","org.apache.hadoop.hive.ql.optimizer.GenMapRedUtils","splitTasks","78","7","37","13","137","1245","14","1.8"
"86","hive","org.apache.hadoop.hive.ql.optimizer.GenMRFileSink1","createMapReduce4Merge","38","3","28","11","102","931","8","1.1"
"87","hive","org.apache.hadoop.hive.ql.optimizer.GenMRFileSink1","processFS","86","4","27","12","97","1021","10","1.3"
"88","hive","org.apache.hadoop.hive.ql.optimizer.index.RewriteQueryUsingAggregateIndex.ReplaceTableScanOpProc","process","61","4","34","12","113","941","9","1.4"
"89","hive","org.apache.hadoop.hive.ql.optimizer.MapJoinFactory.MapJoin","process","47","4","33","10","114","845","11","1.2"
"90","hive","org.apache.hadoop.hive.ql.optimizer.MapJoinProcessor","convertMapJoin","168","5","50","14","224","2769","12","3"
"91","hive","org.apache.hadoop.hive.ql.optimizer.pcr.PcrExprProcFactory.GenericFuncExprProcessor","process","116","4","3","20","90","1703","10","1.3"
"92","hive","org.apache.hadoop.hive.ql.optimizer.pcr.PcrOpProcFactory.FilterPCR","process","75","4","26","15","92","883","10","1.1"
"93","hive","org.apache.hadoop.hive.ql.optimizer.physical.CommonJoinResolver.CommonJoinTaskDispatcher","processCurrentTask","93","3","34","16","117","1305","8","1.5"
"94","hive","org.apache.hadoop.hive.ql.optimizer.physical.GenMRSkewJoinProcessor","processSkewJoin","182","3","40","12","340","3209","10","3.2"
"95","hive","org.apache.hadoop.hive.ql.optimizer.physical.index.IndexWhereProcessor","process","75","4","30","11","111","1003","10","1.3"
"96","hive","org.apache.hadoop.hive.ql.parse.DDLSemanticAnalyzer","analyzeInternal","187","1","1","14","255","1567","7","1.8"
"97","hive","org.apache.hadoop.hive.ql.parse.ImportSemanticAnalyzer","analyzeInternal","159","1","1","18","161","2263","7","1.6"
"98","hive","org.apache.hadoop.hive.ql.parse.LoadSemanticAnalyzer","analyzeInternal","100","1","25","17","89","1259","7","1.3"
"99","hive","org.apache.hadoop.hive.ql.parse.ParseContext","ParseContext","52","24","25","6","114","815","28","1.8"
"100","hive","org.apache.hadoop.hive.ql.parse.SemanticAnalyzer","doPhase1","175","3","6","17","212","2119","10","1.8"
"101","hive","org.apache.hadoop.hive.ql.parse.SemanticAnalyzer","getMetaData","136","1","1","21","97","1733","7","1.3"
"102","hive","org.apache.hadoop.hive.ql.parse.SemanticAnalyzer","parseJoinCondition","167","3","3","16","109","2071","9","1.5"
"103","hive","org.apache.hadoop.hive.ql.parse.SemanticAnalyzer","genScriptPlan","108","3","31","15","117","1711","9","1.6"
"104","hive","org.apache.hadoop.hive.ql.parse.SemanticAnalyzer","genSelectPlan","158","3","37","17","144","2265","9","2.2"
"105","hive","org.apache.hadoop.hive.ql.parse.SemanticAnalyzer","genGroupByPlanGroupByOperator","77","5","20","14","112","1347","12","1.3"
"106","hive","org.apache.hadoop.hive.ql.parse.SemanticAnalyzer","genGroupByPlanGroupByOperator1","94","6","19","16","109","1547","13","1.5"
"107","hive","org.apache.hadoop.hive.ql.parse.SemanticAnalyzer","genGroupByPlanMapGroupByOperator","75","5","19","16","110","1339","12","1.3"
"108","hive","org.apache.hadoop.hive.ql.parse.SemanticAnalyzer","genGroupByPlanGroupByOperator2MR","58","5","16","12","106","1137","12","1.1"
"109","hive","org.apache.hadoop.hive.ql.parse.SemanticAnalyzer","genFileSinkPlan","261","3","27","16","213","3327","9","2.9"
"110","hive","org.apache.hadoop.hive.ql.parse.SemanticAnalyzer","genReduceSinkPlan","75","4","25","13","94","1241","10","1.3"
"111","hive","org.apache.hadoop.hive.ql.parse.SemanticAnalyzer","genJoinOperatorChildren","72","4","19","17","97","1349","9","1.2"
"112","hive","org.apache.hadoop.hive.ql.parse.SemanticAnalyzer","mergeJoins","92","5","35","10","156","1319","9","1.7"
"113","hive","org.apache.hadoop.hive.ql.parse.SemanticAnalyzer","genUnionPlan","70","5","22","13","96","1265","11","1.2"
"114","hive","org.apache.hadoop.hive.ql.parse.SemanticAnalyzer","genTablePlan","125","2","13","16","120","1977","8","1.5"
"115","hive","org.apache.hadoop.hive.ql.parse.SemanticAnalyzer","genMapRedTasks","241","1","37","21","196","3549","7","3"
"116","hive","org.apache.hadoop.hive.ql.parse.SemanticAnalyzer","analyzeCreateTable","171","2","29","15","184","2073","8","2.1"
"117","hive","org.apache.hadoop.hive.ql.parse.TypeCheckProcFactory.DefaultExprProcessor","getXpathOrFuncExprNodeDesc","129","4","7","23","91","1891","10","1.5"
"118","hive","org.apache.hadoop.hive.ql.plan.ConditionalResolverMergeFiles","getTasks","105","2","10","21","80","1501","6","1.1"
"119","hive","org.apache.hadoop.hive.ql.plan.CreateIndexDesc","CreateIndexDesc","24","20","22","5","62","455","23","1.2"
"120","hive","org.apache.hadoop.hive.ql.plan.CreateTableDesc","CreateTableDesc","23","21","21","7","63","513","24","1.2"
"121","hive","org.apache.hadoop.hive.ql.exec.TestHashMapWrapper","testHashMapWrapper","107","0","7","12","210","1253","5","1.4"
"122","hive","org.apache.hadoop.hive.ql.io.PerformTestRCFileAndSeqFile","testWithColumnNumber","46","4","34","7","103","665","9","1.2"
"123","hive","org.apache.hadoop.hive.ql.io.TestHiveFileFormatUtils","testGetPartitionDescFromPathRecursively","49","0","37","9","116","815","5","1.2"
"124","hive","org.apache.hadoop.hive.ql.io.TestRCFile","testSimpleReadAndWrite","48","0","21","11","142","1077","6","1.1"
"125","hive","org.apache.hadoop.hive.ql.metadata.TestHiveMetaStoreChecker","testTableCheck","63","0","61","7","175","981","9","2"
"126","hive","org.apache.hadoop.hive.ql.metadata.TestHiveMetaStoreChecker","testPartitionsCheck","52","0","48","8","141","875","9","1.4"
"127","hive","org.apache.hadoop.hive.ql.QTestUtil","createSources","59","0","41","10","140","977","5","1.5"
"128","hive","org.apache.hadoop.hive.serde2.binarysortable.BinarySortableSerDe","deserialize","251","4","4","18","216","2619","9","2.4"
"129","hive","org.apache.hadoop.hive.serde2.binarysortable.BinarySortableSerDe","serialize","177","4","3","13","242","1981","8","2"
"130","hive","org.apache.hadoop.hive.serde2.dynamic_type.thrift_grammar","Namespace","163","0","5","9","166","851","6","1.3"
"131","hive","org.apache.hadoop.hive.serde2.dynamic_type.thrift_grammarTokenManager","jjStopStringLiteralDfa_0","160","3","1","7","138","1055","8","1.2"
"132","hive","org.apache.hadoop.hive.serde2.dynamic_type.thrift_grammarTokenManager","jjMoveNfa_0","419","2","6","18","235","2571","6","2.5"
"133","hive","org.apache.hadoop.hive.serde2.lazy.LazySimpleSerDe","serialize","101","9","5","11","86","1145","16","1.1"
"134","hive","org.apache.hadoop.hive.serde2.lazybinary.LazyBinarySerDe","serialize","245","5","2","13","266","2555","11","2.6"
"135","hive","org.apache.hadoop.hive.serde2.objectinspector.ObjectInspectorUtils","compare","149","5","3","14","136","1743","11","1.5"
"136","hive","org.apache.hadoop.hive.serde2.SerDeUtils","buildJSONString","164","3","1","15","125","1347","7","1.3"
"137","hive","org.apache.hadoop.hive.serde2.lazy.TestLazyPrimitive","testLazyDouble","79","0","1","8","339","1911","6","1.8"
"138","hive","org.apache.hadoop.hive.serde2.objectinspector.TestStandardObjectInspectors","doStandardObjectInspectorTest","62","1","40","9","139","1059","5","1.5"
"139","hive","org.apache.hadoop.hive.serde2.objectinspector.TestStandardObjectInspectors","testStandardUnionObjectInspector","111","0","1","10","280","1893","6","1.8"
"140","hive","org.apache.hadoop.hive.serde2.TestTCTLSeparatedProtocol","testReads","52","0","50","6","151","723","5","1.5"
"141","hive","org.apache.hadoop.hive.serde2.TestTCTLSeparatedProtocol","testWrites","89","0","87","6","210","1083","5","2.2"
"142","hive","org.apache.hadoop.hive.serde2.TestTCTLSeparatedProtocol","testQuotedWrites","48","0","46","6","119","591","5","1.2"
"143","hive","org.apache.hadoop.hive.serde2.TestTCTLSeparatedProtocol","test1ApacheLogFormat","45","0","40","6","106","507","6","1.1"
"144","hive","org.apache.hadoop.hive.serde2.TestTCTLSeparatedProtocol","testNulls","66","0","64","6","159","791","5","1.8"
"145","hive","org.apache.hadoop.hive.service.TestHiveServer","testDynamicSerde","54","0","33","13","114","847","5","1.1"
