"id","projectName","className","col","nof","nom","treeDepth","treeWidth","nodeSum","maxChildren","possibility"
"1","hbase","org.apache.hadoop.hbase.client.HBaseAdmin","1204","7","87","19","1039","11179","99","1.8"
"2","hbase","org.apache.hadoop.hbase.client.HConnectionManager","1162","3","12","23","785","13411","23","1.1"
"3","hbase","org.apache.hadoop.hbase.io.hfile.HFileBlock","1286","26","41","15","954","12309","80","1.8"
"4","hbase","org.apache.hadoop.hbase.ipc.HBaseServer","1334","46","25","18","753","12787","81","2.1"
"5","hbase","org.apache.hadoop.hbase.KeyValue","1584","28","112","12","1813","17203","155","3.13"
"6","hbase","org.apache.hadoop.hbase.master.AssignmentManager","2266","20","103","19","1550","23491","134","3.33"
"7","hbase","org.apache.hadoop.hbase.master.HMaster","1129","36","87","16","910","12209","132","2.43"
"8","hbase","org.apache.hadoop.hbase.regionserver.HRegion","3374","48","159","20","2156","34891","214","5.03"
"9","hbase","org.apache.hadoop.hbase.regionserver.HRegionServer","2547","61","158","21","1834","27893","230","5.03"
"10","hbase","org.apache.hadoop.hbase.regionserver.RegionCoprocessorHost","1097","3","45","18","761","9669","53","1.2"
"11","hbase","org.apache.hadoop.hbase.regionserver.Store","1441","38","78","23","923","15305","123","2.73"
"12","hbase","org.apache.hadoop.hbase.regionserver.StoreFile","1185","30","33","17","916","10943","72","1.8"
"13","hbase","org.apache.hadoop.hbase.regionserver.wal.HLog","1253","54","73","16","1000","12671","137","2.83"
"14","hbase","org.apache.hadoop.hbase.rest.protobuf.generated.CellSetMessage","1024","5","3","24","877","15305","14","1.1"
"15","hbase","org.apache.hadoop.hbase.rest.protobuf.generated.ColumnSchemaMessage","1182","5","3","24","1016","15643","14","1.3"
"16","hbase","org.apache.hadoop.hbase.rest.protobuf.generated.ColumnSchemaMessage.ColumnSchema","1138","15","41","21","972","14571","66","1.7"
"17","hbase","org.apache.hadoop.hbase.rest.protobuf.generated.StorageClusterStatusMessage","2415","7","3","24","1772","29065","16","2.6"
"18","hbase","org.apache.hadoop.hbase.rest.protobuf.generated.StorageClusterStatusMessage.StorageClusterStatus","2366","15","40","22","1710","27689","67","2.8"
"19","hbase","org.apache.hadoop.hbase.rest.protobuf.generated.TableInfoMessage","1150","5","3","24","986","15483","14","1.2"
"20","hbase","org.apache.hadoop.hbase.rest.protobuf.generated.TableInfoMessage.TableInfo","1112","9","34","21","943","14451","53","1.6"
"21","hbase","org.apache.hadoop.hbase.rest.protobuf.generated.TableSchemaMessage","1360","5","3","24","1167","18407","14","1.5"
"22","hbase","org.apache.hadoop.hbase.rest.protobuf.generated.TableSchemaMessage.TableSchema","1313","15","43","21","1108","17103","68","1.9"
"23","hbase","org.apache.hadoop.hbase.thrift.generated.Hbase","3830","1","26","15","5823","66913","40","3.2"
"24","hbase","org.apache.hadoop.hbase.thrift.generated.Hbase.AsyncClient","1425","0","42","12","2998","32743","89","2.9"
"25","hbase","org.apache.hadoop.hbase.thrift.ThriftServerRunner","1016","19","17","17","791","13217","43","1.4"
"26","hbase","org.apache.hadoop.hbase.thrift2.generated.THBaseService","1504","1","31","15","1887","23655","45","2"
"27","hbase","org.apache.hadoop.hbase.util.Base64","1010","20","24","18","1263","11231","49","1.63"
"28","hbase","org.apache.hadoop.hbase.util.Bytes","1296","16","84","18","1261","13115","109","2.33"
"29","hbase","org.apache.hadoop.hbase.util.HBaseFsck","2290","38","78","29","1488","23335","130","3.53"
"30","hbase","org.apache.hadoop.hbase.client.TestAdmin","1145","4","48","18","1703","15195","57","1.83"
"31","hbase","org.apache.hadoop.hbase.client.TestFromClientSide","2998","8","105","19","8521","54871","117","4.13"
"32","hbase","org.apache.hadoop.hbase.HBaseTestingUtility","1354","21","99","16","1254","14147","123","2.63"
"33","hbase","org.apache.hadoop.hbase.regionserver.TestHRegion","2741","16","81","21","3975","37455","105","4.23"
