"id","projectName","className","methodName","mloc","nop","nos","treeDepth","treeWidth","nodeSum","maxChildren","possibility"
"1","jfreechart","org.jfree.chart.axis.DateAxis","previousStandardDate","168","2","13","9","228","1871","7","1.2"
"2","jfreechart","org.jfree.chart.axis.DateAxis","createStandardDateTickUnits","71","2","58","7","265","1625","8","1.3"
"3","jfreechart","org.jfree.chart.axis.NumberAxis","createStandardTickUnits","86","0","78","6","280","1563","6","1.6"
"4","jfreechart","org.jfree.chart.axis.NumberAxis","createStandardTickUnits","65","1","57","6","221","1183","7","1.1"
"5","jfreechart","org.jfree.chart.axis.PeriodAxis","drawTickLabels","112","5","31","17","121","1659","10","1.1"
"6","jfreechart","org.jfree.chart.editor.DefaultChartEditor","DefaultChartEditor","68","1","62","7","179","1069","5","1.1"
"7","jfreechart","org.jfree.chart.editor.DefaultPlotEditor","DefaultPlotEditor","133","1","60","11","199","1973","5","1.4"
"8","jfreechart","org.jfree.chart.plot.CategoryPlot","draw","158","5","62","12","210","1911","10","1.7"
"9","jfreechart","org.jfree.chart.plot.CategoryPlot","equals","159","1","52","7","241","1327","6","1.4"
"10","jfreechart","org.jfree.chart.plot.CompassPlot","draw","106","5","58","12","205","1741","10","1.5"
"11","jfreechart","org.jfree.chart.plot.ContourPlot","contourRenderer","147","9","34","15","107","1891","14","1.3"
"12","jfreechart","org.jfree.chart.plot.PiePlot","equals","165","1","54","7","232","1383","6","1.4"
"13","jfreechart","org.jfree.chart.plot.PiePlot3D","draw","270","5","100","14","392","4033","10","3.1"
"14","jfreechart","org.jfree.chart.plot.PiePlot3D","drawSide","246","10","6","20","196","2889","15","1.9"
"15","jfreechart","org.jfree.chart.plot.ThermometerPlot","draw","139","5","38","13","145","2231","10","1.4"
"16","jfreechart","org.jfree.chart.plot.XYPlot","draw","223","5","65","12","227","2653","10","2.1"
"17","jfreechart","org.jfree.chart.plot.XYPlot","equals","176","1","57","9","265","1517","6","1.6"
"18","jfreechart","org.jfree.chart.renderer.AbstractRenderer","equals","171","1","56","7","263","1499","6","1.6"
"19","jfreechart","org.jfree.chart.renderer.category.AreaRenderer","drawItem","99","10","38","12","112","1177","15","1.2"
"20","jfreechart","org.jfree.chart.renderer.category.BarRenderer3D","drawItem","98","10","41","12","132","1323","15","1.3"
"21","jfreechart","org.jfree.chart.renderer.category.BoxAndWhiskerRenderer","drawVerticalItem","145","9","34","17","136","2163","14","1.4"
"22","jfreechart","org.jfree.chart.renderer.category.GanttRenderer","drawTask","95","9","35","14","117","1305","14","1.1"
"23","jfreechart","org.jfree.chart.renderer.category.StackedAreaRenderer","drawItem","151","10","31","12","215","2069","15","1.7"
"24","jfreechart","org.jfree.chart.renderer.category.StackedBarRenderer3D","createHorizontalBlock","69","5","51","7","166","1319","10","1.2"
"25","jfreechart","org.jfree.chart.renderer.category.StackedBarRenderer3D","createVerticalBlock","67","5","53","7","168","1317","10","1.2"
"26","jfreechart","org.jfree.chart.renderer.category.StatisticalBarRenderer","drawHorizontalItem","108","10","27","11","107","1193","15","1.1"
"27","jfreechart","org.jfree.chart.renderer.category.StatisticalBarRenderer","drawVerticalItem","108","10","27","11","107","1209","15","1.1"
"28","jfreechart","org.jfree.chart.renderer.category.StatisticalLineAndShapeRenderer","drawItem","158","10","18","16","138","1735","15","1.3"
"29","jfreechart","org.jfree.chart.renderer.xy.CandlestickRenderer","drawItem","186","12","43","14","164","2019","17","1.8"
"30","jfreechart","org.jfree.chart.renderer.xy.ClusteredXYBarRenderer","drawItem","107","12","29","11","103","1279","17","1.3"
"31","jfreechart","org.jfree.chart.renderer.xy.CyclicXYItemRenderer","drawItem","158","12","30","15","143","2263","17","1.6"
"32","jfreechart","org.jfree.chart.renderer.xy.HighLowRenderer","drawItem","112","12","14","16","91","1373","17","1.1"
"33","jfreechart","org.jfree.chart.renderer.xy.StackedXYAreaRenderer","drawItem","150","12","14","15","113","1813","17","1.4"
"34","jfreechart","org.jfree.chart.renderer.xy.StackedXYAreaRenderer2","drawItem","206","12","37","12","264","2399","17","2.1"
"35","jfreechart","org.jfree.chart.renderer.xy.StackedXYBarRenderer","drawItem","137","12","32","12","106","1441","17","1.4"
"36","jfreechart","org.jfree.chart.renderer.xy.StandardXYItemRenderer","drawItem","150","12","28","21","89","1709","17","1.5"
"37","jfreechart","org.jfree.chart.renderer.xy.WindItemRenderer","drawItem","62","12","45","10","121","1073","17","1.2"
"38","jfreechart","org.jfree.chart.renderer.xy.XYAreaRenderer","drawItem","145","12","38","16","146","1943","17","1.6"
"39","jfreechart","org.jfree.chart.renderer.xy.XYAreaRenderer2","drawItem","89","12","32","12","106","1275","17","1.3"
"40","jfreechart","org.jfree.chart.renderer.xy.XYBarRenderer","drawItem","132","12","42","10","140","1485","17","1.5"
"41","jfreechart","org.jfree.chart.renderer.xy.XYBoxAndWhiskerRenderer","drawHorizontalItem","91","11","42","11","127","1309","16","1.4"
"42","jfreechart","org.jfree.chart.renderer.xy.XYBoxAndWhiskerRenderer","drawVerticalItem","141","11","56","13","169","1951","16","1.8"
"43","jfreechart","org.jfree.chart.renderer.xy.XYDifferenceRenderer","drawItemPass0","291","10","62","17","249","3427","15","2.6"
"44","jfreechart","org.jfree.chart.renderer.xy.XYStepAreaRenderer","drawItem","124","12","25","14","101","1537","17","1.2"
"45","jfreechart","org.jfree.experimental.chart.swt.editor.SWTAxisEditor","SWTAxisEditor","109","3","57","17","224","1913","7","1.4"
"46","jfreechart","org.jfree.chart.axis.junit.AxisTests","testEquals","97","0","92","6","237","1447","5","1.6"
"47","jfreechart","org.jfree.chart.axis.junit.PeriodAxisLabelInfoTests","testEquals","58","0","53","7","249","1091","5","1.1"
"48","jfreechart","org.jfree.chart.axis.junit.ValueAxisTests","testEquals","73","0","68","6","171","899","5","1.1"
"49","jfreechart","org.jfree.chart.block.junit.BorderArrangementTests","testSizing","230","0","225","7","746","3875","5","3.4"
"50","jfreechart","org.jfree.chart.block.junit.BorderArrangementTests","testSizingWithWidthConstraint","221","0","216","7","714","3817","5","3.4"
"51","jfreechart","org.jfree.chart.junit.LegendItemTests","testEquals","85","0","80","8","630","3647","5","2.6"
"52","jfreechart","org.jfree.chart.junit.StandardChartThemeTests","testEquals","124","0","119","10","488","2659","5","2.6"
"53","jfreechart","org.jfree.chart.plot.dial.junit.StandardDialScaleTests","testEquals","72","0","67","6","197","1077","5","1.1"
"54","jfreechart","org.jfree.chart.plot.junit.CategoryPlotTests","testEquals","234","0","229","8","603","3569","5","3.3"
"55","jfreechart","org.jfree.chart.plot.junit.CrosshairTests","testEquals","69","0","64","7","160","943","5","1.1"
"56","jfreechart","org.jfree.chart.plot.junit.DefaultDrawingSupplierTests","testEquals","72","0","67","9","203","1557","5","1.2"
"57","jfreechart","org.jfree.chart.plot.junit.MeterPlotTests","testEquals","80","0","75","7","230","1317","5","1.4"
"58","jfreechart","org.jfree.chart.plot.junit.PiePlotTests","testEquals","209","0","204","8","573","3397","5","3.2"
"59","jfreechart","org.jfree.chart.plot.junit.PlotTests","testEquals","66","0","61","9","174","1199","5","1.1"
"60","jfreechart","org.jfree.chart.plot.junit.PolarPlotTests","testEquals","70","0","65","6","165","1037","5","1.1"
"61","jfreechart","org.jfree.chart.plot.junit.SpiderWebPlotTests","testEquals","110","0","105","7","304","1785","5","1.9"
"62","jfreechart","org.jfree.chart.plot.junit.ThermometerPlotTests","testEquals","74","0","69","6","196","1153","5","1.1"
"63","jfreechart","org.jfree.chart.plot.junit.XYPlotTests","testEquals","218","0","213","9","570","3423","5","3.3"
"64","jfreechart","org.jfree.chart.renderer.junit.AbstractRendererTests","testEquals","206","0","201","7","646","3685","5","3.3"
"65","jfreechart","org.jfree.chart.renderer.junit.AbstractRendererTests","testCloning","107","0","97","8","284","1645","5","1.9"
"66","jfreechart","org.jfree.chart.renderer.junit.AbstractRendererTests","testEventNotification","98","0","93","7","259","1283","5","1.7"
