"id","projectName","className","wmc","possibility"
"1","hsqldb","org.hsqldb.cmdline.SqlFile","664","1.32"
"2","hsqldb","org.hsqldb.dbinfo.DatabaseInformationFull","601","1"
"3","hsqldb","org.hsqldb.ExpressionLogical","542","1.22"
"4","hsqldb","org.hsqldb.FunctionCustom","758","1"
"5","hsqldb","org.hsqldb.ParserDDL","712","1"
"6","hsqldb","org.hsqldb.ParserDQL","1079","1"
"7","hsqldb","org.hsqldb.QuerySpecification","453","1.02"
"8","hsqldb","org.hsqldb.SchemaManager","411","1.02"
"9","hsqldb","org.hsqldb.Table","542","1.22"
"10","hsqldb","org.hsqldb.types.IntervalType","448","1.02"
"11","hsqldb","org.hsqldb.types.NumberType","566","1.32"
