id,projectName,packageName,className,type,isJavadoc,author,since,version,isLC,loc,NMNOPARAM,isSC
1,hadoop,org.apache.hadoop.benchmarks.mapred,org.apache.hadoop.benchmarks.mapred.BenchmarkMapper,1,TRUE,sanjaydahiya,null,null,0,13,0,0
2,hadoop,org.apache.hadoop.benchmarks.mapred,org.apache.hadoop.benchmarks.mapred.BenchmarkReducer,1,TRUE,sanjaydahiya,null,null,0,13,0,0
3,hadoop,org.apache.hadoop.benchmarks.mapred,org.apache.hadoop.benchmarks.mapred.BenchmarkRunner,1,TRUE,sanjaydahiya,null,null,0,16,0,0
4,hadoop,org.apache.hadoop.benchmarks.mapred,org.apache.hadoop.benchmarks.mapred.GenData,1,FALSE,anonymous,null,null,0,44,0,0
5,hadoop,org.apache.hadoop.benchmarks.mapred,org.apache.hadoop.benchmarks.mapred.MultiJobRunner,1,TRUE,sanjaydahiya,null,null,0,295,13,0
6,hadoop,org.apache.hadoop.streaming,org.apache.hadoop.streaming.CompoundDirSpec,1,TRUE,Michel Tourn,null,null,0,182,7,0
7,hadoop,org.apache.hadoop.streaming,org.apache.hadoop.streaming.Environment,1,TRUE,michel,null,null,0,68,3,0
8,hadoop,org.apache.hadoop.streaming,org.apache.hadoop.streaming.HadoopStreaming,1,TRUE,anonymous,null,null,0,10,0,0
9,hadoop,org.apache.hadoop.streaming,org.apache.hadoop.streaming.JarBuilder,1,TRUE,michel,null,null,0,179,1,0
10,hadoop,org.apache.hadoop.streaming,org.apache.hadoop.streaming.MergerInputFormat,1,TRUE,anonymous,null,null,0,178,1,0
11,hadoop,org.apache.hadoop.streaming,org.apache.hadoop.streaming.MergeQueue,1,FALSE,anonymous,null,null,0,43,1,0
12,hadoop,org.apache.hadoop.streaming,org.apache.hadoop.streaming.MergeRecordStream,1,FALSE,anonymous,null,null,0,16,1,0
13,hadoop,org.apache.hadoop.streaming,org.apache.hadoop.streaming.MergerInputFormat.MergedRecordReader,1,FALSE,anonymous,null,null,0,104,4,0
14,hadoop,org.apache.hadoop.streaming,org.apache.hadoop.streaming.MustangFile,1,TRUE,anonymous,null,null,0,49,0,0
15,hadoop,org.apache.hadoop.streaming,org.apache.hadoop.streaming.MuxOutputFormat,1,TRUE,anonymous,null,null,0,118,0,0
16,hadoop,org.apache.hadoop.streaming,org.apache.hadoop.streaming.MuxOutputFormat.MuxRecordWriter,1,FALSE,anonymous,null,null,0,88,0,0
17,hadoop,org.apache.hadoop.streaming,org.apache.hadoop.streaming.PathFinder,1,TRUE,Dhruba Borthakur,null,null,0,95,3,0
18,hadoop,org.apache.hadoop.streaming,org.apache.hadoop.streaming.PipeCombiner,1,TRUE,Michel Tourn,null,null,0,20,0,0
19,hadoop,org.apache.hadoop.streaming,org.apache.hadoop.streaming.PipeMapper,1,TRUE,Michel Tourn,null,null,0,67,4,0
20,hadoop,org.apache.hadoop.streaming,org.apache.hadoop.streaming.PipeMapRed,1,TRUE,anonymous,null,null,1,588,11,0
21,hadoop,org.apache.hadoop.streaming,org.apache.hadoop.streaming.PipeMapRed.MROutputThread,1,FALSE,anonymous,null,null,0,41,1,0
22,hadoop,org.apache.hadoop.streaming,org.apache.hadoop.streaming.PipeMapRed.MRErrorThread,1,FALSE,anonymous,null,null,0,29,1,0
23,hadoop,org.apache.hadoop.streaming,org.apache.hadoop.streaming.PipeReducer,1,TRUE,Michel Tourn,null,null,0,57,3,0
24,hadoop,org.apache.hadoop.streaming,org.apache.hadoop.streaming.StreamBaseRecordReader,1,TRUE,Michel Tourn,null,null,0,108,6,0
25,hadoop,org.apache.hadoop.streaming,org.apache.hadoop.streaming.StreamInputFormat,1,TRUE,anonymous,null,null,0,125,0,0
26,hadoop,org.apache.hadoop.streaming,org.apache.hadoop.streaming.StreamInputFormat.GlobFilter,1,FALSE,anonymous,null,null,0,25,0,0
27,hadoop,org.apache.hadoop.streaming,org.apache.hadoop.streaming.StreamJob,1,TRUE,Michel Tourn,null,null,1,696,16,1
28,hadoop,org.apache.hadoop.streaming,org.apache.hadoop.streaming.StreamLineRecordReader,1,TRUE,Michel Tourn,null,null,0,81,1,0
29,hadoop,org.apache.hadoop.streaming,org.apache.hadoop.streaming.StreamOutputFormat,1,TRUE,Michel Tourn,null,null,0,29,0,0
30,hadoop,org.apache.hadoop.streaming,org.apache.hadoop.streaming.StreamSequenceRecordReader,1,FALSE,anonymous,null,null,0,52,3,0
31,hadoop,org.apache.hadoop.streaming,org.apache.hadoop.streaming.StreamUtil,1,TRUE,anonymous,null,null,1,431,2,0
32,hadoop,org.apache.hadoop.streaming,org.apache.hadoop.streaming.StreamUtil.StreamConsumer,1,FALSE,anonymous,null,null,0,24,1,0
33,hadoop,org.apache.hadoop.streaming,org.apache.hadoop.streaming.StreamUtil.TaskId,1,FALSE,anonymous,null,null,0,6,0,0
34,hadoop,org.apache.hadoop.streaming,org.apache.hadoop.streaming.StreamXmlRecordReader,1,TRUE,Michel Tourn,null,null,0,226,2,0
35,hadoop,org.apache.hadoop.streaming,org.apache.hadoop.streaming.TupleInputFormat,1,TRUE,anonymous,null,null,0,47,1,0
36,hadoop,org.apache.hadoop.streaming,org.apache.hadoop.streaming.TupleInputFormat.MultiRecordReader,1,FALSE,anonymous,null,null,0,18,5,0
37,hadoop,org.apache.hadoop.streaming,org.apache.hadoop.streaming.UTF8ByteArrayUtils,1,TRUE,hairong,null,null,0,86,0,0
38,hadoop,org.apache.hadoop.streaming,org.apache.hadoop.streaming.TestStreamedMerge,1,TRUE,anonymous,null,null,0,224,5,0
39,hadoop,org.apache.hadoop.streaming,org.apache.hadoop.streaming.TestStreamedMerge.SideEffectConsumer,1,FALSE,anonymous,null,null,0,27,3,0
40,hadoop,org.apache.hadoop.streaming,org.apache.hadoop.streaming.TestStreaming,1,TRUE,anonymous,null,null,0,49,3,0
41,hadoop,org.apache.hadoop.streaming,org.apache.hadoop.streaming.TestSymLink,1,TRUE,mahadev,null,null,0,77,2,0
42,hadoop,org.apache.hadoop.streaming,org.apache.hadoop.streaming.TrApp,1,TRUE,anonymous,null,null,0,67,2,0
43,hadoop,org.apache.hadoop.streaming,org.apache.hadoop.streaming.UniqApp,1,TRUE,anonymous,null,null,0,25,1,0
44,hadoop,org.apache.hadoop.streaming,org.apache.hadoop.streaming.UtilTest,1,FALSE,anonymous,null,null,0,26,2,0
45,hadoop,org.apache.hadoop.examples,org.apache.hadoop.examples.ExampleDriver,1,TRUE,Owen O'Malley,null,null,0,21,0,0
46,hadoop,org.apache.hadoop.examples,org.apache.hadoop.examples.Grep,1,FALSE,anonymous,null,null,0,34,1,0
47,hadoop,org.apache.hadoop.examples,org.apache.hadoop.examples.NNBench,1,TRUE,anonymous,null,null,0,131,0,0
48,hadoop,org.apache.hadoop.examples,org.apache.hadoop.examples.NNBench.Map,1,FALSE,anonymous,null,null,0,61,0,0
49,hadoop,org.apache.hadoop.examples,org.apache.hadoop.examples.PiBenchmark,1,TRUE,anonymous,null,null,0,159,0,0
50,hadoop,org.apache.hadoop.examples,org.apache.hadoop.examples.PiBenchmark.PiMapper,1,TRUE,anonymous,null,null,0,41,1,0
51,hadoop,org.apache.hadoop.examples,org.apache.hadoop.examples.PiBenchmark.PiReducer,1,FALSE,anonymous,null,null,0,41,1,0
52,hadoop,org.apache.hadoop.examples,org.apache.hadoop.examples.RandomWriter,1,TRUE,anonymous,null,null,0,128,0,0
53,hadoop,org.apache.hadoop.examples,org.apache.hadoop.examples.RandomWriter.Map,1,FALSE,anonymous,null,null,0,57,0,0
54,hadoop,org.apache.hadoop.examples,org.apache.hadoop.examples.Sort,1,TRUE,Owen O'Malley,null,null,0,66,1,0
55,hadoop,org.apache.hadoop.examples,org.apache.hadoop.examples.WordCount,1,TRUE,anonymous,null,null,0,79,1,0
56,hadoop,org.apache.hadoop.examples,org.apache.hadoop.examples.WordCount.MapClass,1,TRUE,anonymous,null,null,0,15,0,0
57,hadoop,org.apache.hadoop.examples,org.apache.hadoop.examples.WordCount.Reduce,1,TRUE,anonymous,null,null,0,12,0,0
58,hadoop,org.apache.hadoop.conf,org.apache.hadoop.conf.Configurable,1,TRUE,anonymous,null,null,0,13,1,0
59,hadoop,org.apache.hadoop.conf,org.apache.hadoop.conf.Configuration,1,TRUE,anonymous,null,null,1,522,6,0
60,hadoop,org.apache.hadoop.conf,org.apache.hadoop.conf.Configured,1,TRUE,anonymous,null,null,0,18,1,0
61,hadoop,org.apache.hadoop.dfs,org.apache.hadoop.dfs.AlreadyBeingCreatedException,1,TRUE,Owen O'Malley,null,null,0,9,0,0
62,hadoop,org.apache.hadoop.dfs,org.apache.hadoop.dfs.Block,1,TRUE,Mike Cafarella,null,null,0,100,6,0
63,hadoop,org.apache.hadoop.dfs,org.apache.hadoop.dfs.BlockCommand,1,TRUE,Mike Cafarella,null,null,0,81,3,0
64,hadoop,org.apache.hadoop.dfs,org.apache.hadoop.dfs.ClientProtocol,1,TRUE,Mike Cafarella,null,null,0,109,2,0
65,hadoop,org.apache.hadoop.dfs,org.apache.hadoop.dfs.DataNode,1,TRUE,anonymous,null,null,1,871,9,1
66,hadoop,org.apache.hadoop.dfs,org.apache.hadoop.dfs.DataNode.DataNodeMetrics,1,FALSE,anonymous,null,null,0,36,1,0
67,hadoop,org.apache.hadoop.dfs,org.apache.hadoop.dfs.DataNode.Count,1,FALSE,anonymous,null,null,0,18,4,0
68,hadoop,org.apache.hadoop.dfs,org.apache.hadoop.dfs.DataNode.DataXceiveServer,1,TRUE,anonymous,null,null,0,39,2,0
69,hadoop,org.apache.hadoop.dfs,org.apache.hadoop.dfs.DataNode.DataXceiver,1,TRUE,anonymous,null,null,0,346,1,0
70,hadoop,org.apache.hadoop.dfs,org.apache.hadoop.dfs.DataNode.DataTransfer,1,TRUE,anonymous,null,null,0,63,1,0
71,hadoop,org.apache.hadoop.dfs,org.apache.hadoop.dfs.DatanodeDescriptor,1,TRUE,Konstantin Shvachko,null,null,0,58,5,0
72,hadoop,org.apache.hadoop.dfs,org.apache.hadoop.dfs.DatanodeID,1,TRUE,Konstantin Shvachko,null,null,0,100,7,0
73,hadoop,org.apache.hadoop.dfs,org.apache.hadoop.dfs.DatanodeInfo,1,TRUE,Konstantin Shvachko,null,null,0,93,6,0
74,hadoop,org.apache.hadoop.dfs,org.apache.hadoop.dfs.DatanodeProtocol,1,TRUE,Michael Cafarella,null,null,0,38,0,0
75,hadoop,org.apache.hadoop.dfs,org.apache.hadoop.dfs.DatanodeRegistration,1,TRUE,Konstantin Shvachko,null,null,0,54,3,0
76,hadoop,org.apache.hadoop.dfs,org.apache.hadoop.dfs.DataStorage,1,TRUE,Konstantin Shvachko,null,null,0,168,6,0
77,hadoop,org.apache.hadoop.dfs,org.apache.hadoop.dfs.DFSAdmin,1,TRUE,Dhruba Borthakur,null,null,0,172,2,0
78,hadoop,org.apache.hadoop.dfs,org.apache.hadoop.dfs.DFSck,1,TRUE,Andrzej Bialecki,null,null,0,87,2,0
79,hadoop,org.apache.hadoop.dfs,org.apache.hadoop.dfs.DFSClient,1,TRUE,anonymous,null,null,1,1053,7,0
80,hadoop,org.apache.hadoop.dfs,org.apache.hadoop.dfs.DFSClient.ClientFinalizer,1,TRUE,anonymous,null,null,0,25,1,0
81,hadoop,org.apache.hadoop.dfs,org.apache.hadoop.dfs.DFSClient.LeaseChecker,1,TRUE,anonymous,null,null,0,27,1,0
82,hadoop,org.apache.hadoop.dfs,org.apache.hadoop.dfs.DFSClient.DNAddrPair,1,TRUE,anonymous,null,null,0,11,0,0
83,hadoop,org.apache.hadoop.dfs,org.apache.hadoop.dfs.DFSClient.DFSInputStream,1,TRUE,anonymous,null,null,0,342,7,0
84,hadoop,org.apache.hadoop.dfs,org.apache.hadoop.dfs.DFSClient.DFSOutputStream,1,TRUE,anonymous,null,null,0,344,8,0
85,hadoop,org.apache.hadoop.dfs,org.apache.hadoop.dfs.DFSFileInfo,1,TRUE,Mike Cafarella,null,null,0,97,9,0
86,hadoop,org.apache.hadoop.dfs,org.apache.hadoop.dfs.DfsPath,1,TRUE,anonymous,null,null,0,28,6,0
87,hadoop,org.apache.hadoop.dfs,org.apache.hadoop.dfs.DFSShell,1,TRUE,Mike Cafarella,null,null,1,655,2,0
88,hadoop,org.apache.hadoop.dfs,org.apache.hadoop.dfs.DistributedFileSystem,1,TRUE,Mike Cafarella,null,null,0,186,11,0
89,hadoop,org.apache.hadoop.dfs,org.apache.hadoop.dfs.FSConstants,1,TRUE,Mike Cafarella,null,null,0,73,0,0
90,hadoop,org.apache.hadoop.dfs,org.apache.hadoop.dfs.FSDataset,1,TRUE,anonymous,null,null,1,426,5,0
91,hadoop,org.apache.hadoop.dfs,org.apache.hadoop.dfs.FSDataset.FSDir,1,TRUE,anonymous,null,null,0,135,2,0
92,hadoop,org.apache.hadoop.dfs,org.apache.hadoop.dfs.FSDataset.FSVolume,1,FALSE,anonymous,null,null,0,73,5,0
93,hadoop,org.apache.hadoop.dfs,org.apache.hadoop.dfs.FSDataset.FSVolumeSet,1,FALSE,anonymous,null,null,0,64,4,0
94,hadoop,org.apache.hadoop.dfs,org.apache.hadoop.dfs.FSDirectory,1,TRUE,anonymous,null,null,1,614,2,0
95,hadoop,org.apache.hadoop.dfs,org.apache.hadoop.dfs.FSDirectory.INode,1,TRUE,anonymous,null,null,0,230,12,0
96,hadoop,org.apache.hadoop.dfs,org.apache.hadoop.dfs.FSEditLog,1,TRUE,Konstantin Shvachko,null,null,1,301,5,0
97,hadoop,org.apache.hadoop.dfs,org.apache.hadoop.dfs.FSImage,1,TRUE,Konstantin Shvachko,null,null,0,227,3,0
98,hadoop,org.apache.hadoop.dfs,org.apache.hadoop.dfs.FSNamesystem,1,TRUE,Milind Bhandarkar,null,null,1,1685,20,0
99,hadoop,org.apache.hadoop.dfs,org.apache.hadoop.dfs.FSNamesystem.Lease,1,TRUE,Milind Bhandarkar,null,null,0,77,6,0
100,hadoop,org.apache.hadoop.dfs,org.apache.hadoop.dfs.FSNamesystem.LeaseMonitor,1,TRUE,Milind Bhandarkar,null,null,0,32,1,0
101,hadoop,org.apache.hadoop.dfs,org.apache.hadoop.dfs.FSNamesystem.HeartbeatMonitor,1,TRUE,Milind Bhandarkar,null,null,0,17,1,0
102,hadoop,org.apache.hadoop.dfs,org.apache.hadoop.dfs.FSNamesystem.FileUnderConstruction,1,TRUE,Milind Bhandarkar,null,null,0,33,5,0
103,hadoop,org.apache.hadoop.dfs,org.apache.hadoop.dfs.FSNamesystem.SafeModeInfo,1,TRUE,Milind Bhandarkar,null,null,0,176,12,0
104,hadoop,org.apache.hadoop.dfs,org.apache.hadoop.dfs.FSNamesystem.SafeModeMonitor,1,TRUE,Milind Bhandarkar,null,null,0,23,1,0
105,hadoop,org.apache.hadoop.dfs,org.apache.hadoop.dfs.FSNamesystem.FsckServlet,1,TRUE,Milind Bhandarkar,null,null,0,23,0,0
106,hadoop,org.apache.hadoop.dfs,org.apache.hadoop.dfs.IncorrectVersionException,1,TRUE,Konstantin Shvachko,null,null,0,9,0,0
107,hadoop,org.apache.hadoop.dfs,org.apache.hadoop.dfs.JspHelper,1,FALSE,anonymous,null,null,0,180,2,0
108,hadoop,org.apache.hadoop.dfs,"org.apache.hadoop.dfs.JspHelper.sortNodeList(ArrayList<DatanodeDescriptor>,String,String).NodeComapare",1,FALSE,anonymous,null,null,0,51,0,0
109,hadoop,org.apache.hadoop.dfs,org.apache.hadoop.dfs.LeaseExpiredException,1,TRUE,Owen O'Malley,null,null,0,9,0,0
110,hadoop,org.apache.hadoop.dfs,org.apache.hadoop.dfs.LocatedBlock,1,TRUE,Michael Cafarella,null,null,0,55,3,0
111,hadoop,org.apache.hadoop.dfs,org.apache.hadoop.dfs.NameNode,1,TRUE,anonymous,null,null,1,430,5,0
112,hadoop,org.apache.hadoop.dfs,org.apache.hadoop.dfs.NameNode.NameNodeMetrics,1,FALSE,anonymous,null,null,0,23,4,0
113,hadoop,org.apache.hadoop.dfs,org.apache.hadoop.dfs.NamenodeFsck,1,TRUE,Andrzej Bialecki,null,null,1,521,1,0
114,hadoop,org.apache.hadoop.dfs,org.apache.hadoop.dfs.NamenodeFsck.FsckResult,1,TRUE,Andrzej Bialecki,null,null,0,146,13,0
115,hadoop,org.apache.hadoop.dfs,org.apache.hadoop.dfs.NotReplicatedYetException,1,TRUE,Owen O'Malley,null,null,0,9,0,0
116,hadoop,org.apache.hadoop.dfs,org.apache.hadoop.dfs.SafeModeException,1,TRUE,Konstantin Shvachko,null,null,0,9,0,0
117,hadoop,org.apache.hadoop.dfs,org.apache.hadoop.dfs.StreamFile,1,FALSE,anonymous,null,null,0,37,0,0
118,hadoop,org.apache.hadoop.dfs,org.apache.hadoop.dfs.UnregisteredDatanodeException,1,TRUE,Konstantin Shvachko,null,null,0,12,0,0
119,hadoop,org.apache.hadoop.filecache,org.apache.hadoop.filecache.DistributedCache,1,TRUE,anonymous,null,null,1,410,0,0
120,hadoop,org.apache.hadoop.filecache,org.apache.hadoop.filecache.DistributedCache.CacheStatus,1,FALSE,anonymous,null,null,0,6,0,0
121,hadoop,org.apache.hadoop.fs,org.apache.hadoop.fs.ChecksumException,1,TRUE,anonymous,null,null,0,8,0,0
122,hadoop,org.apache.hadoop.fs,org.apache.hadoop.fs.DF,1,TRUE,anonymous,null,null,0,93,10,0
123,hadoop,org.apache.hadoop.fs,org.apache.hadoop.fs.FileSystem,1,TRUE,anonymous,null,null,1,547,5,0
124,hadoop,org.apache.hadoop.fs,org.apache.hadoop.fs.FileSystem.GlobFilter,1,FALSE,anonymous,null,null,0,91,2,0
125,hadoop,org.apache.hadoop.fs,org.apache.hadoop.fs.FileUtil,1,TRUE,anonymous,null,null,0,277,0,0
126,hadoop,org.apache.hadoop.fs,org.apache.hadoop.fs.FSDataInputStream,1,TRUE,anonymous,null,null,0,225,1,0
127,hadoop,org.apache.hadoop.fs,org.apache.hadoop.fs.FSDataInputStream.Checker,1,TRUE,anonymous,null,null,0,114,3,0
128,hadoop,org.apache.hadoop.fs,org.apache.hadoop.fs.FSDataInputStream.PositionCache,1,TRUE,anonymous,null,null,0,27,1,0
129,hadoop,org.apache.hadoop.fs,org.apache.hadoop.fs.FSDataInputStream.Buffer,1,TRUE,anonymous,null,null,0,38,2,0
130,hadoop,org.apache.hadoop.fs,org.apache.hadoop.fs.FSDataOutputStream,1,TRUE,anonymous,null,null,0,102,1,0
131,hadoop,org.apache.hadoop.fs,org.apache.hadoop.fs.FSDataOutputStream.Summer,1,TRUE,anonymous,null,null,0,46,2,0
132,hadoop,org.apache.hadoop.fs,org.apache.hadoop.fs.FSDataOutputStream.PositionCache,1,FALSE,anonymous,null,null,0,13,1,0
133,hadoop,org.apache.hadoop.fs,org.apache.hadoop.fs.FSDataOutputStream.Buffer,1,FALSE,anonymous,null,null,0,16,1,0
134,hadoop,org.apache.hadoop.fs,org.apache.hadoop.fs.FSError,1,TRUE,anonymous,null,null,0,8,0,0
135,hadoop,org.apache.hadoop.fs,org.apache.hadoop.fs.FSInputStream,1,TRUE,Mike Cafarella,null,null,0,41,1,0
136,hadoop,org.apache.hadoop.fs,org.apache.hadoop.fs.FSOutputStream,1,TRUE,Mike Cafarella,null,null,0,10,1,0
137,hadoop,org.apache.hadoop.fs,org.apache.hadoop.fs.LocalFileSystem,1,TRUE,anonymous,null,null,0,324,6,0
138,hadoop,org.apache.hadoop.fs,org.apache.hadoop.fs.LocalFileSystem.LocalFSFileInputStream,1,TRUE,anonymous,null,null,0,52,5,0
139,hadoop,org.apache.hadoop.fs,org.apache.hadoop.fs.LocalFileSystem.LocalFSFileOutputStream,1,TRUE,anonymous,null,null,0,34,3,0
140,hadoop,org.apache.hadoop.fs,org.apache.hadoop.fs.Path,1,TRUE,anonymous,null,null,0,205,6,0
141,hadoop,org.apache.hadoop.fs,org.apache.hadoop.fs.PathFilter,1,FALSE,anonymous,null,null,0,8,0,0
142,hadoop,org.apache.hadoop.fs,org.apache.hadoop.fs.PositionedReadable,1,TRUE,anonymous,null,null,0,17,0,0
143,hadoop,org.apache.hadoop.fs,org.apache.hadoop.fs.Seekable,1,TRUE,anonymous,null,null,0,9,0,0
144,hadoop,org.apache.hadoop.io,org.apache.hadoop.io.ArrayFile,1,TRUE,anonymous,null,null,0,70,1,0
145,hadoop,org.apache.hadoop.io,org.apache.hadoop.io.ArrayFile.Writer,1,TRUE,anonymous,null,null,0,25,0,0
146,hadoop,org.apache.hadoop.io,org.apache.hadoop.io.ArrayFile.Reader,1,TRUE,anonymous,null,null,0,38,1,0
147,hadoop,org.apache.hadoop.io,org.apache.hadoop.io.ArrayWritable,1,TRUE,anonymous,null,null,0,66,5,0
148,hadoop,org.apache.hadoop.io,org.apache.hadoop.io.BooleanWritable,1,TRUE,anonymous,null,null,0,72,3,0
149,hadoop,org.apache.hadoop.io,org.apache.hadoop.io.BooleanWritable.Comparator,1,TRUE,anonymous,null,null,0,13,1,0
150,hadoop,org.apache.hadoop.io,org.apache.hadoop.io.BytesWritable,1,TRUE,anonymous,null,null,0,118,5,0
151,hadoop,org.apache.hadoop.io,org.apache.hadoop.io.BytesWritable.Comparator,1,TRUE,anonymous,null,null,0,16,1,0
152,hadoop,org.apache.hadoop.io,org.apache.hadoop.io.Closeable,1,TRUE,anonymous,null,null,0,9,1,0
153,hadoop,org.apache.hadoop.io.compress,org.apache.hadoop.io.compress.CompressionCodec,1,TRUE,Owen O'Malley,null,null,0,23,1,0
154,hadoop,org.apache.hadoop.io.compress,org.apache.hadoop.io.compress.CompressionCodecFactory,1,TRUE,Owen O'Malley,null,null,0,185,1,0
155,hadoop,org.apache.hadoop.io.compress,org.apache.hadoop.io.compress.CompressionInputStream,1,TRUE,Arun C Murthy,null,null,0,28,2,0
156,hadoop,org.apache.hadoop.io.compress,org.apache.hadoop.io.compress.CompressionOutputStream,1,TRUE,Arun C Murthy,null,null,0,36,4,0
157,hadoop,org.apache.hadoop.io.compress,org.apache.hadoop.io.compress.Compressor,1,TRUE,Arun C Murthy,null,null,0,50,5,0
158,hadoop,org.apache.hadoop.io.compress,org.apache.hadoop.io.compress.CompressorStream,1,FALSE,anonymous,null,null,0,74,4,0
159,hadoop,org.apache.hadoop.io.compress,org.apache.hadoop.io.compress.Decompressor,1,TRUE,Arun C Murthy,null,null,0,52,5,0
160,hadoop,org.apache.hadoop.io.compress,org.apache.hadoop.io.compress.DecompressorStream,1,FALSE,anonymous,null,null,0,107,8,0
161,hadoop,org.apache.hadoop.io.compress,org.apache.hadoop.io.compress.DefaultCodec,1,FALSE,anonymous,null,null,0,32,2,0
162,hadoop,org.apache.hadoop.io.compress,org.apache.hadoop.io.compress.GzipCodec,1,TRUE,anonymous,null,null,0,124,1,0
163,hadoop,org.apache.hadoop.io.compress,org.apache.hadoop.io.compress.GzipCodec.GzipOutputStream,1,TRUE,anonymous,null,null,0,42,4,0
164,hadoop,org.apache.hadoop.io.compress,org.apache.hadoop.io.compress.GzipCodec.GzipOutputStream.ResetableGZIPOutputStream,1,FALSE,anonymous,null,null,0,8,1,0
165,hadoop,org.apache.hadoop.io.compress,org.apache.hadoop.io.compress.GzipCodec.GzipInputStream,1,FALSE,anonymous,null,null,0,37,4,0
166,hadoop,org.apache.hadoop.io.compress,org.apache.hadoop.io.compress.GzipCodec.GzipInputStream.ResetableGZIPInputStream,1,FALSE,anonymous,null,null,0,8,1,0
167,hadoop,org.apache.hadoop.io.compress.zlib,org.apache.hadoop.io.compress.zlib.BuiltInZlibDeflater,1,TRUE,Arun C Murthy,null,null,0,18,1,0
168,hadoop,org.apache.hadoop.io.compress.zlib,org.apache.hadoop.io.compress.zlib.BuiltInZlibInflater,1,TRUE,Arun C Murthy,null,null,0,20,1,0
169,hadoop,org.apache.hadoop.io.compress.zlib,org.apache.hadoop.io.compress.zlib.ZlibCompressor,1,TRUE,Arun C Murthy,null,null,1,220,18,0
170,hadoop,org.apache.hadoop.io.compress.zlib,org.apache.hadoop.io.compress.zlib.ZlibDecompressor,1,TRUE,Arun C Murthy,null,null,1,181,15,0
171,hadoop,org.apache.hadoop.io.compress.zlib,org.apache.hadoop.io.compress.zlib.ZlibFactory,1,TRUE,Arun C Murthy,null,null,0,40,3,0
172,hadoop,org.apache.hadoop.io,org.apache.hadoop.io.CompressedWritable,1,TRUE,anonymous,null,null,0,48,2,0
173,hadoop,org.apache.hadoop.io,org.apache.hadoop.io.DataInputBuffer,1,TRUE,anonymous,null,null,0,58,3,0
174,hadoop,org.apache.hadoop.io,org.apache.hadoop.io.DataInputBuffer.Buffer,1,FALSE,anonymous,null,null,0,17,3,0
175,hadoop,org.apache.hadoop.io,org.apache.hadoop.io.DataOutputBuffer,1,TRUE,anonymous,null,null,0,64,4,0
176,hadoop,org.apache.hadoop.io,org.apache.hadoop.io.DataOutputBuffer.Buffer,1,FALSE,anonymous,null,null,0,21,3,0
177,hadoop,org.apache.hadoop.io,org.apache.hadoop.io.FloatWritable,1,TRUE,anonymous,null,null,0,67,4,0
178,hadoop,org.apache.hadoop.io,org.apache.hadoop.io.FloatWritable.Comparator,1,TRUE,anonymous,null,null,0,13,1,0
179,hadoop,org.apache.hadoop.io,org.apache.hadoop.io.GenericWritable,1,TRUE,Feng Jiang (Feng.a.Jiang@gmail.com)," Nov 8, 2006",null,0,53,2,0
180,hadoop,org.apache.hadoop.io,org.apache.hadoop.io.IntWritable,1,TRUE,anonymous,null,null,0,67,4,0
181,hadoop,org.apache.hadoop.io,org.apache.hadoop.io.IntWritable.Comparator,1,TRUE,anonymous,null,null,0,13,1,0
182,hadoop,org.apache.hadoop.io,org.apache.hadoop.io.LongWritable,1,TRUE,anonymous,null,null,0,78,4,0
183,hadoop,org.apache.hadoop.io,org.apache.hadoop.io.LongWritable.Comparator,1,TRUE,anonymous,null,null,0,13,1,0
184,hadoop,org.apache.hadoop.io,org.apache.hadoop.io.LongWritable.DecreasingComparator,1,TRUE,anonymous,null,null,0,11,0,0
185,hadoop,org.apache.hadoop.io,org.apache.hadoop.io.MapFile,1,TRUE,anonymous,null,null,1,396,1,0
186,hadoop,org.apache.hadoop.io,org.apache.hadoop.io.MapFile.Writer,1,TRUE,anonymous,null,null,0,106,2,0
187,hadoop,org.apache.hadoop.io,org.apache.hadoop.io.MapFile.Reader,1,TRUE,anonymous,null,null,0,185,5,0
188,hadoop,org.apache.hadoop.io,org.apache.hadoop.io.MD5Hash,1,TRUE,anonymous,null,null,0,173,5,0
189,hadoop,org.apache.hadoop.io,org.apache.hadoop.io.MD5Hash.Comparator,1,TRUE,anonymous,null,null,0,11,1,0
190,hadoop,org.apache.hadoop.io,org.apache.hadoop.io.NullWritable,1,TRUE,anonymous,null,null,0,18,2,0
191,hadoop,org.apache.hadoop.io,org.apache.hadoop.io.ObjectWritable,1,TRUE,anonymous,null,null,0,234,4,0
192,hadoop,org.apache.hadoop.io,org.apache.hadoop.io.ObjectWritable.NullInstance,1,FALSE,anonymous,null,null,0,25,1,0
193,hadoop,org.apache.hadoop.io,org.apache.hadoop.io.SequenceFile,1,TRUE,anonymous,null,null,1,1872,1,0
194,hadoop,org.apache.hadoop.io,org.apache.hadoop.io.SequenceFile.ValueBytes,1,TRUE,anonymous,null,null,0,16,0,0
195,hadoop,org.apache.hadoop.io,org.apache.hadoop.io.SequenceFile.UncompressedBytes,1,FALSE,anonymous,null,null,0,23,2,0
196,hadoop,org.apache.hadoop.io,org.apache.hadoop.io.SequenceFile.CompressedBytes,1,FALSE,anonymous,null,null,0,39,1,0
197,hadoop,org.apache.hadoop.io,org.apache.hadoop.io.SequenceFile.Writer,1,TRUE,anonymous,null,null,1,184,13,0
198,hadoop,org.apache.hadoop.io,org.apache.hadoop.io.SequenceFile.RecordCompressWriter,1,TRUE,anonymous,null,null,0,70,2,0
199,hadoop,org.apache.hadoop.io,org.apache.hadoop.io.SequenceFile.BlockCompressWriter,1,TRUE,anonymous,null,null,0,135,4,0
200,hadoop,org.apache.hadoop.io,org.apache.hadoop.io.SequenceFile.Reader,1,TRUE,anonymous,null,null,1,524,14,0
201,hadoop,org.apache.hadoop.io,org.apache.hadoop.io.SequenceFile.Sorter,1,TRUE,anonymous,null,null,1,694,3,0
202,hadoop,org.apache.hadoop.io,org.apache.hadoop.io.SequenceFile.Sorter.SortPass,1,FALSE,anonymous,null,null,0,164,2,0
203,hadoop,org.apache.hadoop.io,org.apache.hadoop.io.SequenceFile.Sorter.RawKeyValueIterator,1,TRUE,anonymous,null,null,0,32,5,0
204,hadoop,org.apache.hadoop.io,org.apache.hadoop.io.SequenceFile.Sorter.MergeQueue,1,TRUE,anonymous,null,null,0,128,6,0
205,hadoop,org.apache.hadoop.io,org.apache.hadoop.io.SequenceFile.Sorter.SegmentDescriptor,1,TRUE,anonymous,null,null,0,97,6,0
206,hadoop,org.apache.hadoop.io,org.apache.hadoop.io.SequenceFile.Sorter.LinkedSegmentsDescriptor,1,TRUE,anonymous,null,null,0,25,1,0
207,hadoop,org.apache.hadoop.io,org.apache.hadoop.io.SequenceFile.Sorter.SegmentContainer,1,TRUE,anonymous,null,null,0,35,2,0
208,hadoop,org.apache.hadoop.io,org.apache.hadoop.io.SetFile,1,TRUE,anonymous,null,null,0,79,1,0
209,hadoop,org.apache.hadoop.io,org.apache.hadoop.io.SetFile.Writer,1,TRUE,anonymous,null,null,0,36,0,0
210,hadoop,org.apache.hadoop.io,org.apache.hadoop.io.SetFile.Reader,1,TRUE,anonymous,null,null,0,36,0,0
211,hadoop,org.apache.hadoop.io,org.apache.hadoop.io.Text,1,TRUE,anonymous,null,null,1,427,5,0
212,hadoop,org.apache.hadoop.io,org.apache.hadoop.io.Text.Comparator,1,TRUE,anonymous,null,null,0,19,1,0
213,hadoop,org.apache.hadoop.io,org.apache.hadoop.io.TwoDArrayWritable,1,TRUE,anonymous,null,null,0,65,2,0
214,hadoop,org.apache.hadoop.io,org.apache.hadoop.io.UTF8,1,TRUE,anonymous,null,null,0,237,5,0
215,hadoop,org.apache.hadoop.io,org.apache.hadoop.io.UTF8.Comparator,1,TRUE,anonymous,null,null,0,13,1,0
216,hadoop,org.apache.hadoop.io,org.apache.hadoop.io.VersionedWritable,1,TRUE,Doug Cutting,null,null,0,17,1,0
217,hadoop,org.apache.hadoop.io,org.apache.hadoop.io.VersionMismatchException,1,TRUE,anonymous,null,null,0,17,1,0
218,hadoop,org.apache.hadoop.io,org.apache.hadoop.io.Writable,1,TRUE,Doug Cutting,null,null,0,14,0,0
219,hadoop,org.apache.hadoop.io,org.apache.hadoop.io.WritableComparable,1,TRUE,Doug Cutting,null,null,0,6,0,0
220,hadoop,org.apache.hadoop.io,org.apache.hadoop.io.WritableComparator,1,TRUE,anonymous,null,null,0,154,2,0
221,hadoop,org.apache.hadoop.io,org.apache.hadoop.io.WritableFactories,1,TRUE,anonymous,null,null,0,42,1,0
222,hadoop,org.apache.hadoop.io,org.apache.hadoop.io.WritableFactory,1,TRUE,anonymous,null,null,0,10,1,0
223,hadoop,org.apache.hadoop.io,org.apache.hadoop.io.WritableName,1,TRUE,Doug Cutting,null,null,0,52,1,0
224,hadoop,org.apache.hadoop.io,org.apache.hadoop.io.WritableUtils,1,FALSE,anonymous,null,null,0,264,0,0
225,hadoop,org.apache.hadoop.io,org.apache.hadoop.io.WritableUtils.CopyInCopyOutBuffer,1,TRUE,anonymous,null,null,0,13,1,0
226,hadoop,org.apache.hadoop.ipc,org.apache.hadoop.ipc.Client,1,TRUE,anonymous,null,null,0,443,2,0
227,hadoop,org.apache.hadoop.ipc,org.apache.hadoop.ipc.Client.Call,1,TRUE,anonymous,null,null,0,38,2,0
228,hadoop,org.apache.hadoop.ipc,org.apache.hadoop.ipc.Client.Connection,1,TRUE,anonymous,null,null,0,202,9,0
229,hadoop,org.apache.hadoop.ipc,org.apache.hadoop.ipc.Client.ParallelCall,1,TRUE,anonymous,null,null,0,18,1,0
230,hadoop,org.apache.hadoop.ipc,org.apache.hadoop.ipc.Client.ParallelResults,1,TRUE,anonymous,null,null,0,20,0,0
231,hadoop,org.apache.hadoop.ipc,org.apache.hadoop.ipc.Client.ConnectionCuller,1,FALSE,anonymous,null,null,0,26,1,0
232,hadoop,org.apache.hadoop.ipc,org.apache.hadoop.ipc.RemoteException,1,FALSE,anonymous,null,null,0,10,1,0
233,hadoop,org.apache.hadoop.ipc,org.apache.hadoop.ipc.RPC,1,TRUE,anonymous,null,null,0,267,2,0
234,hadoop,org.apache.hadoop.ipc,org.apache.hadoop.ipc.RPC.Invocation,1,TRUE,anonymous,null,null,0,68,6,0
235,hadoop,org.apache.hadoop.ipc,org.apache.hadoop.ipc.RPC.Invoker,1,FALSE,anonymous,null,null,0,15,0,0
236,hadoop,org.apache.hadoop.ipc,org.apache.hadoop.ipc.RPC.VersionMismatch,1,TRUE,anonymous,null,null,0,40,3,0
237,hadoop,org.apache.hadoop.ipc,org.apache.hadoop.ipc.RPC.Server,1,TRUE,anonymous,null,null,0,62,0,0
238,hadoop,org.apache.hadoop.ipc,org.apache.hadoop.ipc.Server,1,TRUE,anonymous,null,null,1,544,5,0
239,hadoop,org.apache.hadoop.ipc,org.apache.hadoop.ipc.Server.Call,1,TRUE,anonymous,null,null,0,18,1,0
240,hadoop,org.apache.hadoop.ipc,org.apache.hadoop.ipc.Server.Listener,1,TRUE,anonymous,null,null,0,194,3,0
241,hadoop,org.apache.hadoop.ipc,org.apache.hadoop.ipc.Server.Connection,1,TRUE,anonymous,null,null,0,140,7,0
242,hadoop,org.apache.hadoop.ipc,org.apache.hadoop.ipc.Server.Handler,1,TRUE,anonymous,null,null,0,78,1,0
243,hadoop,org.apache.hadoop.ipc,org.apache.hadoop.ipc.SocketChannelOutputStream,1,TRUE,anonymous,null,null,0,68,4,0
244,hadoop,org.apache.hadoop.ipc,org.apache.hadoop.ipc.VersionedProtocol,1,TRUE,milindb,null,null,0,13,0,0
245,hadoop,org.apache.hadoop.mapred,org.apache.hadoop.mapred.ClusterStatus,1,TRUE,Owen O'Malley,null,null,0,62,5,0
246,hadoop,org.apache.hadoop.mapred,org.apache.hadoop.mapred.CombiningCollector,1,TRUE,anonymous,null,null,0,49,2,0
247,hadoop,org.apache.hadoop.mapred,org.apache.hadoop.mapred.DefaultJobHistoryParser,1,TRUE,sanjaydahiya,null,null,0,117,0,0
248,hadoop,org.apache.hadoop.mapred,org.apache.hadoop.mapred.DefaultJobHistoryParser.JobTasksParseListener,1,TRUE,sanjaydahiya,null,null,0,59,0,0
249,hadoop,org.apache.hadoop.mapred,org.apache.hadoop.mapred.DefaultJobHistoryParser.MasterIndexParseListener,1,TRUE,sanjaydahiya,null,null,0,33,1,0
250,hadoop,org.apache.hadoop.mapred,org.apache.hadoop.mapred.FileSplit,1,TRUE,anonymous,null,null,0,58,6,0
251,hadoop,org.apache.hadoop.mapred,org.apache.hadoop.mapred.InputFormat,1,TRUE,anonymous,null,null,0,29,0,0
252,hadoop,org.apache.hadoop.mapred,org.apache.hadoop.mapred.InputFormatBase,1,TRUE,anonymous,null,null,0,105,0,0
253,hadoop,org.apache.hadoop.mapred,org.apache.hadoop.mapred.InterTrackerProtocol,1,TRUE,anonymous,null,null,0,40,1,0
254,hadoop,org.apache.hadoop.mapred,org.apache.hadoop.mapred.IsolationRunner,1,FALSE,anonymous,null,null,0,109,0,0
255,hadoop,org.apache.hadoop.mapred,org.apache.hadoop.mapred.IsolationRunner.FakeUmbilical,1,FALSE,anonymous,null,null,0,31,0,0
256,hadoop,org.apache.hadoop.mapred,org.apache.hadoop.mapred.JobClient,1,TRUE,anonymous,null,null,0,377,6,0
257,hadoop,org.apache.hadoop.mapred,org.apache.hadoop.mapred.JobClient.NetworkedJob,1,TRUE,anonymous,null,null,0,100,11,0
258,hadoop,org.apache.hadoop.mapred,org.apache.hadoop.mapred.JobConf,1,TRUE,anonymous,null,null,0,434,32,0
259,hadoop,org.apache.hadoop.mapred,org.apache.hadoop.mapred.JobConfigurable,1,TRUE,anonymous,null,null,0,10,0,0
260,hadoop,org.apache.hadoop.mapred.jobcontrol,org.apache.hadoop.mapred.jobcontrol.Job,1,TRUE,anonymous,null,null,0,256,13,0
261,hadoop,org.apache.hadoop.mapred.jobcontrol,org.apache.hadoop.mapred.jobcontrol.JobControl,1,TRUE,anonymous,null,null,1,209,15,0
262,hadoop,org.apache.hadoop.mapred,org.apache.hadoop.mapred.JobHistory,1,TRUE,sanjaydahiya,null,null,1,571,2,0
263,hadoop,org.apache.hadoop.mapred,org.apache.hadoop.mapred.JobHistory.KeyValuePair,1,TRUE,sanjaydahiya,null,null,0,65,1,0
264,hadoop,org.apache.hadoop.mapred,org.apache.hadoop.mapred.JobHistory.JobInfo,1,TRUE,sanjaydahiya,null,null,0,109,1,0
265,hadoop,org.apache.hadoop.mapred,org.apache.hadoop.mapred.JobHistory.Task,1,TRUE,sanjaydahiya,null,null,0,58,1,0
266,hadoop,org.apache.hadoop.mapred,org.apache.hadoop.mapred.JobHistory.TaskAttempt,1,TRUE,sanjaydahiya,null,null,0,5,0,0
267,hadoop,org.apache.hadoop.mapred,org.apache.hadoop.mapred.JobHistory.MapAttempt,1,TRUE,sanjaydahiya,null,null,0,54,0,0
268,hadoop,org.apache.hadoop.mapred,org.apache.hadoop.mapred.JobHistory.ReduceAttempt,1,TRUE,sanjaydahiya,null,null,0,56,0,0
269,hadoop,org.apache.hadoop.mapred,org.apache.hadoop.mapred.JobHistory.Listener,1,TRUE,sanjaydahiya,null,null,0,12,0,0
270,hadoop,org.apache.hadoop.mapred,org.apache.hadoop.mapred.JobHistory.HistoryCleaner,1,TRUE,sanjaydahiya,null,null,0,72,1,0
271,hadoop,org.apache.hadoop.mapred,org.apache.hadoop.mapred.JobInProgress,1,FALSE,anonymous,null,null,1,501,16,0
272,hadoop,org.apache.hadoop.mapred,org.apache.hadoop.mapred.JobProfile,1,TRUE,Mike Cafarella,null,null,0,78,6,0
273,hadoop,org.apache.hadoop.mapred,org.apache.hadoop.mapred.JobStatus,1,TRUE,Mike Cafarella,null,null,0,127,7,0
274,hadoop,org.apache.hadoop.mapred,org.apache.hadoop.mapred.JobSubmissionProtocol,1,TRUE,anonymous,null,null,0,41,3,0
275,hadoop,org.apache.hadoop.mapred,org.apache.hadoop.mapred.JobTracker,1,TRUE,anonymous,null,null,1,904,17,0
276,hadoop,org.apache.hadoop.mapred,org.apache.hadoop.mapred.JobTracker.ExpireLaunchingTasks,1,TRUE,anonymous,null,null,0,65,2,0
277,hadoop,org.apache.hadoop.mapred,org.apache.hadoop.mapred.JobTracker.ExpireTrackers,1,FALSE,anonymous,null,null,0,44,3,0
278,hadoop,org.apache.hadoop.mapred,org.apache.hadoop.mapred.JobTracker.RetireJobs,1,FALSE,anonymous,null,null,0,36,2,0
279,hadoop,org.apache.hadoop.mapred,org.apache.hadoop.mapred.JobTracker.JobInitThread,1,FALSE,anonymous,null,null,0,29,2,0
280,hadoop,org.apache.hadoop.mapred,org.apache.hadoop.mapred.JobTracker.JobTrackerMetrics,1,FALSE,anonymous,null,null,0,30,7,0
281,hadoop,org.apache.hadoop.mapred.lib,org.apache.hadoop.mapred.lib.HashPartitioner,1,TRUE,anonymous,null,null,0,13,0,0
282,hadoop,org.apache.hadoop.mapred.lib,org.apache.hadoop.mapred.lib.IdentityMapper,1,TRUE,anonymous,null,null,0,11,0,0
283,hadoop,org.apache.hadoop.mapred.lib,org.apache.hadoop.mapred.lib.IdentityReducer,1,TRUE,anonymous,null,null,0,13,0,0
284,hadoop,org.apache.hadoop.mapred.lib,org.apache.hadoop.mapred.lib.InverseMapper,1,TRUE,anonymous,null,null,0,11,0,0
285,hadoop,org.apache.hadoop.mapred.lib,org.apache.hadoop.mapred.lib.LongSumReducer,1,TRUE,anonymous,null,null,0,12,0,0
286,hadoop,org.apache.hadoop.mapred.lib,org.apache.hadoop.mapred.lib.RegexMapper,1,TRUE,anonymous,null,null,0,18,0,0
287,hadoop,org.apache.hadoop.mapred.lib,org.apache.hadoop.mapred.lib.TokenCountMapper,1,TRUE,anonymous,null,null,0,12,0,0
288,hadoop,org.apache.hadoop.mapred,org.apache.hadoop.mapred.LocalJobRunner,1,TRUE,anonymous,null,null,0,173,3,0
289,hadoop,org.apache.hadoop.mapred,org.apache.hadoop.mapred.LocalJobRunner.Job,1,FALSE,anonymous,null,null,0,124,3,0
290,hadoop,org.apache.hadoop.mapred,org.apache.hadoop.mapred.MapFileOutputFormat,1,TRUE,anonymous,null,null,0,37,0,0
291,hadoop,org.apache.hadoop.mapred,org.apache.hadoop.mapred.MapOutputFile,1,TRUE,anonymous,null,null,0,42,1,0
292,hadoop,org.apache.hadoop.mapred,org.apache.hadoop.mapred.MapOutputLocation,1,TRUE,anonymous,null,null,0,136,6,0
293,hadoop,org.apache.hadoop.mapred,org.apache.hadoop.mapred.Mapper,1,TRUE,anonymous,null,null,0,12,0,0
294,hadoop,org.apache.hadoop.mapred,org.apache.hadoop.mapred.MapReduceBase,1,TRUE,Owen O'Malley,null,null,0,16,1,0
295,hadoop,org.apache.hadoop.mapred,org.apache.hadoop.mapred.MapRunnable,1,TRUE,anonymous,null,null,0,11,0,0
296,hadoop,org.apache.hadoop.mapred,org.apache.hadoop.mapred.MapRunner,1,TRUE,anonymous,null,null,0,23,0,0
297,hadoop,org.apache.hadoop.mapred,org.apache.hadoop.mapred.MapTask,1,TRUE,anonymous,null,null,0,169,4,0
298,hadoop,org.apache.hadoop.mapred,org.apache.hadoop.mapred.MapTask.MapTaskMetrics,1,FALSE,anonymous,null,null,0,20,0,0
299,hadoop,org.apache.hadoop.mapred,org.apache.hadoop.mapred.MapTaskRunner,1,TRUE,anonymous,null,null,0,28,2,0
300,hadoop,org.apache.hadoop.mapred,org.apache.hadoop.mapred.MRConstants,1,TRUE,Mike Cafarella,null,null,0,10,0,0
301,hadoop,org.apache.hadoop.mapred,org.apache.hadoop.mapred.OutputCollector,1,TRUE,anonymous,null,null,0,11,0,0
302,hadoop,org.apache.hadoop.mapred,org.apache.hadoop.mapred.OutputFormat,1,TRUE,anonymous,null,null,0,20,0,0
303,hadoop,org.apache.hadoop.mapred,org.apache.hadoop.mapred.OutputFormatBase,1,TRUE,anonymous,null,null,0,59,0,0
304,hadoop,org.apache.hadoop.mapred,org.apache.hadoop.mapred.Partitioner,1,TRUE,anonymous,null,null,0,13,0,0
305,hadoop,org.apache.hadoop.mapred,org.apache.hadoop.mapred.PhasedFileSystem,1,TRUE,anonymous,null,null,0,291,7,0
306,hadoop,org.apache.hadoop.mapred,org.apache.hadoop.mapred.PhasedFileSystem.FileInfo,1,FALSE,anonymous,null,null,0,35,4,0
307,hadoop,org.apache.hadoop.mapred,org.apache.hadoop.mapred.RecordReader,1,TRUE,anonymous,null,null,0,31,4,0
308,hadoop,org.apache.hadoop.mapred,org.apache.hadoop.mapred.RecordWriter,1,TRUE,anonymous,null,null,0,16,0,0
309,hadoop,org.apache.hadoop.mapred,org.apache.hadoop.mapred.Reducer,1,TRUE,anonymous,null,null,0,12,0,0
310,hadoop,org.apache.hadoop.mapred,org.apache.hadoop.mapred.ReduceTask,1,TRUE,anonymous,null,null,0,266,4,0
311,hadoop,org.apache.hadoop.mapred,org.apache.hadoop.mapred.ReduceTask.ReduceTaskMetrics,1,FALSE,anonymous,null,null,0,14,2,0
312,hadoop,org.apache.hadoop.mapred,org.apache.hadoop.mapred.ReduceTask.ValuesIterator,1,TRUE,anonymous,null,null,0,92,7,0
313,hadoop,org.apache.hadoop.mapred,org.apache.hadoop.mapred.ReduceTaskRunner,1,TRUE,anonymous,null,null,0,400,4,1
314,hadoop,org.apache.hadoop.mapred,org.apache.hadoop.mapred.ReduceTaskRunner.CopyResult,1,TRUE,anonymous,null,null,0,26,5,0
315,hadoop,org.apache.hadoop.mapred,org.apache.hadoop.mapred.ReduceTaskRunner.PingTimer,1,FALSE,anonymous,null,null,0,7,1,0
316,hadoop,org.apache.hadoop.mapred,org.apache.hadoop.mapred.ReduceTaskRunner.MapOutputCopier,1,TRUE,anonymous,null,null,0,101,4,0
317,hadoop,org.apache.hadoop.mapred,org.apache.hadoop.mapred.Reporter,1,TRUE,anonymous,null,null,0,10,0,0
318,hadoop,org.apache.hadoop.mapred,org.apache.hadoop.mapred.RunningJob,1,TRUE,Mike Cafarella,null,null,0,42,9,0
319,hadoop,org.apache.hadoop.mapred,org.apache.hadoop.mapred.SequenceFileInputFilter,1,TRUE,anonymous,null,null,0,224,1,0
320,hadoop,org.apache.hadoop.mapred,org.apache.hadoop.mapred.SequenceFileInputFilter.Filter,1,TRUE,anonymous,null,null,0,11,0,0
321,hadoop,org.apache.hadoop.mapred,org.apache.hadoop.mapred.SequenceFileInputFilter.FilterBase,1,TRUE,anonymous,null,null,0,9,1,0
322,hadoop,org.apache.hadoop.mapred,org.apache.hadoop.mapred.SequenceFileInputFilter.RegexFilter,1,TRUE,anonymous,null,null,0,38,1,0
323,hadoop,org.apache.hadoop.mapred,org.apache.hadoop.mapred.SequenceFileInputFilter.PercentFilter,1,TRUE,anonymous,null,null,0,41,1,0
324,hadoop,org.apache.hadoop.mapred,org.apache.hadoop.mapred.SequenceFileInputFilter.MD5Filter,1,TRUE,anonymous,null,null,0,78,1,0
325,hadoop,org.apache.hadoop.mapred,org.apache.hadoop.mapred.SequenceFileInputFilter.FilterRecordReader,1,FALSE,anonymous,null,null,0,16,0,0
326,hadoop,org.apache.hadoop.mapred,org.apache.hadoop.mapred.SequenceFileInputFormat,1,TRUE,anonymous,null,null,0,22,1,0
327,hadoop,org.apache.hadoop.mapred,org.apache.hadoop.mapred.SequenceFileOutputFormat,1,TRUE,anonymous,null,null,0,38,0,0
328,hadoop,org.apache.hadoop.mapred,org.apache.hadoop.mapred.SequenceFileRecordReader,1,TRUE,anonymous,null,null,0,71,6,0
329,hadoop,org.apache.hadoop.mapred,org.apache.hadoop.mapred.StatusHttpServer,1,TRUE,Owen O'Malley,null,null,0,172,4,0
330,hadoop,org.apache.hadoop.mapred,org.apache.hadoop.mapred.StatusHttpServer.StackServlet,1,TRUE,Owen O'Malley,null,null,0,12,0,0
331,hadoop,org.apache.hadoop.mapred,org.apache.hadoop.mapred.Task,1,TRUE,anonymous,null,null,0,159,10,0
332,hadoop,org.apache.hadoop.mapred,org.apache.hadoop.mapred.TaskInProgress,1,FALSE,anonymous,null,null,1,372,16,0
333,hadoop,org.apache.hadoop.mapred,org.apache.hadoop.mapred.TaskLog,1,TRUE,anonymous,null,null,0,362,0,0
334,hadoop,org.apache.hadoop.mapred,org.apache.hadoop.mapred.TaskLog.Writer,1,TRUE,anonymous,null,null,0,142,4,0
335,hadoop,org.apache.hadoop.mapred,org.apache.hadoop.mapred.TaskLog.Writer.TaskLogsPurgeFilter,1,FALSE,anonymous,null,null,0,10,0,0
336,hadoop,org.apache.hadoop.mapred,org.apache.hadoop.mapred.TaskLog.Reader,1,TRUE,anonymous,null,null,0,206,3,0
337,hadoop,org.apache.hadoop.mapred,org.apache.hadoop.mapred.TaskLog.Reader.IndexRecord,1,FALSE,anonymous,null,null,0,10,0,0
338,hadoop,org.apache.hadoop.mapred,org.apache.hadoop.mapred.TaskReport,1,TRUE,anonymous,null,null,0,90,7,0
339,hadoop,org.apache.hadoop.mapred,org.apache.hadoop.mapred.TaskRunner,1,TRUE,anonymous,null,null,0,261,6,1
340,hadoop,org.apache.hadoop.mapred,org.apache.hadoop.mapred.TaskStatus,1,TRUE,Mike Cafarella,null,null,0,181,13,0
341,hadoop,org.apache.hadoop.mapred,org.apache.hadoop.mapred.TaskTracker,1,TRUE,Owen O'Malley,null,null,1,1145,19,0
342,hadoop,org.apache.hadoop.mapred,org.apache.hadoop.mapred.TaskTracker.TaskTrackerMetrics,1,FALSE,Owen O'Malley,null,null,0,15,2,0
343,hadoop,org.apache.hadoop.mapred,org.apache.hadoop.mapred.TaskTracker.BlockingQueue,1,TRUE,Owen O'Malley,null,null,0,41,2,0
344,hadoop,org.apache.hadoop.mapred,org.apache.hadoop.mapred.TaskTracker.TaskInProgress,1,FALSE,Owen O'Malley,null,null,1,258,10,0
345,hadoop,org.apache.hadoop.mapred,org.apache.hadoop.mapred.TaskTracker.RunningJob,1,TRUE,Owen O'Malley,null,null,0,13,0,0
346,hadoop,org.apache.hadoop.mapred,org.apache.hadoop.mapred.TaskTracker.Child,1,TRUE,Owen O'Malley,null,null,0,68,0,0
347,hadoop,org.apache.hadoop.mapred,org.apache.hadoop.mapred.TaskTracker.MapOutputServlet,1,TRUE,Owen O'Malley,null,null,0,54,0,0
348,hadoop,org.apache.hadoop.mapred,org.apache.hadoop.mapred.TaskTrackerStatus,1,TRUE,Mike Cafarella,null,null,0,127,9,0
349,hadoop,org.apache.hadoop.mapred,org.apache.hadoop.mapred.TaskUmbilicalProtocol,1,TRUE,anonymous,null,null,0,37,0,0
350,hadoop,org.apache.hadoop.mapred,org.apache.hadoop.mapred.TextInputFormat,1,TRUE,anonymous,null,null,0,112,0,0
351,hadoop,org.apache.hadoop.mapred,org.apache.hadoop.mapred.TextInputFormat.LineRecordReader,1,FALSE,anonymous,null,null,0,52,4,0
352,hadoop,org.apache.hadoop.mapred,org.apache.hadoop.mapred.TextInputFormat.LineRecordReader.TextStuffer,1,TRUE,anonymous,null,null,0,12,0,0
353,hadoop,org.apache.hadoop.mapred,org.apache.hadoop.mapred.TextOutputFormat,1,TRUE,anonymous,null,null,0,35,0,0
354,hadoop,org.apache.hadoop.mapred,org.apache.hadoop.mapred.TextOutputFormat.LineRecordWriter,1,FALSE,anonymous,null,null,0,15,0,0
355,hadoop,org.apache.hadoop.metrics,org.apache.hadoop.metrics.ContextFactory,1,TRUE,anonymous,null,null,0,91,4,0
356,hadoop,org.apache.hadoop.metrics.file,org.apache.hadoop.metrics.file.FileContext,1,TRUE,anonymous,null,null,0,102,5,0
357,hadoop,org.apache.hadoop.metrics.ganglia,org.apache.hadoop.metrics.ganglia.GangliaContext,1,TRUE,anonymous,null,null,0,165,2,0
358,hadoop,org.apache.hadoop.metrics,org.apache.hadoop.metrics.Metrics,1,TRUE,Milind Bhandarkar,null,null,0,67,1,0
359,hadoop,org.apache.hadoop.metrics,org.apache.hadoop.metrics.MetricsContext,1,TRUE,anonymous,null,null,0,47,5,0
360,hadoop,org.apache.hadoop.metrics,org.apache.hadoop.metrics.MetricsException,1,TRUE,anonymous,null,null,0,18,1,0
361,hadoop,org.apache.hadoop.metrics,org.apache.hadoop.metrics.MetricsRecord,1,TRUE,anonymous,null,null,0,102,3,0
362,hadoop,org.apache.hadoop.metrics.spi,org.apache.hadoop.metrics.spi.AbstractMetricsContext,1,TRUE,anonymous,null,null,0,290,13,0
363,hadoop,org.apache.hadoop.metrics.spi,org.apache.hadoop.metrics.spi.AbstractMetricsContext.TagMap,1,FALSE,anonymous,null,null,0,9,1,0
364,hadoop,org.apache.hadoop.metrics.spi,org.apache.hadoop.metrics.spi.AbstractMetricsContext.MetricMap,1,FALSE,anonymous,null,null,0,3,0,0
365,hadoop,org.apache.hadoop.metrics.spi,org.apache.hadoop.metrics.spi.AbstractMetricsContext.RecordMap,1,FALSE,anonymous,null,null,0,3,0,0
366,hadoop,org.apache.hadoop.metrics.spi,org.apache.hadoop.metrics.spi.MetricsRecordImpl,1,TRUE,anonymous,null,null,0,155,5,0
367,hadoop,org.apache.hadoop.metrics.spi,org.apache.hadoop.metrics.spi.MetricValue,1,TRUE,anonymous,null,null,0,25,3,0
368,hadoop,org.apache.hadoop.metrics.spi,org.apache.hadoop.metrics.spi.NullContext,1,TRUE,anonymous,null,null,0,30,2,0
369,hadoop,org.apache.hadoop.metrics.spi,org.apache.hadoop.metrics.spi.OutputRecord,1,TRUE,anonymous,null,null,0,39,2,0
370,hadoop,org.apache.hadoop.metrics.spi,org.apache.hadoop.metrics.spi.Util,1,TRUE,anonymous,null,null,0,36,1,0
371,hadoop,org.apache.hadoop.metrics,org.apache.hadoop.metrics.Updater,1,TRUE,anonymous,null,null,0,9,0,0
372,hadoop,org.apache.hadoop.net,org.apache.hadoop.net.DNS,1,TRUE,Lorenzo Thione,null,null,0,101,0,0
373,hadoop,org.apache.hadoop.record,org.apache.hadoop.record.BinaryInputArchive,1,TRUE,anonymous,null,null,0,75,0,0
374,hadoop,org.apache.hadoop.record,org.apache.hadoop.record.BinaryInputArchive.BinaryIndex,1,FALSE,anonymous,null,null,0,12,2,0
375,hadoop,org.apache.hadoop.record,org.apache.hadoop.record.BinaryOutputArchive,1,TRUE,Milind Bhandarkar,null,null,0,58,0,0
376,hadoop,org.apache.hadoop.record.compiler,org.apache.hadoop.record.compiler.CppGenerator,1,TRUE,Milind Bhandarkar,null,null,0,44,1,0
377,hadoop,org.apache.hadoop.record.compiler.generated,org.apache.hadoop.record.compiler.generated.ParseException,1,TRUE,anonymous,null,null,0,136,2,0
378,hadoop,org.apache.hadoop.record.compiler.generated,org.apache.hadoop.record.compiler.generated.Rcc,1,FALSE,anonymous,null,null,1,510,17,0
379,hadoop,org.apache.hadoop.record.compiler.generated,org.apache.hadoop.record.compiler.generated.RccConstants,1,FALSE,anonymous,null,null,0,29,0,0
380,hadoop,org.apache.hadoop.record.compiler.generated,org.apache.hadoop.record.compiler.generated.RccTokenManager,1,FALSE,anonymous,null,null,1,685,6,1
381,hadoop,org.apache.hadoop.record.compiler.generated,org.apache.hadoop.record.compiler.generated.SimpleCharStream,1,TRUE,anonymous,null,null,1,289,11,0
382,hadoop,org.apache.hadoop.record.compiler.generated,org.apache.hadoop.record.compiler.generated.Token,1,TRUE,anonymous,null,null,0,40,1,0
383,hadoop,org.apache.hadoop.record.compiler.generated,org.apache.hadoop.record.compiler.generated.TokenMgrError,1,FALSE,anonymous,null,null,0,90,2,0
384,hadoop,org.apache.hadoop.record.compiler,org.apache.hadoop.record.compiler.JavaGenerator,1,TRUE,Milind Bhandarkar,null,null,0,29,1,0
385,hadoop,org.apache.hadoop.record.compiler,org.apache.hadoop.record.compiler.JBoolean,1,TRUE,Milind Bhandarkar,null,null,0,20,2,0
386,hadoop,org.apache.hadoop.record.compiler,org.apache.hadoop.record.compiler.JBuffer,1,TRUE,Milind Bhandarkar,null,null,0,42,2,0
387,hadoop,org.apache.hadoop.record.compiler,org.apache.hadoop.record.compiler.JByte,1,TRUE,Milind Bhandarkar,null,null,0,14,2,0
388,hadoop,org.apache.hadoop.record.compiler,org.apache.hadoop.record.compiler.JCompType,1,TRUE,Milind Bhandarkar,null,null,0,30,0,0
389,hadoop,org.apache.hadoop.record.compiler,org.apache.hadoop.record.compiler.JDouble,1,TRUE,Milind Bhandarkar,null,null,0,18,2,0
390,hadoop,org.apache.hadoop.record.compiler,org.apache.hadoop.record.compiler.JField,1,TRUE,Milind Bhandarkar,null,null,0,59,11,0
391,hadoop,org.apache.hadoop.record.compiler,org.apache.hadoop.record.compiler.JFile,1,TRUE,Milind Bhandarkar,null,null,0,44,1,0
392,hadoop,org.apache.hadoop.record.compiler,org.apache.hadoop.record.compiler.JFloat,1,TRUE,Milind Bhandarkar,null,null,0,17,2,0
393,hadoop,org.apache.hadoop.record.compiler,org.apache.hadoop.record.compiler.JInt,1,TRUE,Milind Bhandarkar,null,null,0,14,2,0
394,hadoop,org.apache.hadoop.record.compiler,org.apache.hadoop.record.compiler.JLong,1,TRUE,Milind Bhandarkar,null,null,0,17,2,0
395,hadoop,org.apache.hadoop.record.compiler,org.apache.hadoop.record.compiler.JMap,1,TRUE,Milind Bhandarkar,null,null,0,76,4,0
396,hadoop,org.apache.hadoop.record.compiler,org.apache.hadoop.record.compiler.JRecord,1,TRUE,Milind Bhandarkar,null,null,1,325,8,1
397,hadoop,org.apache.hadoop.record.compiler,org.apache.hadoop.record.compiler.JString,1,TRUE,Milind Bhandarkar,null,null,0,24,2,0
398,hadoop,org.apache.hadoop.record.compiler,org.apache.hadoop.record.compiler.JType,1,TRUE,Milind Bhandarkar,null,null,0,89,5,0
399,hadoop,org.apache.hadoop.record.compiler,org.apache.hadoop.record.compiler.JVector,1,TRUE,Milind Bhandarkar,null,null,0,70,4,0
400,hadoop,org.apache.hadoop.record,org.apache.hadoop.record.CsvInputArchive,1,TRUE,anonymous,null,null,0,164,0,0
401,hadoop,org.apache.hadoop.record,org.apache.hadoop.record.CsvInputArchive.CsvIndex,1,FALSE,anonymous,null,null,0,14,2,0
402,hadoop,org.apache.hadoop.record,org.apache.hadoop.record.CsvOutputArchive,1,TRUE,Milind Bhandarkar,null,null,0,100,1,0
403,hadoop,org.apache.hadoop.record,org.apache.hadoop.record.Index,1,TRUE,Milind Bhandarkar,null,null,0,8,2,0
404,hadoop,org.apache.hadoop.record,org.apache.hadoop.record.InputArchive,1,TRUE,Milind Bhandarkar,null,null,0,21,0,0
405,hadoop,org.apache.hadoop.record,org.apache.hadoop.record.OutputArchive,1,TRUE,Milind Bhandarkar,null,null,0,21,0,0
406,hadoop,org.apache.hadoop.record,org.apache.hadoop.record.Record,1,TRUE,Milind Bhandarkar,null,null,0,8,0,0
407,hadoop,org.apache.hadoop.record,org.apache.hadoop.record.RecordReader,1,TRUE,Milind Bhandarkar,null,null,0,57,0,0
408,hadoop,org.apache.hadoop.record,org.apache.hadoop.record.RecordWriter,1,TRUE,Milind Bhandarkar,null,null,0,72,1,0
409,hadoop,org.apache.hadoop.record,org.apache.hadoop.record.Utils,1,TRUE,Milind Bhandarkar,null,null,0,246,1,0
410,hadoop,org.apache.hadoop.record,org.apache.hadoop.record.XmlInputArchive,1,TRUE,anonymous,null,null,0,185,1,0
411,hadoop,org.apache.hadoop.record,org.apache.hadoop.record.XmlInputArchive.Value,1,FALSE,anonymous,null,null,0,17,2,0
412,hadoop,org.apache.hadoop.record,org.apache.hadoop.record.XmlInputArchive.XMLParser,1,FALSE,anonymous,null,null,0,33,2,0
413,hadoop,org.apache.hadoop.record,org.apache.hadoop.record.XmlInputArchive.XmlIndex,1,FALSE,anonymous,null,null,0,15,2,0
414,hadoop,org.apache.hadoop.record,org.apache.hadoop.record.XmlOutputArchive,1,TRUE,Milind Bhandarkar,null,null,0,199,3,0
415,hadoop,org.apache.hadoop.tools,org.apache.hadoop.tools.Logalyzer,1,TRUE,anonymous,null,null,0,192,0,0
416,hadoop,org.apache.hadoop.tools,org.apache.hadoop.tools.Logalyzer.LogRegexMapper,1,TRUE,anonymous,null,null,0,16,0,0
417,hadoop,org.apache.hadoop.tools,org.apache.hadoop.tools.Logalyzer.LogComparator,1,TRUE,anonymous,null,null,0,60,1,0
418,hadoop,org.apache.hadoop.util,org.apache.hadoop.util.CopyFiles,1,TRUE,anonymous,null,null,1,601,0,0
419,hadoop,org.apache.hadoop.util,org.apache.hadoop.util.CopyFiles.CopyFilesMapper,1,TRUE,anonymous,null,null,0,68,0,0
420,hadoop,org.apache.hadoop.util,org.apache.hadoop.util.CopyFiles.DFSCopyFilesMapper,1,TRUE,anonymous,null,null,0,215,1,0
421,hadoop,org.apache.hadoop.util,org.apache.hadoop.util.CopyFiles.HTTPCopyFilesMapper,1,FALSE,anonymous,null,null,0,121,0,0
422,hadoop,org.apache.hadoop.util,org.apache.hadoop.util.CopyFiles.CopyMapperFactory,1,TRUE,anonymous,null,null,0,16,0,0
423,hadoop,org.apache.hadoop.util,org.apache.hadoop.util.CopyFiles.CopyFilesReducer,1,FALSE,anonymous,null,null,0,4,0,0
424,hadoop,org.apache.hadoop.util,org.apache.hadoop.util.Daemon,1,TRUE,anonymous,null,null,0,26,2,0
425,hadoop,org.apache.hadoop.util,org.apache.hadoop.util.DiskChecker,1,TRUE,anonymous,null,null,0,22,0,0
426,hadoop,org.apache.hadoop.util,org.apache.hadoop.util.DiskChecker.DiskErrorException,1,FALSE,anonymous,null,null,0,5,0,0
427,hadoop,org.apache.hadoop.util,org.apache.hadoop.util.DiskChecker.DiskOutOfSpaceException,1,FALSE,anonymous,null,null,0,5,0,0
428,hadoop,org.apache.hadoop.util,org.apache.hadoop.util.NativeCodeLoader,1,TRUE,Arun C Murthy,null,null,0,29,1,0
429,hadoop,org.apache.hadoop.util,org.apache.hadoop.util.PlatformName,1,TRUE,Arun C Murthy,null,null,0,20,1,0
430,hadoop,org.apache.hadoop.util,org.apache.hadoop.util.PrintJarMainClass,1,TRUE,Owen O'Malley,null,null,0,28,0,0
431,hadoop,org.apache.hadoop.util,org.apache.hadoop.util.ProgramDriver,1,TRUE,anonymous,null,null,0,91,1,0
432,hadoop,org.apache.hadoop.util,org.apache.hadoop.util.ProgramDriver.ProgramDescription,1,FALSE,anonymous,null,null,0,32,1,0
433,hadoop,org.apache.hadoop.util,org.apache.hadoop.util.Progress,1,TRUE,anonymous,null,null,0,99,8,0
434,hadoop,org.apache.hadoop.util,org.apache.hadoop.util.Progressable,1,TRUE,Owen O'Malley,null,null,0,10,1,0
435,hadoop,org.apache.hadoop.util,org.apache.hadoop.util.ReflectionUtils,1,TRUE,anonymous,null,null,0,108,0,0
436,hadoop,org.apache.hadoop.util,org.apache.hadoop.util.RunJar,1,TRUE,anonymous,null,null,0,119,0,0
437,hadoop,org.apache.hadoop.util,org.apache.hadoop.util.StringUtils,1,TRUE,Owen O'Malley,null,null,0,206,0,0
438,hadoop,org.apache.hadoop.util,org.apache.hadoop.util.Tool,1,TRUE,hairong,null,null,0,13,0,0
439,hadoop,org.apache.hadoop.util,org.apache.hadoop.util.ToolBase,1,TRUE,hairong,null,null,0,76,2,0
440,hadoop,org.apache.hadoop.util,org.apache.hadoop.util.VersionInfo,1,TRUE,Owen O'Malley,null,null,0,58,6,0
441,hadoop,org.apache.hadoop.util,org.apache.hadoop.util.XMLUtils,1,TRUE,Arun C Murthy,null,null,0,19,0,0
442,hadoop,org.apache.hadoop.conf,org.apache.hadoop.conf.TestConfiguration,1,FALSE,anonymous,null,null,0,109,6,0
443,hadoop,org.apache.hadoop.conf,org.apache.hadoop.conf.TestConfiguration.Prop,1,FALSE,anonymous,null,null,0,5,0,0
444,hadoop,org.apache.hadoop.dfs,org.apache.hadoop.dfs.ClusterTestDFS,1,TRUE,Paul Baclace,null,null,0,348,6,0
445,hadoop,org.apache.hadoop.dfs,org.apache.hadoop.dfs.ClusterTestDFSNamespaceLogging,1,TRUE,Hairong Kuang,null,null,1,340,6,0
446,hadoop,org.apache.hadoop.dfs,org.apache.hadoop.dfs.MiniDFSCluster,1,TRUE,anonymous,null,null,0,214,3,0
447,hadoop,org.apache.hadoop.dfs,org.apache.hadoop.dfs.MiniDFSCluster.NameNodeRunner,1,TRUE,anonymous,null,null,0,40,3,0
448,hadoop,org.apache.hadoop.dfs,org.apache.hadoop.dfs.MiniDFSCluster.DataNodeRunner,1,TRUE,anonymous,null,null,0,44,2,0
449,hadoop,org.apache.hadoop.dfs,org.apache.hadoop.dfs.TestDFSMkdirs,1,TRUE,Wendy Chien,null,null,0,42,1,0
450,hadoop,org.apache.hadoop.dfs,org.apache.hadoop.dfs.TestDFSShell,1,TRUE,Dhruba Borthakur,null,null,0,89,1,0
451,hadoop,org.apache.hadoop.dfs,org.apache.hadoop.dfs.TestDFSShellGenericOptions,1,FALSE,anonymous,null,null,0,76,1,0
452,hadoop,org.apache.hadoop.dfs,org.apache.hadoop.dfs.TestFileCorruption,1,TRUE,anonymous,null,null,0,153,3,0
453,hadoop,org.apache.hadoop.dfs,org.apache.hadoop.dfs.TestFileCorruption.MyFile,1,TRUE,anonymous,null,null,0,43,4,0
454,hadoop,org.apache.hadoop.dfs,org.apache.hadoop.dfs.TestFsck,1,TRUE,anonymous,null,null,0,115,3,0
455,hadoop,org.apache.hadoop.dfs,org.apache.hadoop.dfs.TestFsck.MyFile,1,TRUE,anonymous,null,null,0,43,4,0
456,hadoop,org.apache.hadoop.dfs,org.apache.hadoop.dfs.TestLocalDFS,1,TRUE,Owen O'Malley,null,null,0,52,1,0
457,hadoop,org.apache.hadoop.dfs,org.apache.hadoop.dfs.TestPread,1,TRUE,Milind Bhandarkar,null,null,0,93,2,0
458,hadoop,org.apache.hadoop.dfs,org.apache.hadoop.dfs.TestReplication,1,TRUE,Milind Bhandarkar,null,null,0,65,1,0
459,hadoop,org.apache.hadoop.dfs,org.apache.hadoop.dfs.TestRestartDFS,1,TRUE,anonymous,null,null,0,155,3,0
460,hadoop,org.apache.hadoop.dfs,org.apache.hadoop.dfs.TestRestartDFS.MyFile,1,TRUE,anonymous,null,null,0,43,4,0
461,hadoop,org.apache.hadoop.dfs,org.apache.hadoop.dfs.TestSeekBug,1,TRUE,Milind Bhandarkar,null,null,0,78,2,0
462,hadoop,org.apache.hadoop.dfs,org.apache.hadoop.dfs.TestSmallBlock,1,TRUE,Milind Bhandarkar,null,null,0,58,1,0
463,hadoop,org.apache.hadoop.fs,org.apache.hadoop.fs.AccumulatingReducer,1,TRUE,Konstantin Shvachko,null,null,0,43,1,0
464,hadoop,org.apache.hadoop.fs,org.apache.hadoop.fs.DFSCIOTest,1,TRUE,anonymous,null,null,1,361,1,0
465,hadoop,org.apache.hadoop.fs,org.apache.hadoop.fs.DFSCIOTest.IOStatMapper,1,TRUE,anonymous,null,null,0,20,1,0
466,hadoop,org.apache.hadoop.fs,org.apache.hadoop.fs.DFSCIOTest.WriteMapper,1,TRUE,anonymous,null,null,0,58,1,0
467,hadoop,org.apache.hadoop.fs,org.apache.hadoop.fs.DFSCIOTest.ReadMapper,1,TRUE,anonymous,null,null,0,61,1,0
468,hadoop,org.apache.hadoop.fs,org.apache.hadoop.fs.DistributedFSCheck,1,TRUE,anonymous,null,null,0,234,3,0
469,hadoop,org.apache.hadoop.fs,org.apache.hadoop.fs.DistributedFSCheck.DistributedFSCheckMapper,1,TRUE,anonymous,null,null,0,49,1,0
470,hadoop,org.apache.hadoop.fs,org.apache.hadoop.fs.IOMapperBase,1,TRUE,Konstantin Shvachko,null,null,0,64,1,0
471,hadoop,org.apache.hadoop.fs,org.apache.hadoop.fs.TestCopyFiles,1,TRUE,anonymous,null,null,0,201,6,0
472,hadoop,org.apache.hadoop.fs,org.apache.hadoop.fs.TestCopyFiles.MyFile,1,TRUE,anonymous,null,null,0,43,4,0
473,hadoop,org.apache.hadoop.fs,org.apache.hadoop.fs.TestDFSIO,1,TRUE,anonymous,null,null,0,276,1,0
474,hadoop,org.apache.hadoop.fs,org.apache.hadoop.fs.TestDFSIO.IOStatMapper,1,TRUE,anonymous,null,null,0,20,1,0
475,hadoop,org.apache.hadoop.fs,org.apache.hadoop.fs.TestDFSIO.WriteMapper,1,TRUE,anonymous,null,null,0,26,1,0
476,hadoop,org.apache.hadoop.fs,org.apache.hadoop.fs.TestDFSIO.ReadMapper,1,TRUE,anonymous,null,null,0,24,1,0
477,hadoop,org.apache.hadoop.fs,org.apache.hadoop.fs.TestFileSystem,1,FALSE,anonymous,null,null,0,325,1,0
478,hadoop,org.apache.hadoop.fs,org.apache.hadoop.fs.TestFileSystem.WriteMapper,1,FALSE,anonymous,null,null,0,58,2,0
479,hadoop,org.apache.hadoop.fs,org.apache.hadoop.fs.TestFileSystem.ReadMapper,1,FALSE,anonymous,null,null,0,61,2,0
480,hadoop,org.apache.hadoop.fs,org.apache.hadoop.fs.TestFileSystem.SeekMapper,1,FALSE,anonymous,null,null,0,58,2,0
481,hadoop,org.apache.hadoop.fs,org.apache.hadoop.fs.TestGlobPaths,1,FALSE,anonymous,null,null,0,216,15,0
482,hadoop,org.apache.hadoop.fs,org.apache.hadoop.fs.TestLocalFileSystem,1,TRUE,Owen O'Malley,null,null,0,58,1,0
483,hadoop,org.apache.hadoop.fs,org.apache.hadoop.fs.TestPath,1,FALSE,anonymous,null,null,0,101,7,0
484,hadoop,org.apache.hadoop.io.compress,org.apache.hadoop.io.compress.TestCodec,1,FALSE,anonymous,null,null,0,88,2,0
485,hadoop,org.apache.hadoop.io.compress,org.apache.hadoop.io.compress.TestCodecFactory,1,FALSE,anonymous,null,null,0,69,1,0
486,hadoop,org.apache.hadoop.io.compress,org.apache.hadoop.io.compress.TestCodecFactory.BaseCodec,1,FALSE,anonymous,null,null,0,18,2,0
487,hadoop,org.apache.hadoop.io.compress,org.apache.hadoop.io.compress.TestCodecFactory.BarCodec,1,FALSE,anonymous,null,null,0,5,1,0
488,hadoop,org.apache.hadoop.io.compress,org.apache.hadoop.io.compress.TestCodecFactory.FooBarCodec,1,FALSE,anonymous,null,null,0,5,1,0
489,hadoop,org.apache.hadoop.io.compress,org.apache.hadoop.io.compress.TestCodecFactory.FooCodec,1,FALSE,anonymous,null,null,0,5,1,0
490,hadoop,org.apache.hadoop.io,org.apache.hadoop.io.RandomDatum,1,FALSE,anonymous,null,null,0,77,3,0
491,hadoop,org.apache.hadoop.io,org.apache.hadoop.io.RandomDatum.Generator,1,FALSE,anonymous,null,null,0,21,4,0
492,hadoop,org.apache.hadoop.io,org.apache.hadoop.io.RandomDatum.Comparator,1,TRUE,anonymous,null,null,0,13,1,0
493,hadoop,org.apache.hadoop.io,org.apache.hadoop.io.TestArrayFile,1,TRUE,anonymous,null,null,0,113,2,0
494,hadoop,org.apache.hadoop.io,org.apache.hadoop.io.TestBytesWritable,1,TRUE,Owen O'Malley,null,null,0,52,3,0
495,hadoop,org.apache.hadoop.io,org.apache.hadoop.io.TestMD5Hash,1,TRUE,anonymous,null,null,0,33,2,0
496,hadoop,org.apache.hadoop.io,org.apache.hadoop.io.TestSequenceFile,1,TRUE,anonymous,null,null,1,290,1,0
497,hadoop,org.apache.hadoop.io,org.apache.hadoop.io.TestSetFile,1,TRUE,anonymous,null,null,0,109,1,0
498,hadoop,org.apache.hadoop.io,org.apache.hadoop.io.TestText,1,TRUE,anonymous,null,null,0,138,9,0
499,hadoop,org.apache.hadoop.io,org.apache.hadoop.io.TestTextNonUTF8,1,TRUE,anonymous,null,null,0,24,1,0
500,hadoop,org.apache.hadoop.io,org.apache.hadoop.io.TestUTF8,1,TRUE,anonymous,null,null,0,45,4,0
501,hadoop,org.apache.hadoop.io,org.apache.hadoop.io.TestVersionedWritable,1,TRUE,anonymous,null,null,0,129,3,0
502,hadoop,org.apache.hadoop.io,org.apache.hadoop.io.TestVersionedWritable.SimpleVersionedWritable,1,TRUE,anonymous,null,null,0,32,1,0
503,hadoop,org.apache.hadoop.io,org.apache.hadoop.io.TestVersionedWritable.AdvancedVersionedWritable,1,FALSE,anonymous,null,null,0,48,0,0
504,hadoop,org.apache.hadoop.io,org.apache.hadoop.io.TestVersionedWritable.SimpleVersionedWritableV2,1,FALSE,anonymous,null,null,0,6,1,0
505,hadoop,org.apache.hadoop.io,org.apache.hadoop.io.TestWritable,1,TRUE,anonymous,null,null,0,52,1,0
506,hadoop,org.apache.hadoop.io,org.apache.hadoop.io.TestWritable.SimpleWritable,1,TRUE,anonymous,null,null,0,26,0,0
507,hadoop,org.apache.hadoop.ipc,org.apache.hadoop.ipc.TestIPC,1,TRUE,anonymous,null,null,0,150,2,0
508,hadoop,org.apache.hadoop.ipc,org.apache.hadoop.ipc.TestIPC.TestServer,1,FALSE,anonymous,null,null,0,18,0,0
509,hadoop,org.apache.hadoop.ipc,org.apache.hadoop.ipc.TestIPC.SerialCaller,1,FALSE,anonymous,null,null,0,27,1,0
510,hadoop,org.apache.hadoop.ipc,org.apache.hadoop.ipc.TestIPC.ParallelCaller,1,FALSE,anonymous,null,null,0,32,1,0
511,hadoop,org.apache.hadoop.ipc,org.apache.hadoop.ipc.TestRPC,1,TRUE,anonymous,null,null,0,103,1,0
512,hadoop,org.apache.hadoop.ipc,org.apache.hadoop.ipc.TestRPC.TestProtocol,1,FALSE,anonymous,null,null,0,11,3,0
513,hadoop,org.apache.hadoop.ipc,org.apache.hadoop.ipc.TestRPC.TestImpl,1,FALSE,anonymous,null,null,0,34,3,0
514,hadoop,org.apache.hadoop.mapred,org.apache.hadoop.mapred.EmptyInputFormat,1,TRUE,anonymous,null,null,0,11,0,0
515,hadoop,org.apache.hadoop.mapred.jobcontrol,org.apache.hadoop.mapred.jobcontrol.TestJobControl,1,TRUE,anonymous,null,null,0,182,4,0
516,hadoop,org.apache.hadoop.mapred.jobcontrol,org.apache.hadoop.mapred.jobcontrol.TestJobControl.DataCopy,1,FALSE,anonymous,null,null,0,12,0,0
517,hadoop,org.apache.hadoop.mapred,org.apache.hadoop.mapred.MiniMRCluster,1,TRUE,anonymous,null,null,0,280,4,0
518,hadoop,org.apache.hadoop.mapred,org.apache.hadoop.mapred.MiniMRCluster.JobTrackerRunner,1,TRUE,anonymous,null,null,0,38,3,0
519,hadoop,org.apache.hadoop.mapred,org.apache.hadoop.mapred.MiniMRCluster.TaskTrackerRunner,1,TRUE,anonymous,null,null,0,83,4,0
520,hadoop,org.apache.hadoop.mapred,org.apache.hadoop.mapred.MRCaching,1,FALSE,anonymous,null,null,0,138,0,0
521,hadoop,org.apache.hadoop.mapred,org.apache.hadoop.mapred.MRCaching.MapClass,1,TRUE,anonymous,null,null,0,53,0,0
522,hadoop,org.apache.hadoop.mapred,org.apache.hadoop.mapred.MRCaching.ReduceClass,1,TRUE,anonymous,null,null,0,12,0,0
523,hadoop,org.apache.hadoop.mapred,org.apache.hadoop.mapred.PiEstimator,1,TRUE,anonymous,null,null,0,152,0,0
524,hadoop,org.apache.hadoop.mapred,org.apache.hadoop.mapred.PiEstimator.PiMapper,1,TRUE,anonymous,null,null,0,37,1,0
525,hadoop,org.apache.hadoop.mapred,org.apache.hadoop.mapred.PiEstimator.PiReducer,1,FALSE,anonymous,null,null,0,41,1,0
526,hadoop,org.apache.hadoop.mapred,org.apache.hadoop.mapred.TestEmptyJobWithDFS,1,TRUE,anonymous,null,null,0,84,1,0
527,hadoop,org.apache.hadoop.mapred,org.apache.hadoop.mapred.TestMapRed,1,TRUE,anonymous,null,null,1,343,3,0
528,hadoop,org.apache.hadoop.mapred,org.apache.hadoop.mapred.TestMapRed.RandomGenMapper,1,TRUE,anonymous,null,null,0,16,1,0
529,hadoop,org.apache.hadoop.mapred,org.apache.hadoop.mapred.TestMapRed.RandomGenReducer,1,TRUE,anonymous,null,null,0,14,1,0
530,hadoop,org.apache.hadoop.mapred,org.apache.hadoop.mapred.TestMapRed.RandomCheckMapper,1,TRUE,anonymous,null,null,0,13,1,0
531,hadoop,org.apache.hadoop.mapred,org.apache.hadoop.mapred.TestMapRed.RandomCheckReducer,1,TRUE,anonymous,null,null,0,17,1,0
532,hadoop,org.apache.hadoop.mapred,org.apache.hadoop.mapred.TestMapRed.MergeMapper,1,TRUE,anonymous,null,null,0,14,1,0
533,hadoop,org.apache.hadoop.mapred,org.apache.hadoop.mapred.TestMapRed.MergeReducer,1,FALSE,anonymous,null,null,0,14,1,0
534,hadoop,org.apache.hadoop.mapred,org.apache.hadoop.mapred.TestMapRed.MyMap,1,FALSE,anonymous,null,null,0,24,1,0
535,hadoop,org.apache.hadoop.mapred,org.apache.hadoop.mapred.TestMapRed.MyReduce,1,FALSE,anonymous,null,null,0,22,0,0
536,hadoop,org.apache.hadoop.mapred,org.apache.hadoop.mapred.TestMiniMRBringup,1,TRUE,Milind Bhandarkar,null,null,0,17,1,0
537,hadoop,org.apache.hadoop.mapred,org.apache.hadoop.mapred.TestMiniMRClasspath,1,TRUE,anonymous,null,null,0,80,1,0
538,hadoop,org.apache.hadoop.mapred,org.apache.hadoop.mapred.TestMiniMRDFSCaching,1,TRUE,Mahadev Konar,null,null,0,36,1,0
539,hadoop,org.apache.hadoop.mapred,org.apache.hadoop.mapred.TestMiniMRLocalFS,1,TRUE,Milind Bhandarkar,null,null,0,26,1,0
540,hadoop,org.apache.hadoop.mapred,org.apache.hadoop.mapred.TestMiniMRWithDFS,1,TRUE,Milind Bhandarkar,null,null,0,127,1,0
541,hadoop,org.apache.hadoop.mapred,org.apache.hadoop.mapred.TestSequenceFileInputFilter,1,FALSE,anonymous,null,null,0,110,3,0
542,hadoop,org.apache.hadoop.mapred,org.apache.hadoop.mapred.TestSequenceFileInputFormat,1,FALSE,anonymous,null,null,0,63,1,0
543,hadoop,org.apache.hadoop.mapred,org.apache.hadoop.mapred.TestTextInputFormat,1,FALSE,anonymous,null,null,0,176,4,0
544,hadoop,org.apache.hadoop.mapred,org.apache.hadoop.mapred.TestTextInputFormat.VoidReporter,1,FALSE,anonymous,null,null,0,6,1,0
545,hadoop,org.apache.hadoop.record.test,org.apache.hadoop.record.test.FromCpp,1,TRUE,Milind Bhandarkar,null,null,0,90,5,0
546,hadoop,org.apache.hadoop.record.test,org.apache.hadoop.record.test.RecBuffer,1,FALSE,anonymous,null,null,0,92,6,0
547,hadoop,org.apache.hadoop.record.test,org.apache.hadoop.record.test.RecInt,1,FALSE,anonymous,null,null,0,93,6,0
548,hadoop,org.apache.hadoop.record.test,org.apache.hadoop.record.test.RecRecord0,1,FALSE,anonymous,null,null,0,93,6,0
549,hadoop,org.apache.hadoop.record.test,org.apache.hadoop.record.test.RecRecord1,1,FALSE,anonymous,null,null,1,360,16,0
550,hadoop,org.apache.hadoop.record.test,org.apache.hadoop.record.test.RecString,1,FALSE,anonymous,null,null,0,93,6,0
551,hadoop,org.apache.hadoop.record.test,org.apache.hadoop.record.test.TestMapRed,1,TRUE,anonymous,null,null,0,254,2,0
552,hadoop,org.apache.hadoop.record.test,org.apache.hadoop.record.test.TestMapRed.RandomGenMapper,1,TRUE,anonymous,null,null,0,17,1,0
553,hadoop,org.apache.hadoop.record.test,org.apache.hadoop.record.test.TestMapRed.RandomGenReducer,1,TRUE,anonymous,null,null,0,15,1,0
554,hadoop,org.apache.hadoop.record.test,org.apache.hadoop.record.test.TestMapRed.RandomCheckMapper,1,TRUE,anonymous,null,null,0,14,1,0
555,hadoop,org.apache.hadoop.record.test,org.apache.hadoop.record.test.TestMapRed.RandomCheckReducer,1,TRUE,anonymous,null,null,0,17,1,0
556,hadoop,org.apache.hadoop.record.test,org.apache.hadoop.record.test.TestMapRed.MergeMapper,1,TRUE,anonymous,null,null,0,14,1,0
557,hadoop,org.apache.hadoop.record.test,org.apache.hadoop.record.test.TestMapRed.MergeReducer,1,FALSE,anonymous,null,null,0,14,1,0
558,hadoop,org.apache.hadoop.record.test,org.apache.hadoop.record.test.TestRecordIO,1,TRUE,Milind Bhandarkar,null,null,0,114,5,0
559,hadoop,org.apache.hadoop.record.test,org.apache.hadoop.record.test.TestWritable,1,FALSE,anonymous,null,null,0,67,1,0
560,hadoop,org.apache.hadoop.record.test,org.apache.hadoop.record.test.ToCpp,1,TRUE,Milind Bhandarkar,null,null,0,84,5,0
561,hadoop,org.apache.hadoop.test,org.apache.hadoop.test.AllTestDriver,1,FALSE,anonymous,null,null,0,28,0,0
562,hadoop,src,src.ClassWordCount,1,TRUE,anonymous,null,null,0,16,0,0
563,hadoop,src,src.ClassWordCount.MapClass,1,TRUE,anonymous,null,null,0,5,0,0
564,hadoop,src,src.ClassWordCount.Reduce,1,TRUE,anonymous,null,null,0,5,0,0
565,hadoop,snippet,snippet.Snippet,1,FALSE,anonymous,null,null,0,15,0,0
