"id","projectName","className","methodName","mloc","nop","nos","treeDepth","treeWidth","nodeSum","maxChildren","possibility"
"1","incubating","org.apache.manifoldcf.crawler.connectors.DCTM.DCTM","outputSpecificationBody","314","4","26","23","302","5627","12","2.8"
"2","incubating","org.apache.manifoldcf.crawler.connectors.DCTM.DCTM","processSpecificationPost","208","3","17","20","286","2939","10","1.7"
"3","incubating","org.apache.manifoldcf.crawler.connectors.DCTM.DCTM","viewSpecification","161","3","40","21","141","2325","11","1.6"
"4","incubating","org.apache.manifoldcf.crawler.connectors.filenet.FilenetConnector","getDocumentVersions","156","6","9","20","136","2033","14","1.2"
"5","incubating","org.apache.manifoldcf.crawler.connectors.filenet.FilenetConnector","outputConfigurationBody","60","5","28","14","165","2089","13","1.3"
"6","incubating","org.apache.manifoldcf.crawler.connectors.filenet.FilenetConnector","outputSpecificationBody","291","4","16","20","406","6439","12","2.7"
"7","incubating","org.apache.manifoldcf.crawler.connectors.filenet.FilenetConnector","processSpecificationPost","183","3","12","24","161","2763","10","1.4"
"8","incubating","org.apache.manifoldcf.crawler.connectors.filenet.FilenetConnector","viewSpecification","143","3","32","19","134","2195","11","1.5"
"9","incubating","org.apache.manifoldcf.agents.output.gts.HttpPoster.IngestThread","run","202","0","3","26","125","2421","4","1.1"
"10","incubating","org.apache.manifoldcf.crawler.connectors.sharedrive.SharedDriveConnector","processDocuments","184","5","4","28","110","2769","13","1.3"
"11","incubating","org.apache.manifoldcf.crawler.connectors.sharedrive.SharedDriveConnector","outputSpecificationBody","270","4","24","20","417","7441","12","2.9"
"12","incubating","org.apache.manifoldcf.crawler.connectors.sharedrive.SharedDriveConnector","processSpecificationPost","340","3","19","20","448","5891","10","3"
"13","incubating","org.apache.manifoldcf.crawler.connectors.sharedrive.SharedDriveConnector","viewSpecification","173","3","42","21","210","3593","11","2.2"
"14","incubating","org.apache.manifoldcf.crawler.connectors.jdbc.JDBCConnector","processDocuments","138","5","20","23","66","1473","13","1.1"
"15","incubating","org.apache.manifoldcf.crawler.connectors.livelink.LivelinkConnector","outputConfigurationBody","78","5","36","17","247","2727","13","1.6"
"16","incubating","org.apache.manifoldcf.crawler.connectors.livelink.LivelinkConnector","processConfigurationPost","79","4","33","17","111","1595","11","1.2"
"17","incubating","org.apache.manifoldcf.crawler.connectors.livelink.LivelinkConnector","outputSpecificationBody","314","4","18","22","377","6331","12","2.8"
"18","incubating","org.apache.manifoldcf.crawler.connectors.livelink.LivelinkConnector","processSpecificationPost","338","3","17","18","372","4191","10","2.5"
"19","incubating","org.apache.manifoldcf.crawler.connectors.livelink.LivelinkConnector","viewSpecification","153","3","40","17","139","2107","11","1.5"
"20","incubating","org.apache.manifoldcf.crawler.connectors.livelink.LivelinkConnector","ingestFromLiveLink","226","5","19","19","205","3121","12","2"
"21","incubating","org.apache.manifoldcf.crawler.connectors.meridio.CommonsHTTPSender","invoke","179","1","4","19","182","2087","7","1.2"
"22","incubating","org.apache.manifoldcf.crawler.connectors.meridio.MeridioAuthority","outputConfigurationBody","96","5","49","17","239","2671","13","2"
"23","incubating","org.apache.manifoldcf.crawler.connectors.meridio.MeridioAuthority","processConfigurationPost","100","4","43","15","157","1393","11","1.5"
"24","incubating","org.apache.manifoldcf.crawler.connectors.meridio.MeridioConnector","getDocumentVersions","143","6","10","17","166","1967","14","1.1"
"25","incubating","org.apache.manifoldcf.crawler.connectors.meridio.MeridioConnector","processDocuments","338","5","12","24","262","4665","13","2.5"
"26","incubating","org.apache.manifoldcf.crawler.connectors.meridio.MeridioConnector","outputConfigurationBody","92","5","45","17","251","2573","13","1.9"
"27","incubating","org.apache.manifoldcf.crawler.connectors.meridio.MeridioConnector","processConfigurationPost","95","4","39","13","139","1289","11","1.3"
"28","incubating","org.apache.manifoldcf.crawler.connectors.meridio.MeridioConnector","outputSpecificationBody","297","4","31","19","407","5577","12","3.1"
"29","incubating","org.apache.manifoldcf.crawler.connectors.meridio.MeridioConnector","processSpecificationPost","241","3","22","20","267","2935","10","1.9"
"30","incubating","org.apache.manifoldcf.crawler.connectors.meridio.MeridioConnector","viewSpecification","194","3","60","16","189","2719","11","2.1"
"31","incubating","org.apache.manifoldcf.crawler.connectors.meridio.MeridioConnector","documentSpecificationSearch","311","7","1","20","424","3815","14","2.5"
"32","incubating","org.apache.manifoldcf.crawler.connectors.meridio.meridiowrapper.MeridioWrapper","MeridioWrapper","71","16","32","10","94","979","21","1.4"
"33","incubating","org.apache.manifoldcf.crawler.connectors.rss.RSSConnector","getDocumentVersions","264","6","18","31","131","3527","14","1.9"
"34","incubating","org.apache.manifoldcf.crawler.connectors.rss.RSSConnector","processDocuments","182","6","5","22","150","2433","14","1.2"
"35","incubating","org.apache.manifoldcf.crawler.connectors.rss.RSSConnector","outputConfigurationBody","55","5","26","13","158","1925","13","1.2"
"36","incubating","org.apache.manifoldcf.crawler.connectors.rss.RSSConnector","outputSpecificationBody","230","4","23","17","431","5327","12","2.7"
"37","incubating","org.apache.manifoldcf.crawler.connectors.rss.RSSConnector","processSpecificationPost","286","3","25","16","321","3835","10","2.3"
"38","incubating","org.apache.manifoldcf.crawler.connectors.rss.RSSConnector","viewSpecification","155","3","36","17","150","2453","11","1.4"
"39","incubating","org.apache.manifoldcf.crawler.connectors.rss.ThrottledFetcher.ThrottledConnection","executeFetch","163","12","7","12","166","1959","19","1.4"
"40","incubating","org.apache.manifoldcf.crawler.connectors.sharepoint.CommonsHTTPSender","invoke","175","1","4","19","171","2033","7","1.2"
"41","incubating","org.apache.manifoldcf.crawler.connectors.sharepoint.SharePointRepository","getDocumentVersions","192","6","16","33","80","2421","14","1.3"
"42","incubating","org.apache.manifoldcf.crawler.connectors.sharepoint.SharePointRepository","processDocuments","342","5","5","31","249","4735","13","2.3"
"43","incubating","org.apache.manifoldcf.crawler.connectors.sharepoint.SharePointRepository","outputSpecificationBody","517","4","15","24","569","10645","12","3.4"
"44","incubating","org.apache.manifoldcf.crawler.connectors.sharepoint.SharePointRepository","processSpecificationPost","355","3","14","18","311","4317","10","2.4"
"45","incubating","org.apache.manifoldcf.crawler.connectors.sharepoint.SharePointRepository","viewSpecification","199","3","34","21","159","3141","11","1.9"
"46","incubating","org.apache.manifoldcf.crawler.connectors.sharepoint.SPSProxyHelper","getFieldValues","127","4","2","17","188","2095","11","1.1"
"47","incubating","org.apache.manifoldcf.agents.output.solr.HttpPoster","HttpPoster","40","16","23","16","80","733","21","1.1"
"48","incubating","org.apache.manifoldcf.agents.output.solr.HttpPoster.IngestThread","run","215","0","3","23","190","2667","4","1.4"
"49","incubating","org.apache.manifoldcf.agents.output.solr.SolrConnector","outputConfigurationBody","147","5","47","17","339","3935","13","2.4"
"50","incubating","org.apache.manifoldcf.agents.output.solr.SolrConnector","processConfigurationPost","123","4","43","13","157","1805","11","1.6"
"51","incubating","org.apache.manifoldcf.crawler.connectors.webcrawler.ThrottledFetcher","getConnection","154","8","13","23","78","1755","15","1.2"
"52","incubating","org.apache.manifoldcf.crawler.connectors.webcrawler.ThrottledFetcher.ThrottledConnection","executeFetch","246","14","8","15","249","3167","21","2.1"
"53","incubating","org.apache.manifoldcf.crawler.connectors.webcrawler.WebcrawlerConnector","getDocumentVersions","365","6","17","33","135","3993","14","2.2"
"54","incubating","org.apache.manifoldcf.crawler.connectors.webcrawler.WebcrawlerConnector","outputConfigurationHeader","16","5","7","6","374","1117","13","1.1"
"55","incubating","org.apache.manifoldcf.crawler.connectors.webcrawler.WebcrawlerConnector","outputConfigurationBody","321","5","20","30","496","10175","13","3.1"
"56","incubating","org.apache.manifoldcf.crawler.connectors.webcrawler.WebcrawlerConnector","processConfigurationPost","293","4","23","28","329","6393","11","2.7"
"57","incubating","org.apache.manifoldcf.crawler.connectors.webcrawler.WebcrawlerConnector","viewConfiguration","157","4","32","28","205","4067","12","2.2"
"58","incubating","org.apache.manifoldcf.crawler.connectors.webcrawler.WebcrawlerConnector","outputSpecificationBody","186","4","17","18","402","4395","12","2.2"
"59","incubating","org.apache.manifoldcf.crawler.connectors.webcrawler.WebcrawlerConnector","processSpecificationPost","204","3","19","15","278","3245","10","1.8"
"60","incubating","org.apache.manifoldcf.crawler.connectors.webcrawler.WebcrawlerConnector","viewSpecification","240","3","38","19","183","3253","11","2.1"
"61","incubating","org.apache.manifoldcf.crawler.connectors.webcrawler.WebcrawlerConnector","checkFetchAllowed","126","17","6","19","120","1639","24","1.4"
"62","incubating","org.apache.manifoldcf.crawler.jobs.HopCount","doDeleteDocuments","45","6","38","13","132","1237","12","1.2"
"63","incubating","org.apache.manifoldcf.crawler.jobs.HopCount","writeCachedDistance","148","4","16","17","121","1809","10","1.1"
"64","incubating","org.apache.manifoldcf.crawler.jobs.HopCount.DocumentHash","getNodeChildren","142","1","25","14","136","1871","7","1.2"
"65","incubating","org.apache.manifoldcf.crawler.jobs.JobManager","getNextCleanableDocuments","132","2","4","29","176","2327","8","1.1"
"66","incubating","org.apache.manifoldcf.crawler.jobs.JobManager","getNextDeletableDocuments","137","2","4","27","171","2289","8","1.1"
"67","incubating","org.apache.manifoldcf.crawler.jobs.JobManager","getExpiredDocuments","139","2","19","28","179","2515","8","1.5"
"68","incubating","org.apache.manifoldcf.crawler.jobs.JobManager","getNextDocuments","103","6","40","14","141","1821","12","1.4"
"69","incubating","org.apache.manifoldcf.crawler.jobs.JobManager","fetchAndProcessDocuments","117","5","24","20","125","2403","11","1.3"
"70","incubating","org.apache.manifoldcf.crawler.jobs.JobManager","addDocuments","174","12","20","19","157","2733","18","1.9"
"71","incubating","org.apache.manifoldcf.crawler.jobs.JobManager","makeJobStatus","161","3","16","17","252","2561","9","1.4"
"72","incubating","org.apache.manifoldcf.crawler.jobs.JobManager","genDocumentStatus","61","5","50","177","161","2339","11","2.6"
"73","incubating","org.apache.manifoldcf.crawler.jobs.JobManager","genQueueStatus","53","6","41","104","137","1617","12","1.8"
"74","incubating","org.apache.manifoldcf.crawler.jobs.JobManager","addCriteria","85","6","19","19","111","1947","12","1.2"
"75","incubating","org.apache.manifoldcf.crawler.repository.RepositoryHistoryManager","maxActivityCountReport","40","7","35","14","142","1067","13","1.1"
"76","incubating","org.apache.manifoldcf.crawler.repository.RepositoryHistoryManager","maxByteCountReport","39","7","34","41","139","1227","13","1.3"
"77","incubating","org.apache.manifoldcf.crawler.system.ManifoldCF","executeReadCommand","438","3","2","29","196","4475","10","2.2"
"78","incubating","org.apache.manifoldcf.crawler.system.ManifoldCF","executeWriteCommand","174","4","2","21","108","1909","11","1.1"
"79","incubating","org.apache.manifoldcf.crawler.system.ManifoldCF","formatJobDescription","104","2","42","10","151","1479","8","1.2"
"80","incubating","org.apache.manifoldcf.crawler.system.StufferThread","run","185","0","2","21","164","2231","4","1.2"
"81","incubating","org.apache.manifoldcf.crawler.system.WorkerThread","run","463","0","2","40","227","6217","4","2.6"
"82","incubating","org.apache.manifoldcf.scriptengine.tests.ExpressionTest","basicIntOperations","78","0","76","7","181","1011","6","1.6"
"83","incubating","org.apache.manifoldcf.scriptengine.tests.ExpressionTest","basicFloatOperations","69","0","67","7","165","903","6","1.5"
"84","incubating","org.apache.manifoldcf.activedirectory_tests.NavigationDerbyUI","createConnectionsAndJob","54","0","52","6","114","789","6","1.2"
"85","incubating","org.apache.manifoldcf.alfresco_tests.APISanityIT","sanityCheck","140","0","1","11","360","1877","6","1.3"
"86","incubating","org.apache.manifoldcf.alfresco_tests.NavigationDerbyUI","createConnectionsAndJob","152","0","150","6","347","2325","6","2.3"
"87","incubating","org.apache.manifoldcf.cmis_tests.APISanityIT","sanityCheck","144","0","1","11","376","1971","6","1.3"
"88","incubating","org.apache.manifoldcf.cmis_tests.NavigationDerbyUI","createConnectionsAndJob","172","0","170","6","383","2593","6","2.6"
"89","incubating","org.apache.manifoldcf.elasticsearch_tests.APISanityDerbyIT","sanityCheck","158","0","1","11","424","2169","6","1.5"
"90","incubating","org.apache.manifoldcf.elasticsearch_tests.NavigationDerbyUI","createConnectionsAndJob","185","0","183","6","416","2805","6","2.7"
"91","incubating","org.apache.manifoldcf.filesystem_tests.APISanityTester","executeTest","123","0","111","9","330","1781","5","2.1"
"92","incubating","org.apache.manifoldcf.filesystem_tests.BigCrawlTester","executeTest","50","0","48","9","152","763","5","1.1"
"93","incubating","org.apache.manifoldcf.filesystem_tests.ExpirationTester","executeTest","65","0","59","9","191","953","5","1.4"
"94","incubating","org.apache.manifoldcf.filesystem_tests.HopcountTester","executeTest","55","0","53","9","173","833","5","1.3"
"95","incubating","org.apache.manifoldcf.filesystem_tests.NavigationDerbyUI","createConnectionsAndJob","143","0","141","6","315","2151","6","2.3"
"96","incubating","org.apache.manifoldcf.filesystem_tests.SanityTester","executeTest","67","0","65","9","212","1103","5","1.7"
"97","incubating","org.apache.manifoldcf.gts_tests.NavigationDerbyUI","createConnectionsAndJob","126","0","124","6","272","1875","6","2"
"98","incubating","org.apache.manifoldcf.jcifs_tests.NavigationDerbyUI","createConnectionsAndJob","144","0","142","6","314","2155","6","2.3"
"99","incubating","org.apache.manifoldcf.jdbc_tests.NavigationDerbyUI","createConnectionsAndJob","134","0","132","6","290","1995","6","2.2"
"100","incubating","org.apache.manifoldcf.opensearchserver_tests.NavigationDerbyUI","createConnectionsAndJob","122","0","120","6","263","1813","6","2"
"101","incubating","org.apache.manifoldcf.rss_tests.NavigationDerbyUI","createConnectionsAndJob","181","0","179","6","401","2723","6","2.6"
"102","incubating","org.apache.manifoldcf.solr_tests.NavigationDerbyUI","createConnectionsAndJob","142","0","140","6","308","2123","6","2.3"
"103","incubating","org.apache.manifoldcf.webcrawler_tests.NavigationDerbyUI","createConnectionsAndJob","199","0","197","6","444","3033","6","2.8"
"104","incubating","org.apache.manifoldcf.wiki_tests.NavigationDerbyUI","createConnectionsAndJob","152","0","150","6","337","2299","6","2.3"
