"id","projectName","className","methodName","mloc","nop","nos","treeDepth","treeWidth","nodeSum","maxChildren","possibility"
"1","pig","org.apache.hadoop.zebra.tfile.TFileDumper","dumpInfo","158","3","7","15","228","2817","10","1.2"
"2","pig","org.apache.hadoop.zebra.io.TestBasicTableSplits","setUpOnce","96","0","88","9","276","1309","7","1.3"
"3","pig","org.apache.hadoop.zebra.io.TestCollection","setUpOnce","188","0","150","9","473","2217","7","2.4"
"4","pig","org.apache.hadoop.zebra.io.TestColumnGroupSplits","setUpOnce","83","0","79","8","255","1173","8","1.3"
"5","pig","org.apache.hadoop.zebra.io.TestMapOfRecord","setUpOnce","134","0","114","9","403","1897","7","1.9"
"6","pig","org.apache.hadoop.zebra.io.TestMapSplitSchemaStorageColumnOutOfOrder","setUpOnce","94","0","92","8","321","1369","7","1.5"
"7","pig","org.apache.hadoop.zebra.io.TestMixedType1","setUpOnce","151","0","131","9","437","1989","7","2.2"
"8","pig","org.apache.hadoop.zebra.io.TestSchema","testRecord","139","0","119","12","380","2169","7","2"
"9","pig","org.apache.hadoop.zebra.io.TestSchema","testMap","92","0","90","11","296","1569","7","1.4"
"10","pig","org.apache.hadoop.zebra.io.TestSortedBasicTableSplits","setUpOnce","96","0","88","9","276","1313","7","1.3"
"11","pig","org.apache.hadoop.zebra.io.TestWrite","setUpOnce","151","0","131","9","437","1989","7","2.2"
"12","pig","org.apache.hadoop.zebra.pig.TestBasicUnion","setUp","155","0","53","18","170","2001","7","1.2"
"13","pig","org.apache.hadoop.zebra.pig.TestMapType","setUp","128","0","108","9","381","1799","7","1.9"
"14","pig","org.apache.hadoop.zebra.pig.TestMapTypePrune","setUp","128","0","108","9","381","1799","7","1.9"
"15","pig","org.apache.hadoop.zebra.pig.TestMixedType1","setUpOnce","146","0","126","9","418","1901","8","2"
"16","pig","org.apache.hadoop.zebra.pig.TestOrderPreserveProjection","setUp","56","0","54","9","247","1513","7","1.1"
"17","pig","org.apache.hadoop.zebra.pig.TestOrderPreserveProjection","test_sorted_table_union_08","60","0","58","9","593","1661","7","1.6"
"18","pig","org.apache.hadoop.zebra.pig.TestOrderPreserveProjectionNegative","setUp","65","0","63","9","247","1643","7","1.2"
"19","pig","org.apache.hadoop.zebra.pig.TestUnionMixedTypes","setUpOnce","130","0","122","9","395","1673","7","2"
"20","pig","org.apache.hadoop.zebra.types.TestStorageGrammar","setUpOnce","171","0","141","9","474","2277","8","2.4"
"21","pig","org.apache.hadoop.zebra.types.TestZebraTupleTostring","testCollection","112","0","74","9","238","1251","7","1.1"
"22","pig","org.apache.tools.bzip2r.CBZip2OutputStream","sendMTFValues","261","0","33","16","175","2617","5","1.5"
"23","pig","org.apache.pig.backend.hadoop.executionengine.mapReduceLayer.JobControlCompiler","getJob","261","3","15","17","274","3431","10","1.6"
"24","pig","org.apache.pig.backend.hadoop.executionengine.mapReduceLayer.MapReduceLauncher","launchPig","200","3","33","18","139","2313","15","1.3"
"25","pig","org.apache.pig.backend.hadoop.executionengine.mapReduceLayer.MRCompiler","visitMergeJoin","174","1","1","19","250","2415","8","1.3"
"26","pig","org.apache.pig.backend.hadoop.executionengine.mapReduceLayer.MRCompiler","getSamplingJob","207","10","88","13","288","2803","18","1.9"
"27","pig","org.apache.pig.impl.logicalLayer.LOForEach","getSchema","247","0","4","25","127","3061","6","1.5"
"28","pig","org.apache.pig.impl.logicalLayer.optimizer.PruneColumns","processNode","215","2","1","24","188","3307","7","1.5"
"29","pig","org.apache.pig.Main","run","354","2","6","16","328","3799","6","2.1"
"30","pig","org.apache.pig.newplan.logical.rules.LogicalExpressionSimplifier.LogicalExpressionSimplifierTransformer","handleComparison","270","6","5","56","41","3211","11","1.5"
"31","pig","org.apache.pig.test.TestAdd","testOperator","192","0","3","10","392","2369","6","1.4"
"32","pig","org.apache.pig.test.TestBuiltin","testStringFuncs","137","0","135","7","375","1881","6","2"
"33","pig","org.apache.pig.test.TestBuiltin","testStatsFunc","98","0","96","6","290","1423","6","1.4"
"34","pig","org.apache.pig.test.TestBuiltin","testMiscFunc","81","0","66","9","217","1363","6","1.1"
"35","pig","org.apache.pig.test.TestDataBag","testInternalSortedBag","96","0","57","10","199","1603","5","1.1"
"36","pig","org.apache.pig.test.TestDivide","testOperator","208","0","3","10","436","2585","6","1.7"
"37","pig","org.apache.pig.test.TestFilterSimplification","test1","343","0","341","9","749","4335","6","3.6"
"38","pig","org.apache.pig.test.TestLogicalPlanMigrationVisitor","testCoGroup4","84","0","82","10","251","2207","5","1.5"
"39","pig","org.apache.pig.test.TestMod","testOperator","190","0","3","10","386","2313","6","1.4"
"40","pig","org.apache.pig.test.TestMRCompiler","testRun1","83","0","77","7","254","1029","6","1.3"
"41","pig","org.apache.pig.test.TestMultiply","testOperator","192","0","3","10","392","2369","6","1.4"
"42","pig","org.apache.pig.test.TestNewPlanColumnPrune","testPrune","144","0","142","9","350","1725","5","2"
"43","pig","org.apache.pig.test.TestNewPlanFilterRule","testFilterRuleWith2And","83","0","81","8","233","1457","6","1.2"
"44","pig","org.apache.pig.test.TestNewPlanLogicalOptimizer","testFilterPushDown","128","0","8","9","379","2531","6","1.4"
"45","pig","org.apache.pig.test.TestNewPlanLogToPhyTranslationVisitor","testMultiStore","109","0","107","11","319","2407","5","1.8"
"46","pig","org.apache.pig.test.TestNewPlanOperatorPlan","testOperatorPlan","89","0","79","8","233","1301","6","1.2"
"47","pig","org.apache.pig.test.TestNull","test","140","1","13","8","266","2255","7","1.1"
"48","pig","org.apache.pig.test.TestPOCast","testIntegerToOther","150","0","25","12","259","1969","6","1.1"
"49","pig","org.apache.pig.test.TestPOCast","testLongToOther","138","0","25","12","259","1963","6","1.1"
"50","pig","org.apache.pig.test.TestPOCast","testFloatToOther","146","0","26","13","273","2081","6","1.2"
"51","pig","org.apache.pig.test.TestPOCast","testDoubleToOther","138","0","25","12","259","1963","6","1.1"
"52","pig","org.apache.pig.test.TestPOCast","testStringToOther","142","0","24","10","245","1803","6","1.1"
"53","pig","org.apache.pig.test.TestPOCast","testByteArrayToOther","128","0","21","11","269","1935","6","1.1"
"54","pig","org.apache.pig.test.TestPOCogroup","testCogroup2Inputs","82","0","76","9","234","1369","5","1.2"
"55","pig","org.apache.pig.test.TestProjectionMap","testQueryImplicitJoinWithSchema","87","0","85","8","203","1875","5","1.3"
"56","pig","org.apache.pig.test.TestSubtract","testOperator","192","0","3","10","392","2369","6","1.4"
"57","pig","org.apache.pig.test.TestTypeCheckingValidator","testCOGroupWithInnerPlan1GroupByTuple1","102","0","86","8","278","1645","6","1.4"
"58","pig","org.apache.pig.test.TestTypeCheckingValidator","testCOGroupWithInnerPlan1GroupByAtom1","81","0","65","8","211","1289","6","1.1"
"59","pig","org.apache.pig.test.TestTypeCheckingValidatorNoSchema","testCOGroupByTuple1","83","0","77","8","249","1281","6","1.3"
