"id","projectName","className","wmc","possibility"
"1","pig","org.apache.tools.bzip2r.CBZip2InputStream","162","1.12"
"2","pig","org.apache.tools.bzip2r.CBZip2OutputStream","263","1.32"
"3","pig","org.apache.pig.backend.hadoop.executionengine.mapReduceLayer.MRCompiler","323","1.32"
"4","pig","org.apache.pig.backend.hadoop.executionengine.mapReduceLayer.MultiQueryOptimizer","172","1.12"
"5","pig","org.apache.pig.backend.hadoop.executionengine.physicalLayer.expressionOperators.POCast","228","1"
"6","pig","org.apache.pig.backend.hadoop.executionengine.physicalLayer.LogToPhyTranslationVisitor","226","1"
"7","pig","org.apache.pig.data.BinInterSedes.BinInterSedesTupleRawComparator","173","1.12"
"8","pig","org.apache.pig.data.DataType","277","1"
"9","pig","org.apache.pig.impl.logicalLayer.optimizer.PruneColumns","171","1.12"
"10","pig","org.apache.pig.impl.logicalLayer.schema.Schema","221","1.32"
"11","pig","org.apache.pig.impl.logicalLayer.validators.TypeCheckingVisitor","515","1.32"
"12","pig","org.apache.pig.impl.plan.OperatorPlan","245","1.32"
"13","pig","org.apache.pig.newplan.logical.relational.LogToPhyTranslationVisitor","149","1.02"
"14","pig","org.apache.pig.newplan.logical.rules.LogicalExpressionSimplifier.LogicalExpressionSimplifierTransformer","391","1.32"
"15","pig","org.apache.pig.PigServer","162","1.12"
"16","pig","org.apache.pig.tools.grunt.GruntParser","152","1.02"
"17","pig","org.apache.pig.test.TestLogicalPlanBuilder","218","1"
"18","pig","org.apache.pig.test.TestParamSubPreproc","244","1"
"19","pig","org.apache.pig.test.TestTypeCheckingValidator","366","1.32"
