"id","projectName","className","norm","nprotm","bur","possibility"
"1","xerces","org.apache.xerces.impl.dtd.XML11DTDValidator","3","45","0.75","1"
"2","xerces","org.apache.xerces.impl.dtd.XMLNSDTDValidator","2","45","1","1"
"3","xerces","org.apache.xerces.impl.XMLDocumentFragmentScannerImpl","6","42","0.193548","1"
"4","xerces","org.apache.xerces.impl.XMLDocumentScannerImpl","17","47","1.21429","1.1"
"5","xerces","org.apache.xerces.impl.XMLDTDScannerImpl","6","42","0.139535","1.35"
"6","xerces","org.apache.xerces.parsers.DOMBuilderImpl","3","52","0.2","1"
"7","xerces","org.apache.xerces.parsers.DOMParser","0","52","0","1"
"8","xerces","org.apache.xerces.parsers.StandardParserConfiguration","3","46","0.428571","1"
