"id","projectName","className","col","nof","nom","treeDepth","treeWidth","nodeSum","maxChildren","possibility"
"1","jedit","com.microstar.xml.XmlParser","2908","92","117","24","2046","22801","213","5.6"
"2","jedit","installer.CBZip2OutputStream","1319","41","34","21","803","12703","81","2.63"
"3","jedit","org.gjt.sp.jedit.browser.VFSBrowser","1194","39","53","18","947","12553","109","2.73"
"4","jedit","org.gjt.sp.jedit.bsh.org.objectweb.asm.CodeWriter","1121","27","31","19","659","10785","63","2"
"5","jedit","org.gjt.sp.jedit.bsh.Parser","5932","11","351","35","2917","38967","368","5.2"
"6","jedit","org.gjt.sp.jedit.bsh.ParserTokenManager","1726","25","50","23","1856","18047","78","3.53"
"7","jedit","org.gjt.sp.jedit.buffer.JEditBuffer","1625","24","117","18","979","14313","146","3.53"
"8","jedit","org.gjt.sp.jedit.Buffer","1290","35","85","19","721","11665","125","2.93"
"9","jedit","org.gjt.sp.jedit.GUIUtilities","1178","10","73","17","1210","12967","88","2.63"
"10","jedit","org.gjt.sp.jedit.jEdit","2545","31","143","38","1820","25423","181","5.23"
"11","jedit","org.gjt.sp.jedit.MiscUtilities","1060","8","69","15","968","11597","85","2.23"
"12","jedit","org.gjt.sp.jedit.textarea.TextArea","3899","62","255","18","2524","33895","329","6.13"
"13","jedit","org.gjt.sp.jedit.View","1344","49","85","19","988","13649","147","3.73"
