"id","projectName","className","col","nof","nom","treeDepth","treeWidth","nodeSum","maxChildren","possibility"
"1","qpid","org.apache.qpid.gentools.CppGenerator","1118","9","63","30","1168","16461","76","3.23"
"2","qpid","org.apache.qpid.gentools.JavaGenerator","1150","38","72","24","1340","18269","114","4"
"3","qpid","org.apache.qpid.server.store.berkeleydb.AbstractBDBMessageStore","1199","32","66","21","819","12889","105","3.33"
"4","qpid","org.apache.qpid.qmf.QMFService","1096","21","17","11","1443","10763","56","2.6"
"5","qpid","org.apache.qpid.server.queue.SimpleAMQQueue","1381","73","158","23","1090","12997","238","5.33"
"6","qpid","org.apache.qpid.server.store.derby.DerbyMessageStore","1625","73","72","23","904","16131","154","4.73"
"7","qpid","org.apache.qpid.server.configuration.ServerConfigurationTest","1189","2","88","9","2533","13583","93","3.53"
"8","qpid","org.apache.qpid.client.AMQSession","2191","56","191","23","1565","19459","262","5.93"
"9","qpid","org.apache.qpid.ra.QpidRASessionImpl","1172","9","63","14","669","8705","82","2.33"
"10","qpid","org.apache.qpid.test.unit.xa.TopicTest","1202","8","15","20","1089","11027","28","2.4"
