"id","projectName","className","methodName","mloc","nop","nos","treeDepth","treeWidth","nodeSum","maxChildren","possibility"
"1","xerces","dom.Counter","main","140","1","10","15","126","1279","7","1.2"
"2","xerces","dom.traversal.IteratorView","IteratorView","113","1","2","14","248","1603","5","1.4"
"3","xerces","dom.traversal.TreeWalkerView","TreeWalkerView","143","1","2","14","338","2041","5","1.8"
"4","xerces","dom.traversal.TreeWalkerView","actionPerformed","133","1","11","14","172","1301","5","1.3"
"5","xerces","sax.Counter","main","191","1","14","17","150","1637","7","1.6"
"6","xerces","sax.Counter","printUsage","59","0","54","5","157","819","6","1.5"
"7","xerces","sax.Writer","main","136","1","9","17","88","1093","7","1.1"
"8","xerces","ui.DefaultImages","createOpenFolderImage","4","0","2","7","1820","5509","5","2"
"9","xerces","ui.DefaultImages","createClosedFolderImage","4","0","2","7","1790","5419","5","2"
"10","xerces","ui.DefaultImages","createLeafImage","4","0","2","7","1752","5305","5","2"
"11","xerces","ui.TreeView","createUI","68","1","30","14","82","921","5","1.1"
"12","xerces","xni.Counter","main","167","1","13","15","131","1505","7","1.4"
"13","xerces","xni.Counter","printUsage","55","0","50","5","145","757","6","1.4"
"14","xerces","xni.XMLGrammarBuilder","main","153","1","28","14","108","1407","7","1.4"
"15","xerces","org.apache.html.dom.HTMLDocumentImpl","populateElementTypes","70","0","65","6","194","683","7","1.8"
"16","xerces","org.apache.xerces.dom.CoreDocumentImpl","importNode","164","4","7","14","124","1513","10","1.3"
"17","xerces","org.apache.xerces.dom.DeferredDocumentImpl","print","203","0","2","15","174","1759","5","1.5"
"18","xerces","org.apache.xerces.dom.DocumentImpl","dispatchEvent","92","2","16","19","80","1239","7","1.1"
"19","xerces","org.apache.xerces.dom.DOMConfigurationImpl","setParameter","141","2","1","23","87","1707","8","1.2"
"20","xerces","org.apache.xerces.dom.DOMNormalizer","normalizeNode","188","1","3","19","187","1939","6","1.6"
"21","xerces","org.apache.xerces.dom.DOMNormalizer","namespaceFixUp","160","2","7","21","88","1627","7","1.3"
"22","xerces","org.apache.xerces.dom.NodeImpl","compareDocumentPosition","131","1","24","14","112","1305","7","1.2"
"23","xerces","org.apache.xerces.impl.dtd.DTDGrammar","attributeDecl","92","8","19","15","69","983","14","1.1"
"24","xerces","org.apache.xerces.impl.dtd.models.DFAContentModel","buildDFA","110","1","35","15","105","1387","6","1.4"
"25","xerces","org.apache.xerces.impl.dtd.XMLDTDProcessor","attributeDecl","112","8","4","19","65","1265","14","1.1"
"26","xerces","org.apache.xerces.impl.dtd.XMLDTDValidator","addDTDDefaultAttrsAndValidate","128","3","5","17","88","1609","9","1.1"
"27","xerces","org.apache.xerces.impl.dv.util.Base64","encode","100","1","19","15","120","1757","7","1.4"
"28","xerces","org.apache.xerces.impl.dv.xs.BaseDVFactory","createBuiltInTypes","101","1","99","8","332","2053","5","2.7"
"29","xerces","org.apache.xerces.impl.dv.xs.FullDVFactory","createBuiltInTypes","76","1","74","8","249","1569","5","2.3"
"30","xerces","org.apache.xerces.impl.dv.xs.SchemaDVFactoryImpl","createBuiltInTypes","170","0","168","8","566","3515","4","3.5"
"31","xerces","org.apache.xerces.impl.dv.xs.XSSimpleTypeDecl","applyFacets","416","5","39","17","338","5339","10","3.6"
"32","xerces","org.apache.xerces.impl.io.UTF8Reader","read","236","3","8","15","148","2221","9","1.8"
"33","xerces","org.apache.xerces.impl.XML11DocumentScannerImpl","scanAttributeValue","176","6","14","29","65","1571","13","1.5"
"34","xerces","org.apache.xerces.impl.XMLDTDScannerImpl","scanEntityDecl","128","0","22","14","79","1117","8","1.1"
"35","xerces","org.apache.xerces.impl.XMLEntityManager","setupCurrentEntity","120","4","16","19","69","1399","11","1.2"
"36","xerces","org.apache.xerces.impl.XMLEntityScanner","scanData","151","2","6","16","89","1549","8","1.2"
"37","xerces","org.apache.xerces.impl.XMLScanner","scanAttributeValue","176","6","14","29","61","1553","13","1.5"
"38","xerces","org.apache.xerces.impl.xpath.regex.RegularExpression","compile","141","3","3","13","151","1673","8","1.2"
"39","xerces","org.apache.xerces.impl.xpath.regex.RegularExpression","matches","128","4","13","18","93","1483","9","1.3"
"40","xerces","org.apache.xerces.impl.xpath.regex.RegularExpression","matchCharArray","346","5","2","18","305","4193","10","2.9"
"41","xerces","org.apache.xerces.impl.xpath.regex.RegularExpression","matches","135","4","13","18","96","1561","9","1.5"
"42","xerces","org.apache.xerces.impl.xpath.regex.RegularExpression","matchString","346","5","2","18","305","4233","10","2.9"
"43","xerces","org.apache.xerces.impl.xpath.regex.RegularExpression","matches","128","2","15","18","93","1493","7","1.2"
"44","xerces","org.apache.xerces.impl.xpath.regex.RegularExpression","matchCharacterIterator","346","5","2","18","305","4233","10","2.9"
"45","xerces","org.apache.xerces.impl.xpath.regex.Token","getRange","206","2","3","17","390","2567","7","2.4"
"46","xerces","org.apache.xerces.impl.xpath.XPath","parseExpression","215","1","17","22","187","2441","7","2"
"47","xerces","org.apache.xerces.impl.xpath.XPath.Tokens","Tokens","56","1","52","8","208","1005","4","1.7"
"48","xerces","org.apache.xerces.impl.xpath.XPath.Tokens","dumpTokens","176","0","2","11","202","1515","4","1.4"
"49","xerces","org.apache.xerces.impl.xpath.XPath.Scanner","scanExpr","495","5","7","25","316","3771","11","3.1"
"50","xerces","org.apache.xerces.impl.xs.identity.XPathMatcher","startElement","153","3","2","24","94","1679","9","1.2"
"51","xerces","org.apache.xerces.impl.xs.models.XSDFACM","buildDFA","111","1","38","15","104","1423","6","1.5"
"52","xerces","org.apache.xerces.impl.xs.traversers.XSAttributeChecker","checkAttributes","124","4","23","17","90","1573","9","1.5"
"53","xerces","org.apache.xerces.impl.xs.traversers.XSAttributeChecker","validate","222","5","7","18","158","2445","10","2"
"54","xerces","org.apache.xerces.impl.xs.traversers.XSDAbstractTraverser","traverseFacets","167","3","17","21","107","1975","6","1.6"
"55","xerces","org.apache.xerces.impl.xs.traversers.XSDAttributeTraverser","traverseNamedAttr","112","6","34","11","109","1327","10","1.5"
"56","xerces","org.apache.xerces.impl.xs.traversers.XSDComplexTypeTraverser","traverseSimpleContent","130","3","26","13","136","1721","8","1.5"
"57","xerces","org.apache.xerces.impl.xs.traversers.XSDComplexTypeTraverser","traverseComplexContent","101","4","28","19","100","1523","9","1.5"
"58","xerces","org.apache.xerces.impl.xs.traversers.XSDElementTraverser","traverseNamedElement","149","6","40","16","146","2063","10","2.1"
"59","xerces","org.apache.xerces.impl.xs.traversers.XSDHandler","constructTrees","140","3","18","15","120","1763","7","1.4"
"60","xerces","org.apache.xerces.impl.xs.traversers.XSDHandler","getGlobalDecl","124","4","24","12","126","1369","8","1.4"
"61","xerces","org.apache.xerces.impl.xs.traversers.XSDSimpleTypeTraverser","traverseSimpleTypeDecl","165","4","34","17","132","2027","8","2"
"62","xerces","org.apache.xerces.impl.xs.XMLSchemaValidator","reset","130","1","47","10","135","1047","6","1.6"
"63","xerces","org.apache.xerces.impl.xs.XMLSchemaValidator","handleStartElement","212","3","50","16","177","2101","7","2.5"
"64","xerces","org.apache.xerces.impl.xs.XSConstraints","fullSchemaChecking","93","4","13","20","55","1365","10","1.1"
"65","xerces","org.apache.xerces.impl.xs.XSConstraints","particleValidRestriction","215","5","16","13","217","2001","11","2"
"66","xerces","org.apache.xerces.parsers.DTDConfiguration","DTDConfiguration","73","3","33","10","90","659","7","1.1"
"67","xerces","org.apache.xerces.util.URI","initialize","119","2","13","15","107","1257","8","1.1"
"68","xerces","org.apache.xml.serialize.BaseMarkupSerializer","serializeNode","232","1","2","17","104","1653","7","1.5"
"69","xerces","org.apache.xml.serialize.HTMLSerializer","serializeElement","100","1","20","16","57","945","7","1.1"
"70","xerces","org.apache.xml.serialize.XMLSerializer","startElement","102","4","8","17","82","1193","9","1.1"
"71","xerces","org.apache.xml.serialize.XMLSerializer","serializeElement","280","1","21","21","124","2723","7","2.3"
