"id","projectName","className","wmc","possibility"
"1","incubating","org.apache.manifoldcf.crawler.connectors.DCTM.DCTM","472","1"
"2","incubating","org.apache.manifoldcf.crawler.connectors.filenet.FilenetConnector","517","1"
"3","incubating","org.apache.manifoldcf.crawler.connectors.sharedrive.SharedDriveConnector","678","1.32"
"4","incubating","org.apache.manifoldcf.crawler.connectors.livelink.LivelinkConnector","744","1.32"
"5","incubating","org.apache.manifoldcf.crawler.connectors.meridio.MeridioConnector","573","1"
"6","incubating","org.apache.manifoldcf.crawler.connectors.rss.RSSConnector","539","1"
"7","incubating","org.apache.manifoldcf.crawler.connectors.sharepoint.SharePointRepository","662","1.32"
"8","incubating","org.apache.manifoldcf.crawler.connectors.webcrawler.WebcrawlerConnector","824","1.32"
"9","incubating","org.apache.manifoldcf.crawler.jobs.JobManager","841","1"
"10","incubating","org.apache.manifoldcf.crawler.system.ManifoldCF","505","1"
"11","incubating","org.apache.manifoldcf.scriptengine.ScriptParser","435","1.32"
