"id","projectName","className","methodName","mloc","nop","nos","treeDepth","treeWidth","nodeSum","maxChildren","possibility"
"1","elasticsearch","org.elasticsearch.action.ActionModule","configure","58","0","45","12","158","1133","5","1.6"
"2","elasticsearch","org.elasticsearch.action.admin.cluster.health.TransportClusterHealthAction","masterOperation","116","2","9","22","49","1155","8","1.1"
"3","elasticsearch","org.elasticsearch.action.admin.indices.analyze.TransportAnalyzeAction","shardOperation","125","2","13","17","76","1305","8","1.4"
"4","elasticsearch","org.elasticsearch.action.admin.indices.status.IndicesStatusResponse","toXContent","146","3","4","18","257","2209","8","2.1"
"5","elasticsearch","org.elasticsearch.action.admin.indices.status.TransportIndicesStatusAction","shardOperation","108","1","9","11","113","1203","7","1.2"
"6","elasticsearch","org.elasticsearch.action.bulk.BulkRequest","add","107","6","4","26","69","1315","12","1.1"
"7","elasticsearch","org.elasticsearch.action.bulk.TransportBulkAction","executeBulk","107","3","10","23","74","1625","7","1.3"
"8","elasticsearch","org.elasticsearch.action.bulk.TransportShardBulkAction","shardOperationOnPrimary","99","2","10","18","105","1669","7","1.4"
"9","elasticsearch","org.elasticsearch.action.mlt.MoreLikeThisRequest","readFrom","75","1","28","10","74","737","7","1.1"
"10","elasticsearch","org.elasticsearch.action.mlt.TransportMoreLikeThisAction","doExecute","90","2","8","21","71","1177","7","1.1"
"11","elasticsearch","org.elasticsearch.action.support.master.TransportMasterNodeOperationAction","innerExecute","130","3","3","23","58","1221","7","1.1"
"12","elasticsearch","org.elasticsearch.action.update.TransportUpdateAction","shardOperation","108","3","21","24","96","1751","8","1.6"
"13","elasticsearch","org.elasticsearch.cluster.metadata.MetaData","MetaData","100","5","33","13","141","1583","7","1.8"
"14","elasticsearch","org.elasticsearch.cluster.metadata.MetaDataCreateIndexService","createIndex","177","2","7","24","171","2305","6","2.2"
"15","elasticsearch","org.elasticsearch.cluster.metadata.MetaDataMappingService","putMapping","137","2","2","22","105","1641","6","1.4"
"16","elasticsearch","org.elasticsearch.cluster.service.InternalClusterService","submitStateUpdateTask","120","2","2","22","91","1373","6","1.1"
"17","elasticsearch","org.elasticsearch.common.compress.bzip2.CBZip2InputStream","getAndMoveToFrontDecode","160","0","31","19","95","1669","5","1.9"
"18","elasticsearch","org.elasticsearch.common.compress.bzip2.CBZip2OutputStream","hbMakeCodeLengths","111","4","5","18","107","1329","10","1.2"
"19","elasticsearch","org.elasticsearch.common.compress.bzip2.CBZip2OutputStream","hbMakeCodeLengths","108","5","5","17","107","1311","10","1.2"
"20","elasticsearch","org.elasticsearch.common.compress.bzip2.CBZip2OutputStream","sendMTFValues1","84","2","17","17","71","1127","6","1.1"
"21","elasticsearch","org.elasticsearch.common.compress.bzip2.CBZip2OutputStream","mainSimpleSort","181","4","15","47","45","1699","9","1.8"
"22","elasticsearch","org.elasticsearch.common.compress.bzip2.CBZip2OutputStream","mainSort","105","0","24","15","107","1643","4","1.5"
"23","elasticsearch","org.elasticsearch.common.compress.bzip2.CBZip2OutputStream","generateMTFValues","94","0","22","17","80","875","4","1.2"
"24","elasticsearch","org.elasticsearch.common.compress.lzf.impl.VanillaChunkDecoder","decodeChunk","136","5","2","12","184","1711","12","1.5"
"25","elasticsearch","org.elasticsearch.common.inject.BindingProcessor","visit","102","1","9","21","152","1489","7","1.5"
"26","elasticsearch","org.elasticsearch.common.joda.DateMathParser","parseMath","146","3","3","14","80","959","8","1.1"
"27","elasticsearch","org.elasticsearch.common.joda.Joda","forPattern","141","1","3","53","23","1617","7","1.3"
"28","elasticsearch","org.elasticsearch.gateway.blobstore.BlobReuseExistingGatewayAllocator","allocateUnassigned","139","1","8","22","55","1347","6","1.2"
"29","elasticsearch","org.elasticsearch.gateway.local.LocalGatewayAllocator","allocateUnassigned","209","1","9","21","131","2119","6","2"
"30","elasticsearch","org.elasticsearch.http.netty.NettyHttpChannel","sendResponse","90","1","19","14","78","1121","6","1.1"
"31","elasticsearch","org.elasticsearch.index.analysis.AnalysisModule","configure","191","0","25","16","202","2553","5","2.6"
"32","elasticsearch","org.elasticsearch.index.analysis.AnalysisService","AnalysisService","153","7","25","15","179","2293","11","2.2"
"33","elasticsearch","org.elasticsearch.index.analysis.StemmerTokenFilterFactory","create","138","1","2","51","19","1297","6","1.2"
"34","elasticsearch","org.elasticsearch.index.gateway.blobstore.BlobStoreIndexShardGateway","doSnapshot","173","1","39","16","135","1813","6","2.4"
"35","elasticsearch","org.elasticsearch.index.gateway.local.LocalIndexShardGateway","recover","103","2","26","14","87","1129","8","1.3"
"36","elasticsearch","org.elasticsearch.index.get.ShardGetService","innerGet","216","4","6","26","99","2449","9","1.9"
"37","elasticsearch","org.elasticsearch.index.mapper.internal.SourceFieldMapper","parseCreateField","105","1","9","16","58","1171","7","1.1"
"38","elasticsearch","org.elasticsearch.index.mapper.object.ObjectMapper","serializeValue","177","3","11","22","104","1805","8","1.8"
"39","elasticsearch","org.elasticsearch.index.query.CustomFiltersScoreQueryParser","parse","125","1","19","24","63","1353","8","1.4"
"40","elasticsearch","org.elasticsearch.index.query.FieldQueryParser","parse","114","1","17","30","59","1303","8","1.2"
"41","elasticsearch","org.elasticsearch.index.query.FuzzyLikeThisFieldQueryParser","parse","76","1","27","19","78","843","8","1.2"
"42","elasticsearch","org.elasticsearch.index.query.GeoBoundingBoxFilterParser","parse","157","1","27","28","70","1727","8","1.8"
"43","elasticsearch","org.elasticsearch.index.query.GeoDistanceFilterParser","parse","149","1","32","29","78","1743","8","2"
"44","elasticsearch","org.elasticsearch.index.query.GeoDistanceRangeFilterParser","parse","219","1","38","36","91","2359","8","2.7"
"45","elasticsearch","org.elasticsearch.index.query.GeoPolygonFilterParser","parse","131","1","23","33","60","1511","8","1.6"
"46","elasticsearch","org.elasticsearch.index.query.MoreLikeThisFieldQueryParser","parse","85","1","20","22","60","993","8","1.1"
"47","elasticsearch","org.elasticsearch.index.query.NestedFilterParser","parse","101","1","13","22","67","1055","8","1.2"
"48","elasticsearch","org.elasticsearch.index.query.NumericRangeFilterParser","parse","90","1","21","23","52","951","8","1.1"
"49","elasticsearch","org.elasticsearch.index.query.QueryStringQueryParser","parse","171","1","16","30","63","1943","8","1.7"
"50","elasticsearch","org.elasticsearch.index.query.RangeFilterParser","parse","94","1","21","23","53","927","8","1.1"
"51","elasticsearch","org.elasticsearch.index.query.TermsFilterParser","parse","160","1","17","19","73","1557","8","1.6"
"52","elasticsearch","org.elasticsearch.index.query.TextQueryParser","parse","103","1","27","26","79","1271","8","1.5"
"53","elasticsearch","org.elasticsearch.index.search.TextQueryParser","parse","236","1","23","20","132","2223","5","2.3"
"54","elasticsearch","org.elasticsearch.index.service.InternalIndexService","deleteShard","100","5","20","11","90","901","10","1.2"
"55","elasticsearch","org.elasticsearch.indices.analysis.IndicesAnalysisService","IndicesAnalysisService","417","1","82","15","451","4861","5","4"
"56","elasticsearch","org.elasticsearch.indices.query.IndicesQueriesRegistry","IndicesQueriesRegistry","63","2","61","6","185","925","6","2"
"57","elasticsearch","org.elasticsearch.indices.recovery.RecoverySource","recover","174","1","5","28","153","2741","5","2.1"
"58","elasticsearch","org.elasticsearch.monitor.jvm.JvmStats","jvmStats","58","0","19","16","83","1149","5","1.1"
"59","elasticsearch","org.elasticsearch.node.internal.InternalNode","InternalNode","38","2","34","8","105","653","6","1.1"
"60","elasticsearch","org.elasticsearch.node.internal.InternalNode","close","73","0","52","9","141","955","4","1.8"
"61","elasticsearch","org.elasticsearch.plugins.PluginManager","downloadAndExtract","162","1","13","25","82","1855","6","1.7"
"62","elasticsearch","org.elasticsearch.rest.action.admin.cluster.health.RestClusterHealthAction","handleRequest","128","2","5","23","76","1549","7","1.3"
"63","elasticsearch","org.elasticsearch.rest.action.admin.cluster.node.stats.RestNodesStatsAction","RestNodesStatsAction","52","3","50","6","227","1065","7","1.9"
"64","elasticsearch","org.elasticsearch.rest.action.admin.cluster.state.RestClusterStateAction","handleRequest","199","2","10","23","207","2603","7","2.5"
"65","elasticsearch","org.elasticsearch.rest.action.admin.indices.alias.RestIndicesAliasesAction","handleRequest","122","2","3","26","69","1245","7","1.2"
"66","elasticsearch","org.elasticsearch.rest.action.index.RestIndexAction","handleRequest","77","2","20","17","65","947","7","1.1"
"67","elasticsearch","org.elasticsearch.rest.action.RestActionModule","configure","53","0","49","7","99","815","5","1.4"
"68","elasticsearch","org.elasticsearch.rest.action.search.RestSearchAction","parseSearchSource","128","1","19","14","97","1213","5","1.4"
"69","elasticsearch","org.elasticsearch.search.builder.SearchSourceBuilder","toXContent","145","2","22","14","123","1211","8","1.6"
"70","elasticsearch","org.elasticsearch.search.controller.SearchPhaseController","sortDocs","124","1","16","20","76","1513","5","1.5"
"71","elasticsearch","org.elasticsearch.search.facet.datehistogram.DateHistogramFacetProcessor","parse","103","3","27","26","81","1185","9","1.5"
"72","elasticsearch","org.elasticsearch.search.facet.geodistance.GeoDistanceFacetProcessor","parse","132","3","22","24","66","1527","9","1.5"
"73","elasticsearch","org.elasticsearch.search.facet.histogram.HistogramFacetProcessor","parse","97","3","18","23","62","1079","9","1.1"
"74","elasticsearch","org.elasticsearch.search.facet.range.RangeFacetProcessor","parse","101","3","16","21","54","1125","9","1.1"
"75","elasticsearch","org.elasticsearch.search.facet.terms.TermsFacetProcessor","parse","152","3","23","23","80","1789","9","1.8"
"76","elasticsearch","org.elasticsearch.search.fetch.FetchPhase","execute","157","1","8","18","122","1657","5","1.6"
"77","elasticsearch","org.elasticsearch.search.highlight.HighlighterParseElement","parse","167","2","17","35","57","1933","8","1.7"
"78","elasticsearch","org.elasticsearch.search.highlight.HighlightPhase","hitExecute","212","2","6","20","157","2651","8","2.2"
"79","elasticsearch","org.elasticsearch.search.internal.InternalSearchHit","readFrom","144","2","16","19","108","1731","7","1.7"
"80","elasticsearch","org.elasticsearch.transport.netty.NettyTransport","doStart","105","0","31","16","88","1081","6","1.5"
"81","elasticsearch","org.elasticsearch.benchmark.search.child.ChildSearchBenchmark","main","105","1","32","17","122","1913","7","1.9"
"82","elasticsearch","org.elasticsearch.benchmark.search.facet.HistogramFacetSearchBenchmark","main","129","1","44","16","167","2295","7","2.5"
"83","elasticsearch","org.elasticsearch.benchmark.search.facet.QueryFilterFacetSearchBenchmark","main","69","1","22","14","83","1319","7","1.1"
"84","elasticsearch","org.elasticsearch.benchmark.search.facet.TermsFacetSearchBenchmark","main","89","1","32","15","116","1499","7","1.6"
"85","elasticsearch","org.elasticsearch.benchmark.search.geo.GeoDistanceSearchBenchmark","main","90","1","49","18","160","1817","7","2.2"
"86","elasticsearch","org.elasticsearch.benchmark.transport.netty.NettyEchoBenchmark","main","63","1","26","16","82","777","6","1.1"
"87","elasticsearch","org.elasticsearch.benchmark.transport.TransportBenchmark","main","100","1","29","25","93","1215","6","1.5"
"88","elasticsearch","org.elasticsearch.benchmark.trove.StringMapAdjustOrPutBenchmark","main","185","1","66","12","209","2325","6","3.1"
"89","elasticsearch","org.elasticsearch.test.integration.aliases.IndexAliasesTests","testSearchingFilteringAliasesSingleIndex","37","0","35","10","101","927","6","1.2"
"90","elasticsearch","org.elasticsearch.test.integration.aliases.IndexAliasesTests","testSearchingFilteringAliasesTwoIndices","55","0","53","10","146","1533","6","1.9"
"91","elasticsearch","org.elasticsearch.test.integration.aliases.IndexAliasesTests","testSearchingFilteringAliasesMultipleIndices","50","0","48","10","146","1595","6","1.8"
"92","elasticsearch","org.elasticsearch.test.integration.aliases.IndexAliasesTests","testDeletingByQueryFilteringAliases","52","0","50","10","127","1389","6","1.7"
"93","elasticsearch","org.elasticsearch.test.integration.aliases.IndexAliasesTests","testSameAlias","41","0","39","14","109","989","6","1.3"
"94","elasticsearch","org.elasticsearch.test.integration.broadcast.BroadcastActionsTests","testBroadcastOperations","51","0","22","11","100","1069","6","1.1"
"95","elasticsearch","org.elasticsearch.test.integration.cluster.MinimumMasterNodesTests","simpleMinimumMasterNodes","89","0","79","12","228","2065","6","2.6"
"96","elasticsearch","org.elasticsearch.test.integration.cluster.MinimumMasterNodesTests","multipleNodesShutdownNonMasterNodes","72","0","56","12","173","1409","6","2"
"97","elasticsearch","org.elasticsearch.test.integration.document.DocumentActionsTests","testIndexActions","127","0","66","12","255","2701","6","3.1"
"98","elasticsearch","org.elasticsearch.test.integration.document.DocumentActionsTests","testBulk","49","0","37","16","138","1351","6","1.7"
"99","elasticsearch","org.elasticsearch.test.integration.gateway.fs.AbstractSimpleIndexGatewayTests","testSnapshotOperations","116","0","114","12","304","2413","6","3.1"
"100","elasticsearch","org.elasticsearch.test.integration.gateway.fs.AbstractSimpleIndexGatewayTests","testLoad","61","1","36","17","108","1085","5","1.4"
"101","elasticsearch","org.elasticsearch.test.integration.gateway.local.LocalGatewayIndexStateTests","testSimpleOpenClose","93","0","81","12","222","2089","6","2.6"
"102","elasticsearch","org.elasticsearch.test.integration.gateway.local.QuorumLocalGatewayTests","testChangeInitialShardsRecovery","42","0","36","12","102","1003","6","1.2"
"103","elasticsearch","org.elasticsearch.test.integration.gateway.local.QuorumLocalGatewayTests","testQuorumRecovery","51","0","43","12","122","1179","6","1.6"
"104","elasticsearch","org.elasticsearch.test.integration.gateway.local.SimpleRecoveryLocalGatewayTests","testSingleNodeNoFlush","42","0","22","17","80","1201","6","1.1"
"105","elasticsearch","org.elasticsearch.test.integration.gateway.local.SimpleRecoveryLocalGatewayTests","testLatestVersionLoaded","48","0","40","22","113","1387","6","1.5"
"106","elasticsearch","org.elasticsearch.test.integration.gateway.local.SimpleRecoveryLocalGatewayTests","testReusePeerRecovery","61","0","45","14","136","1087","6","1.6"
"107","elasticsearch","org.elasticsearch.test.integration.get.GetActionTests","simpleGetTests","69","0","67","9","184","1517","5","2.2"
"108","elasticsearch","org.elasticsearch.test.integration.indexlifecycle.IndexLifecycleActionTests","testIndexLifecycleActionsWith11Shards1Backup","87","0","85","11","235","1803","6","2.6"
"109","elasticsearch","org.elasticsearch.test.integration.indexlifecycle.IndexLifecycleActionTests","testIndexLifecycleActionsWith11Shards0Backup","90","0","88","10","245","1881","6","2.6"
"110","elasticsearch","org.elasticsearch.test.integration.indices.settings.UpdateNumberOfReplicasTests","simpleUpdateNumberOfReplicasTests","62","0","48","12","152","1317","6","1.7"
"111","elasticsearch","org.elasticsearch.test.integration.indices.settings.UpdateNumberOfReplicasTests","testAutoExpandNumberOfReplicas0ToData","42","0","40","11","113","891","5","1.3"
"112","elasticsearch","org.elasticsearch.test.integration.indices.settings.UpdateNumberOfReplicasTests","testAutoExpandNumberReplicas1ToData","42","0","40","11","113","891","5","1.3"
"113","elasticsearch","org.elasticsearch.test.integration.indices.state.SimpleIndexStateTests","testSimpleOpenClose","41","0","34","12","93","907","5","1.1"
"114","elasticsearch","org.elasticsearch.test.integration.indices.stats.SimpleIndexStatsTests","simpleStats","57","0","55","15","178","1579","6","2.1"
"115","elasticsearch","org.elasticsearch.test.integration.nested.SimpleNestedTests","simpleNested","51","0","49","20","163","1699","6","2"
"116","elasticsearch","org.elasticsearch.test.integration.nested.SimpleNestedTests","multiNested","35","0","33","34","126","1385","6","1.5"
"117","elasticsearch","org.elasticsearch.test.integration.nested.SimpleNestedTests","testFacets","33","1","31","38","112","1377","6","1.5"
"118","elasticsearch","org.elasticsearch.test.integration.percolator.RecoveryPercolatorTests","testRestartNodePercolator2","38","0","36","13","95","1031","6","1.1"
"119","elasticsearch","org.elasticsearch.test.integration.recovery.RecoveryWhileUnderLoadTests","recoverWhileUnderLoadAllocateBackupsTest","73","0","34","23","109","1055","6","1.5"
"120","elasticsearch","org.elasticsearch.test.integration.recovery.RecoveryWhileUnderLoadTests","recoverWhileUnderLoadAllocateBackupsRelocatePrimariesTest","76","0","40","22","124","1067","6","1.6"
"121","elasticsearch","org.elasticsearch.test.integration.recovery.RecoveryWhileUnderLoadTests","recoverWhileUnderLoadWithNodeShutdown","88","0","52","22","157","1393","6","2"
"122","elasticsearch","org.elasticsearch.test.integration.recovery.SimpleRecoveryTests","testSimpleRecovery","57","0","33","12","118","1445","6","1.5"
"123","elasticsearch","org.elasticsearch.test.integration.routing.AliasResolveRoutingTests","testResolveSearchRouting","36","0","29","10","173","1345","6","1.4"
"124","elasticsearch","org.elasticsearch.test.integration.routing.AliasRoutingTests","testAliasCrudRouting","65","0","32","11","121","1397","6","1.4"
"125","elasticsearch","org.elasticsearch.test.integration.routing.AliasRoutingTests","testAliasSearchRouting","81","0","32","13","146","2111","6","1.9"
"126","elasticsearch","org.elasticsearch.test.integration.routing.SimpleRoutingTests","testSimpleCrudRouting","55","0","29","11","105","1127","6","1.2"
"127","elasticsearch","org.elasticsearch.test.integration.routing.SimpleRoutingTests","testSimpleSearchRouting","60","0","27","13","114","1347","5","1.3"
"128","elasticsearch","org.elasticsearch.test.integration.search.child.SimpleChildQuerySearchTests","simpleChildQuery","106","0","89","14","346","2937","6","3.4"
"129","elasticsearch","org.elasticsearch.test.integration.search.child.SimpleChildQuerySearchTests","simpleChildQueryWithFlush","72","0","65","14","232","2053","6","2.6"
"130","elasticsearch","org.elasticsearch.test.integration.search.child.SimpleChildQuerySearchTests","simpleChildQueryWithFlushAnd3Shards","72","0","65","14","232","2053","6","2.6"
"131","elasticsearch","org.elasticsearch.test.integration.search.child.SimpleChildQuerySearchTests","testDeletedParent","44","0","37","14","122","1197","6","1.4"
"132","elasticsearch","org.elasticsearch.test.integration.search.customscore.CustomScoreSearchTests","testCustomScriptBoost","50","0","48","13","158","1689","6","1.8"
"133","elasticsearch","org.elasticsearch.test.integration.search.customscore.CustomScoreSearchTests","testCustomFiltersScore","78","0","76","14","301","2683","6","3.1"
"134","elasticsearch","org.elasticsearch.test.integration.search.embedded.SingleShardEmbeddedSearchTests","testQueryThenFetchIterateWithFromSortedByAge","38","0","30","11","109","883","6","1.1"
"135","elasticsearch","org.elasticsearch.test.integration.search.embedded.ThreeShardsEmbeddedSearchTests","testDfsQueryThenFetch","52","0","25","12","108","1149","6","1.2"
"136","elasticsearch","org.elasticsearch.test.integration.search.embedded.ThreeShardsEmbeddedSearchTests","testDfsQueryThenFetchWithSort","69","0","35","12","139","1479","6","1.6"
"137","elasticsearch","org.elasticsearch.test.integration.search.embedded.ThreeShardsUnbalancedShardsEmbeddedSearchTests","testDfsQueryFetch","52","0","25","12","108","1133","6","1.2"
"138","elasticsearch","org.elasticsearch.test.integration.search.embedded.ThreeShardsUnbalancedShardsEmbeddedSearchTests","testDfsQueryFetchWithSort","69","0","35","12","139","1479","6","1.6"
"139","elasticsearch","org.elasticsearch.test.integration.search.facet.SimpleFacetsTests","testTermsFacets","206","1","8","31","730","6307","6","3.1"
"140","elasticsearch","org.elasticsearch.test.integration.search.facet.SimpleFacetsTests","testStatsFacets","64","0","8","14","189","1317","6","1.2"
"141","elasticsearch","org.elasticsearch.test.integration.search.facet.SimpleFacetsTests","testHistoFacets","197","0","10","26","724","5421","6","3"
"142","elasticsearch","org.elasticsearch.test.integration.search.facet.SimpleFacetsTests","testRangeFacets","121","0","10","20","473","3547","6","2.7"
"143","elasticsearch","org.elasticsearch.test.integration.search.facet.SimpleFacetsTests","testDateHistoFacets","73","0","10","17","228","1925","6","1.7"
"144","elasticsearch","org.elasticsearch.test.integration.search.facet.SimpleFacetsTests","testTermsStatsFacets","137","0","8","24","515","3973","6","2.7"
"145","elasticsearch","org.elasticsearch.test.integration.search.facet.SimpleFacetsTests","testNumericTermsStatsFacets","47","0","8","16","144","1231","6","1.1"
"146","elasticsearch","org.elasticsearch.test.integration.search.fields.SearchFieldsTests","testStoredFields","38","0","36","24","118","1269","6","1.4"
"147","elasticsearch","org.elasticsearch.test.integration.search.fields.SearchFieldsTests","testScriptDocAndFields","40","0","38","16","122","1525","6","1.6"
"148","elasticsearch","org.elasticsearch.test.integration.search.geo.GeoBoundingBoxTests","limitsBoundingBoxTest","53","0","47","16","143","1977","6","2"
"149","elasticsearch","org.elasticsearch.test.integration.search.geo.GeoDistanceFacetTests","simpleGeoFacetTests","72","0","66","16","258","2527","6","2.8"
"150","elasticsearch","org.elasticsearch.test.integration.search.geo.GeoDistanceTests","simpleDistanceTests","92","0","68","16","209","2829","6","2.9"
"151","elasticsearch","org.elasticsearch.test.integration.search.indicesboost.SimpleIndicesBoostSearchTests","testIndicesBoost","50","0","38","11","123","1285","6","1.5"
"152","elasticsearch","org.elasticsearch.test.integration.search.query.SimpleQueryTests","filterExistsMissingTests","48","0","42","10","177","1407","6","1.6"
"153","elasticsearch","org.elasticsearch.test.integration.search.sort.SimpleSortTests","testSimpleSorts","122","1","72","37","259","3709","6","3.4"
"154","elasticsearch","org.elasticsearch.test.integration.timestamp.SimpleTimestampTests","testSimpleTimestamp","35","0","33","15","80","987","6","1.1"
"155","elasticsearch","org.elasticsearch.test.integration.ttl.SimpleTTLTests","testSimpleTTL","59","0","55","20","132","1609","6","2"
"156","elasticsearch","org.elasticsearch.test.integration.update.UpdateTests","testUpdate","60","0","41","11","119","1357","6","1.5"
"157","elasticsearch","org.elasticsearch.test.integration.versioning.SimpleVersioningTests","testSimpleVersioning","73","0","24","11","90","1135","6","1.1"
"158","elasticsearch","org.elasticsearch.test.stress.indexing.ConcurrentIndexingVersioningTest","main","75","1","20","24","62","995","7","1.1"
"159","elasticsearch","org.elasticsearch.test.stress.manyindices.ManyNodesManyIndicesRecoveryStressTest","main","73","1","26","14","92","1033","7","1.2"
"160","elasticsearch","org.elasticsearch.test.stress.rollingrestart.RollingRestartStressTest","run","113","0","26","18","110","1625","5","1.7"
"161","elasticsearch","org.elasticsearch.test.stress.search1.Search1StressTest","run","82","0","33","11","117","901","5","1.4"
"162","elasticsearch","org.elasticsearch.test.unit.cluster.metadata.ToAndFromJsonMetaDataTests","testSimpleJsonFromAndTo","76","0","74","19","293","2225","6","2.9"
"163","elasticsearch","org.elasticsearch.test.unit.cluster.routing.allocation.AwarenessAllocationTests","moveShardOnceNewNodeWithAttributeAdded1","38","0","36","10","93","1003","5","1.1"
"164","elasticsearch","org.elasticsearch.test.unit.cluster.routing.allocation.AwarenessAllocationTests","moveShardOnceNewNodeWithAttributeAdded2","38","0","36","11","93","1023","5","1.1"
"165","elasticsearch","org.elasticsearch.test.unit.cluster.routing.allocation.AwarenessAllocationTests","moveShardOnceNewNodeWithAttributeAdded3","47","0","45","12","116","1237","5","1.5"
"166","elasticsearch","org.elasticsearch.test.unit.cluster.routing.allocation.AwarenessAllocationTests","moveShardOnceNewNodeWithAttributeAdded4","47","0","45","12","116","1281","5","1.5"
"167","elasticsearch","org.elasticsearch.test.unit.cluster.routing.allocation.AwarenessAllocationTests","moveShardOnceNewNodeWithAttributeAdded5","45","0","43","10","112","1191","5","1.5"
"168","elasticsearch","org.elasticsearch.test.unit.cluster.routing.allocation.AwarenessAllocationTests","moveShardOnceNewNodeWithAttributeAdded6","45","0","43","12","112","1231","5","1.5"
"169","elasticsearch","org.elasticsearch.test.unit.cluster.routing.allocation.AwarenessAllocationTests","fullAwareness1","37","0","35","11","92","979","5","1.1"
"170","elasticsearch","org.elasticsearch.test.unit.cluster.routing.allocation.AwarenessAllocationTests","fullAwareness2","37","0","35","11","92","999","5","1.1"
"171","elasticsearch","org.elasticsearch.test.unit.cluster.routing.allocation.AwarenessAllocationTests","fullAwareness3","43","0","41","13","106","1191","5","1.4"
"172","elasticsearch","org.elasticsearch.test.unit.cluster.routing.allocation.ClusterRebalanceRoutingTests","testAlways","61","0","35","11","146","1589","5","1.6"
"173","elasticsearch","org.elasticsearch.test.unit.cluster.routing.allocation.ClusterRebalanceRoutingTests","testClusterPrimariesActive1","77","0","43","11","183","1977","5","2.1"
"174","elasticsearch","org.elasticsearch.test.unit.cluster.routing.allocation.ClusterRebalanceRoutingTests","testClusterPrimariesActive2","60","0","34","11","141","1537","5","1.6"
"175","elasticsearch","org.elasticsearch.test.unit.cluster.routing.allocation.ClusterRebalanceRoutingTests","testClusterAllActive1","93","0","51","11","220","2365","5","2.5"
"176","elasticsearch","org.elasticsearch.test.unit.cluster.routing.allocation.ClusterRebalanceRoutingTests","testClusterAllActive2","60","0","34","11","141","1537","5","1.6"
"177","elasticsearch","org.elasticsearch.test.unit.cluster.routing.allocation.ClusterRebalanceRoutingTests","testClusterAllActive3","76","0","42","11","178","1925","5","2"
"178","elasticsearch","org.elasticsearch.test.unit.cluster.routing.allocation.ConcurrentRebalanceRoutingTests","testClusterConcurrentRebalance","79","0","59","16","167","1839","5","2.4"
"179","elasticsearch","org.elasticsearch.test.unit.cluster.routing.allocation.ElectReplicaAsPrimaryDuringRelocationTests","testElectReplicaAsPrimaryDuringRelocation","50","0","34","11","96","1005","5","1.2"
"180","elasticsearch","org.elasticsearch.test.unit.cluster.routing.allocation.FailedNodeRoutingTests","simpleFailedNodeTest","37","0","32","12","80","867","5","1.1"
"181","elasticsearch","org.elasticsearch.test.unit.cluster.routing.allocation.FailedNodeRoutingTests","simpleFailedNodeTestNoReassign","37","0","33","12","82","869","5","1.1"
"182","elasticsearch","org.elasticsearch.test.unit.cluster.routing.allocation.FailedShardsRoutingTests","failPrimaryStartedCheckReplicaElected","60","0","42","11","136","1577","5","1.7"
"183","elasticsearch","org.elasticsearch.test.unit.cluster.routing.allocation.FailedShardsRoutingTests","rebalanceFailure","72","0","54","11","160","1801","5","2"
"184","elasticsearch","org.elasticsearch.test.unit.cluster.routing.allocation.FilterRoutingTests","testIndexFilters","39","0","33","13","86","977","5","1.1"
"185","elasticsearch","org.elasticsearch.test.unit.cluster.routing.allocation.RebalanceAfterActiveTests","testRebalanceOnlyAfterAllShardsAreActive","73","0","51","16","148","1719","5","2.1"
"186","elasticsearch","org.elasticsearch.test.unit.cluster.routing.allocation.ReplicaAllocatedAfterPrimaryTests","testBackupIsAllocatedAfterPrimary","42","0","40","9","117","1201","5","1.4"
"187","elasticsearch","org.elasticsearch.test.unit.cluster.routing.allocation.ShardsLimitAllocationTests","indexLevelShardsLimitRemain","57","0","51","11","135","1415","5","1.8"
"188","elasticsearch","org.elasticsearch.test.unit.cluster.routing.allocation.ShardVersioningTests","simple","43","0","19","11","119","1225","5","1.1"
"189","elasticsearch","org.elasticsearch.test.unit.cluster.routing.allocation.SingleShardNoReplicasRoutingTests","testSingleIndexStartedShard","78","0","76","9","202","2001","5","2.5"
"190","elasticsearch","org.elasticsearch.test.unit.cluster.routing.allocation.SingleShardNoReplicasRoutingTests","testSingleIndexShardFailed","35","0","33","9","93","957","5","1.1"
"191","elasticsearch","org.elasticsearch.test.unit.cluster.routing.allocation.SingleShardNoReplicasRoutingTests","testMultiIndexEvenDistribution","94","0","43","13","163","2043","5","2.1"
"192","elasticsearch","org.elasticsearch.test.unit.cluster.routing.allocation.SingleShardNoReplicasRoutingTests","testMultiIndexUnevenNodes","70","0","47","12","150","1593","5","1.8"
"193","elasticsearch","org.elasticsearch.test.unit.cluster.routing.allocation.SingleShardOneReplicaRoutingTests","testSingleIndexFirstStartPrimaryThenBackups","94","0","92","9","258","2551","5","2.8"
"194","elasticsearch","org.elasticsearch.test.unit.cluster.routing.allocation.TenShardsOneReplicaRoutingTests","testSingleIndexFirstStartPrimaryThenBackups","101","0","68","11","212","2521","5","2.8"
"195","elasticsearch","org.elasticsearch.test.unit.cluster.routing.allocation.ThrottlingAllocationTests","testPrimaryRecoveryThrottling","38","0","36","9","97","875","5","1.1"
"196","elasticsearch","org.elasticsearch.test.unit.cluster.routing.allocation.ThrottlingAllocationTests","testReplicaAndPrimaryRecoveryThrottling","45","0","43","9","115","1051","5","1.4"
"197","elasticsearch","org.elasticsearch.test.unit.cluster.routing.allocation.UpdateNumberOfReplicasTests","testUpdateNumberOfReplicas","103","0","101","9","281","2797","5","3.1"
"198","elasticsearch","org.elasticsearch.test.unit.cluster.structure.RoutingIteratorTests","testEmptyIterator","34","0","32","7","116","633","5","1.1"
"199","elasticsearch","org.elasticsearch.test.unit.cluster.structure.RoutingIteratorTests","testIterator2","85","0","83","10","241","1471","5","2.5"
"200","elasticsearch","org.elasticsearch.test.unit.common.lucene.all.SimpleAllTests","testMultipleTokensAllNoBoost","40","0","38","8","113","815","6","1.2"
"201","elasticsearch","org.elasticsearch.test.unit.common.lucene.all.SimpleAllTests","testMultipleTokensAllWithBoost","40","0","38","8","113","815","6","1.2"
"202","elasticsearch","org.elasticsearch.test.unit.common.lucene.uid.UidFieldTests","testUidField","35","0","33","8","103","741","6","1.1"
"203","elasticsearch","org.elasticsearch.test.unit.common.xcontent.support.XContentMapValuesTests","testFilter","27","0","25","18","111","773","6","1.1"
"204","elasticsearch","org.elasticsearch.test.unit.common.xcontent.support.XContentMapValuesTests","testExtractValue","34","0","32","17","106","851","7","1.2"
"205","elasticsearch","org.elasticsearch.test.unit.index.engine.AbstractSimpleEngineTests","testSegments","49","0","47","10","192","1261","6","1.8"
"206","elasticsearch","org.elasticsearch.test.unit.index.engine.AbstractSimpleEngineTests","testSimpleOperations","88","0","86","10","271","2107","6","2.8"
"207","elasticsearch","org.elasticsearch.test.unit.index.field.data.doubles.DoubleFieldDataTests","intFieldDataTests","81","0","69","11","272","1683","6","2.6"
"208","elasticsearch","org.elasticsearch.test.unit.index.field.data.floats.FloatFieldDataTests","intFieldDataTests","80","0","68","11","268","1671","6","2.6"
"209","elasticsearch","org.elasticsearch.test.unit.index.field.data.ints.IntFieldDataTests","intFieldDataTests","74","0","62","11","244","1507","6","2.5"
"210","elasticsearch","org.elasticsearch.test.unit.index.field.data.longs.LongFieldDataTests","intFieldDataTests","80","0","68","11","268","1663","6","2.6"
"211","elasticsearch","org.elasticsearch.test.unit.index.field.data.shorts.ShortFieldDataTests","intFieldDataTests","78","0","66","11","260","1715","6","2.5"
"212","elasticsearch","org.elasticsearch.test.unit.index.field.data.strings.StringFieldDataTests","stringFieldDataTests","76","0","64","10","253","1495","6","2.5"
"213","elasticsearch","org.elasticsearch.test.unit.index.mapper.dynamictemplate.simple.SimpleDynamicTemplatesTests","testSimple","41","0","39","6","139","733","6","1.3"
"214","elasticsearch","org.elasticsearch.test.unit.index.mapper.dynamictemplate.simple.SimpleDynamicTemplatesTests","testSimpleWithXContentTraverse","43","0","41","7","142","767","6","1.3"
"215","elasticsearch","org.elasticsearch.test.unit.index.mapper.multifield.merge.JavaMultiFieldMergeTests","testMergeMultiField","52","0","50","8","161","1111","6","1.7"
"216","elasticsearch","org.elasticsearch.test.unit.index.mapper.nested.NestedMappingTests","multiNested","34","0","32","34","131","1063","6","1.4"
"217","elasticsearch","org.elasticsearch.test.unit.index.mapper.nested.NestedMappingTests","multiObjectAndNested1","34","0","32","34","133","1075","6","1.5"
"218","elasticsearch","org.elasticsearch.test.unit.index.mapper.nested.NestedMappingTests","multiObjectAndNested2","34","0","32","34","133","1095","6","1.5"
"219","elasticsearch","org.elasticsearch.test.unit.index.mapper.nested.NestedMappingTests","multiRootAndNested1","34","0","32","34","131","1077","6","1.4"
"220","elasticsearch","org.elasticsearch.test.unit.index.search.geo.GeoUtilsTests","testNormal","73","0","10","9","280","1865","6","1.8"
"221","elasticsearch","org.elasticsearch.test.unit.index.translog.AbstractSimpleTranslogTests","testSimpleOperations","47","0","45","8","127","865","5","1.4"
"222","elasticsearch","org.elasticsearch.test.unit.rest.util.RestUtilsTests","testDecodeQueryStringEdgeCases","50","0","48","6","148","795","5","1.5"
