"id","projectName","className","methodName","mloc","nop","nos","treeDepth","treeWidth","nodeSum","maxChildren","possibility"
"1","hsqldb","org.hibernate.dialect.HSQLDialect","HSQLDialect","112","0","84","9","258","1803","3","2"
"2","hsqldb","org.hibernate.dialect.HSQLDialect","HSQLDialect","101","0","80","9","245","1685","3","1.7"
"3","hsqldb","org.hsqldb.cmdline.SqlFile","scanpass","195","1","6","22","163","1937","8","1.2"
"4","hsqldb","org.hsqldb.cmdline.SqlFile","processBuffHist","161","1","15","14","154","2163","9","1.1"
"5","hsqldb","org.hsqldb.cmdline.SqlFile","processSpecial","429","1","9","16","367","5091","10","2.7"
"6","hsqldb","org.hsqldb.cmdline.SqlFile","processBlock","337","1","9","24","256","4269","9","2.3"
"7","hsqldb","org.hsqldb.cmdline.SqlFile","processPL","195","0","30","16","222","2799","7","1.7"
"8","hsqldb","org.hsqldb.cmdline.SqlFile","listTables","211","2","10","20","151","2307","9","1.4"
"9","hsqldb","org.hsqldb.cmdline.SqlFile","displaySqlResults","276","5","1","21","210","3871","12","2"
"10","hsqldb","org.hsqldb.cmdline.SqlFile","importDsv","442","2","19","30","253","5775","8","2.7"
"11","hsqldb","org.hsqldb.cmdline.sqltool.SqlFileScanner","yylex","466","0","11","17","306","2731","6","2.2"
"12","hsqldb","org.hsqldb.cmdline.SqlTool","objectMain","399","1","31","35","161","4033","8","2.5"
"13","hsqldb","org.hsqldb.DatabaseURL","parseURL","219","3","26","15","136","1999","9","1.3"
"14","hsqldb","org.hsqldb.dbinfo.DatabaseInformationFull","COLUMNS","216","2","58","19","240","2853","6","2.2"
"15","hsqldb","org.hsqldb.dbinfo.DatabaseInformationFull","DOMAINS","125","2","29","17","157","1659","6","1.1"
"16","hsqldb","org.hsqldb.dbinfo.DatabaseInformationFull","ELEMENT_TYPES","181","2","28","12","263","2097","6","1.6"
"17","hsqldb","org.hsqldb.dbinfo.DatabaseInformationFull","PARAMETERS","177","2","48","21","190","2287","6","1.8"
"18","hsqldb","org.hsqldb.dbinfo.DatabaseInformationFull","ROUTINES","320","2","95","19","533","4217","6","3.7"
"19","hsqldb","org.hsqldb.dbinfo.DatabaseInformationFull","USER_DEFINED_TYPES","143","2","38","17","205","1941","6","1.5"
"20","hsqldb","org.hsqldb.dbinfo.DatabaseInformationMain","SYSTEM_BESTROWIDENTIFIER","100","2","32","17","175","1433","7","1.1"
"21","hsqldb","org.hsqldb.dbinfo.DatabaseInformationMain","SYSTEM_COLUMNS","140","2","39","17","154","1845","7","1.4"
"22","hsqldb","org.hsqldb.dbinfo.DatabaseInformationMain","SYSTEM_CROSSREFERENCE","124","2","47","11","145","1593","7","1.2"
"23","hsqldb","org.hsqldb.dbinfo.DatabaseInformationMain","SYSTEM_INDEXINFO","106","2","37","14","113","1319","7","1.1"
"24","hsqldb","org.hsqldb.dbinfo.DatabaseInformationMain","SYSTEM_PROCEDURECOLUMNS","120","2","32","19","151","1705","6","1.1"
"25","hsqldb","org.hsqldb.dbinfo.DatabaseInformationMain","addPColRows","99","23","44","10","161","1211","28","1.9"
"26","hsqldb","org.hsqldb.dbinfo.DatabaseInformationMain","SYSTEM_TYPEINFO","116","2","29","15","160","1607","7","1.1"
"27","hsqldb","org.hsqldb.ExpressionLike","resolveTypes","149","2","21","16","142","1753","6","1.1"
"28","hsqldb","org.hsqldb.ExpressionOp","getValue","176","1","1","16","165","1835","5","1.1"
"29","hsqldb","org.hsqldb.FunctionCustom","getValue","865","2","1","14","853","8541","5","3"
"30","hsqldb","org.hsqldb.FunctionCustom","resolveTypes","764","2","2","17","602","7403","6","3"
"31","hsqldb","org.hsqldb.FunctionSQL","getValue","439","2","1","14","449","4791","5","2.8"
"32","hsqldb","org.hsqldb.FunctionSQL","resolveTypes","423","2","2","16","408","4735","6","2.7"
"33","hsqldb","org.hsqldb.FunctionSQL","getSQL","194","0","3","16","165","2327","4","1.2"
"34","hsqldb","org.hsqldb.ParserCommand","compileSet","306","0","4","13","278","2831","4","1.8"
"35","hsqldb","org.hsqldb.ParserCommand","compileSetDatabaseProperty","246","0","4","14","263","2275","3","1.5"
"36","hsqldb","org.hsqldb.ParserDDL","compileDrop","230","0","23","11","205","1801","3","1.5"
"37","hsqldb","org.hsqldb.ParserDDL","compileCreateTrigger","277","0","52","16","181","3093","3","2.1"
"38","hsqldb","org.hsqldb.ParserDDL","readColumnDefinitionOrNull","215","3","21","17","110","1767","7","1.3"
"39","hsqldb","org.hsqldb.ParserDDL","compileRightGrantOrRevoke","231","1","25","13","148","1771","5","1.3"
"40","hsqldb","org.hsqldb.ParserDML","compileInsertStatement","195","1","31","19","125","1845","5","1.4"
"41","hsqldb","org.hsqldb.ParserDML","compileMergeStatement","90","1","48","10","152","1173","5","1.1"
"42","hsqldb","org.hsqldb.ParserDQL","readTypeDefinition","350","2","23","14","196","2979","5","1.9"
"43","hsqldb","org.hsqldb.ParserDQL","XreadSimpleValueExpressionPrimary","239","0","8","11","182","1599","3","1.1"
"44","hsqldb","org.hsqldb.persist.Logger","openPersistence","134","0","29","13","119","1445","5","1.1"
"45","hsqldb","org.hsqldb.persist.Logger","setVariables","111","0","57","10","234","1707","4","1.5"
"46","hsqldb","org.hsqldb.persist.Logger","getPropertiesSQL","252","0","187","8","587","4223","4","3.4"
"47","hsqldb","org.hsqldb.result.Result","newResult","188","4","8","9","286","2027","11","1.4"
"48","hsqldb","org.hsqldb.result.Result","write","184","3","12","8","296","1539","9","1.3"
"49","hsqldb","org.hsqldb.Scanner","scanToken","327","0","6","14","321","3089","4","2"
"50","hsqldb","org.hsqldb.server.ServerConnection","receiveOdbcPacket","554","1","16","22","551","5843","7","3.2"
"51","hsqldb","org.hsqldb.StatementCommand","getResult","726","1","2","27","630","6745","4","3.1"
"52","hsqldb","org.hsqldb.StatementSchema","getResult","843","1","4","16","764","8037","4","3"
"53","hsqldb","org.hsqldb.StatementSession","getResult","366","1","3","14","270","3321","4","2"
"54","hsqldb","org.hsqldb.test.JDBCBench","createDatabase","255","3","13","13","261","2065","7","1.6"
"55","hsqldb","org.hsqldb.test.TestAcl","commonSetup","106","0","78","10","173","1393","6","1.6"
"56","hsqldb","org.hsqldb.test.TestBench","createDatabase","168","3","11","12","239","1599","7","1.1"
"57","hsqldb","org.hsqldb.test.TestINPredicateParameterizationAndCorrelation","test","81","0","76","6","199","933","5","1.4"
"58","hsqldb","org.hsqldb.test.TestJDBCSavepoints","testJDBCSavepoints","197","0","94","9","252","1599","5","2.1"
"59","hsqldb","org.hsqldb.test.TestLikePredicateOptimizations","test","140","0","127","7","302","1537","5","2.1"
"60","hsqldb","org.hsqldb.test.TestSchemaParse","testSanityCheck","64","0","62","6","199","767","5","1.1"
"61","hsqldb","org.hsqldb.test.TestSchemaParse","multiPartKeywords","249","1","235","7","690","3321","6","3.2"
"62","hsqldb","org.hsqldb.test.TestSql","testMetaData","200","0","13","14","353","2523","4","1.6"
"63","hsqldb","org.hsqldb.util.ConnectionDialog","create","125","0","75","13","218","1509","4","1.7"
"64","hsqldb","org.hsqldb.util.ConnectionDialogSwing","create","118","0","102","10","303","1525","4","2"
"65","hsqldb","org.hsqldb.util.DatabaseManager","actionPerformed","231","1","3","50","65","1913","5","1.2"
"66","hsqldb","org.hsqldb.util.DatabaseManagerSwing","main","170","0","87","12","291","1975","4","2.2"
"67","hsqldb","org.hsqldb.util.DatabaseManagerSwing","actionPerformed","230","1","3","45","52","1953","5","1.2"
"68","hsqldb","org.hsqldb.util.JDBCTypes","JDBCTypes","62","0","60","8","236","1601","2","1.4"
"69","hsqldb","org.hsqldb.util.Transfer","initGUI","101","0","83","10","235","1133","5","1.7"
"70","hsqldb","org.hsqldb.util.TransferDb","getTableStructure","302","2","44","21","204","3695","6","2.3"
