"id","projectName","className","col","nof","nom","treeDepth","treeWidth","nodeSum","maxChildren","possibility"
"1","jfreechart","org.jfree.chart.axis.Axis","1022","40","65","14","770","8035","111","1.9"
"2","jfreechart","org.jfree.chart.axis.CategoryAxis","1005","13","51","16","800","9537","70","1.33"
"3","jfreechart","org.jfree.chart.axis.DateAxis","1288","12","51","17","1030","13211","70","1.43"
"4","jfreechart","org.jfree.chart.axis.SegmentedTimeline","1023","21","45","19","724","8155","76","1.4"
"5","jfreechart","org.jfree.chart.axis.ValueAxis","1167","30","72","17","919","9605","110","1.9"
"6","jfreechart","org.jfree.chart.ChartFactory","1262","1","40","15","1829","14131","45","1.43"
"7","jfreechart","org.jfree.chart.ChartPanel","2120","78","114","19","1333","18485","204","3.4"
"8","jfreechart","org.jfree.chart.JFreeChart","1083","22","70","15","905","9311","100","1.73"
"9","jfreechart","org.jfree.chart.plot.CategoryPlot","3654","60","217","17","2948","30681","289","5.23"
"10","jfreechart","org.jfree.chart.plot.ContourPlot","1225","28","79","16","856","10361","116","2"
"11","jfreechart","org.jfree.chart.plot.PiePlot","2520","66","145","18","2042","22251","217","3.93"
"12","jfreechart","org.jfree.chart.plot.Plot","1022","30","67","14","779","7589","109","1.8"
"13","jfreechart","org.jfree.chart.plot.PolarPlot","1521","29","94","17","1264","12695","132","2.4"
"14","jfreechart","org.jfree.chart.plot.SpiderWebPlot","1166","39","68","18","845","9461","113","2.1"
"15","jfreechart","org.jfree.chart.plot.ThermometerPlot","1281","56","77","14","911","10361","141","2.4"
"16","jfreechart","org.jfree.chart.plot.XYPlot","4100","63","226","18","3142","35733","300","5.63"
"17","jfreechart","org.jfree.chart.renderer.AbstractRenderer","2752","71","193","35","2460","21943","270","4.5"
"18","jfreechart","org.jfree.chart.renderer.category.AbstractCategoryItemRenderer","1182","16","57","15","976","11113","82","1.5"
"19","jfreechart","org.jfree.chart.renderer.xy.AbstractXYItemRenderer","1248","14","59","15","962","12239","82","1.5"
"20","jfreechart","org.jfree.chart.StandardChartTheme","1481","33","94","17","1051","11679","134","2.43"
"21","jfreechart","org.jfree.data.general.DatasetUtilities","1657","0","58","21","1134","15651","62","1.5"
"22","jfreechart","org.jfree.experimental.chart.swt.ChartComposite","1343","61","65","18","811","13299","137","2.43"
