"id","projectName","className","col","nof","nom","treeDepth","treeWidth","nodeSum","maxChildren","possibility"
"1","incubating","org.apache.manifoldcf.crawler.connectors.DCTM.DCTM","2344","23","34","24","1507","29713","71","3.4"
"2","incubating","org.apache.manifoldcf.crawler.connectors.filenet.FilenetConnector","2290","42","44","25","1452","32409","99","3.9"
"3","incubating","org.apache.manifoldcf.crawler.connectors.sharedrive.SharedDriveConnector","2650","32","49","29","1951","39951","90","4.33"
"4","incubating","org.apache.manifoldcf.crawler.connectors.livelink.LivelinkConnector","3609","40","58","23","2503","46601","121","4.63"
"5","incubating","org.apache.manifoldcf.crawler.connectors.meridio.MeridioConnector","2518","13","27","25","2147","36473","48","3.6"
"6","incubating","org.apache.manifoldcf.crawler.connectors.meridio.meridiowrapper.MeridioWrapper","1170","18","35","17","744","12287","56","1.7"
"7","incubating","org.apache.manifoldcf.crawler.connectors.rss.RSSConnector","3726","44","32","32","1977","47451","101","4.2"
"8","incubating","org.apache.manifoldcf.crawler.connectors.sharepoint.SharePointRepository","2701","23","38","34","1507","38839","71","3.73"
"9","incubating","org.apache.manifoldcf.crawler.connectors.sharepoint.SPSProxyHelper","1466","11","14","23","1237","22917","36","2.53"
"10","incubating","org.apache.manifoldcf.agents.output.solr.HttpPoster","1311","39","23","26","695","14029","74","2.3"
"11","incubating","org.apache.manifoldcf.crawler.connectors.webcrawler.ThrottledFetcher","1560","15","3","24","848","14969","32","1.9"
"12","incubating","org.apache.manifoldcf.crawler.connectors.webcrawler.WebcrawlerConnector","4198","45","58","34","2351","61301","133","4.83"
"13","incubating","org.apache.manifoldcf.crawler.connectors.wiki.WikiConnector","2132","7","39","20","1833","23985","84","3.4"
"14","incubating","org.apache.manifoldcf.agents.incrementalingest.IncrementalIngester","1050","15","42","18","816","12239","63","1.9"
"15","incubating","org.apache.manifoldcf.core.database.DBInterfaceDerby","1124","22","57","15","812","11123","85","2.33"
"16","incubating","org.apache.manifoldcf.core.database.DBInterfaceHSQLDB","1001","17","55","14","818","10781","78","2"
"17","incubating","org.apache.manifoldcf.core.database.DBInterfacePostgreSQL","1052","20","50","15","788","10645","75","2.13"
"18","incubating","org.apache.manifoldcf.core.lockmanager.LockManager","1293","13","35","18","609","10735","55","1.8"
"19","incubating","org.apache.manifoldcf.core.system.ManifoldCF","1006","36","55","21","648","9401","98","2.3"
"20","incubating","org.apache.manifoldcf.crawler.jobs.HopCount","2050","16","38","19","1311","23413","66","3"
"21","incubating","org.apache.manifoldcf.crawler.jobs.JobManager","4876","14","129","178","3200","66281","153","5.6"
"22","incubating","org.apache.manifoldcf.crawler.jobs.JobQueue","1002","34","46","17","1324","12043","88","2.5"
"23","incubating","org.apache.manifoldcf.crawler.jobs.Jobs","2078","78","66","20","1717","22893","151","4.5"
"24","incubating","org.apache.manifoldcf.crawler.system.ManifoldCF","2392","106","54","35","1013","26437","164","4.4"
"25","incubating","org.apache.manifoldcf.crawler.system.WorkerThread","1446","6","6","41","901","16753","22","1.7"
