"id","projectName","className","methodName","mloc","nop","nos","treeDepth","treeWidth","nodeSum","maxChildren","possibility"
"1","jedit","de.masters_of_disaster.ant.tasks.deb.Deb","execute","192","0","59","15","203","2215","6","2"
"2","jedit","installer.CBZip2InputStream","getAndMoveToFrontDecode","160","0","23","18","91","1519","4","1.2"
"3","jedit","installer.CBZip2OutputStream","fullGtU","114","2","38","9","105","969","6","1.1"
"4","jedit","installer.CBZip2OutputStream","mainSort","132","0","13","20","99","1595","4","1.1"
"5","jedit","installer.CBZip2OutputStream","sendMTFValues","276","0","42","16","172","2635","5","2.2"
"6","jedit","net.sourceforge.jarbundler.JarBundler","execute","81","0","48","13","122","1135","6","1.2"
"7","jedit","org.gjt.sp.jedit.browser.VFSBrowser","VFSBrowser","156","5","80","16","227","1931","9","2.3"
"8","jedit","org.gjt.sp.jedit.browser.VFSFileChooserDialog","_init","69","5","43","10","132","883","9","1.1"
"9","jedit","org.gjt.sp.jedit.bsh.org.objectweb.asm.CodeWriter","resizeInstructions","306","3","20","18","268","3151","8","2.4"
"10","jedit","org.gjt.sp.jedit.bsh.ParserTokenManager","jjMoveNfa_0","429","2","7","22","412","3969","7","3"
"11","jedit","org.gjt.sp.jedit.gui.ContextAddDialog","ContextAddDialog","55","1","50","7","151","849","4","1.1"
"12","jedit","org.gjt.sp.jedit.gui.DockableLayout","layoutContainer","74","1","24","11","180","1429","5","1.1"
"13","jedit","org.gjt.sp.jedit.gui.ErrorListDialog","ErrorListDialog","57","5","43","10","130","877","8","1.1"
"14","jedit","org.gjt.sp.jedit.gui.ExtendedGridLayout","getSize","234","8","32","14","181","2919","13","2.2"
"15","jedit","org.gjt.sp.jedit.gui.ExtendedGridLayout","buildGrid","148","4","13","17","90","1545","9","1.2"
"16","jedit","org.gjt.sp.jedit.gui.FilesChangedDialog","FilesChangedDialog","89","3","48","10","158","1273","6","1.3"
"17","jedit","org.gjt.sp.jedit.gui.FontSelectorDialog","init","65","1","50","11","146","987","5","1.1"
"18","jedit","org.gjt.sp.jedit.GUIUtilities","initializeDeprecatedIcons","76","0","71","4","284","869","6","1.7"
"19","jedit","org.gjt.sp.jedit.jEdit","main","273","1","85","37","249","2997","7","3.1"
"20","jedit","org.gjt.sp.jedit.options.AbbrevsOptionPane","_init","64","0","58","8","173","1093","5","1.3"
"21","jedit","org.gjt.sp.jedit.options.BufferOptionPane","_init","68","0","57","8","166","1073","5","1.2"
"22","jedit","org.gjt.sp.jedit.options.EditingOptionPane","_init","53","0","48","8","134","933","5","1.1"
"23","jedit","org.gjt.sp.jedit.options.GutterOptionPane","_init","83","0","62","15","172","1339","4","1.5"
"24","jedit","org.gjt.sp.jedit.options.PluginManagerOptionPane","_init","65","0","48","8","147","973","4","1.1"
"25","jedit","org.gjt.sp.jedit.options.StatusBarOptionPane","_init","81","0","76","7","223","1329","5","1.8"
"26","jedit","org.gjt.sp.jedit.options.TextAreaOptionPane","_init","59","0","50","11","142","1099","4","1.1"
"27","jedit","org.gjt.sp.jedit.options.ToolBarOptionPane","_init","57","0","52","8","143","863","4","1.1"
"28","jedit","org.gjt.sp.jedit.options.ToolBarEditDialog","ToolBarEditDialog","125","3","75","15","232","1679","6","2"
"29","jedit","org.gjt.sp.jedit.options.ViewOptionPane","_init","77","0","65","11","173","1151","5","1.6"
"30","jedit","org.gjt.sp.jedit.pluginmgr.InstallPanel","InstallPanel","68","2","59","10","180","1069","4","1.3"
"31","jedit","org.gjt.sp.jedit.pluginmgr.ManagePanel","ManagePanel","58","1","56","9","171","957","4","1.3"
"32","jedit","org.gjt.sp.jedit.search.SearchDialog","createSearchSettingsPanel","60","0","58","7","160","913","4","1.2"
"33","jedit","org.gjt.sp.jedit.search.SearchDialog","createMultiFilePanel","81","0","79","7","204","1219","4","1.7"
"34","jedit","org.gjt.sp.jedit.syntax.TokenMarker","handleRule","130","2","10","14","133","1519","7","1.1"
