"id","projectName","className","wmc","possibility"
"1","lucene","org.apache.lucene.index.TestIndexWriter","175","1"
"2","lucene","org.apache.lucene.util.LuceneTestCase","190","1"
"3","lucene","org.apache.lucene.analysis.br.BrazilianStemmer","316","1"
"4","lucene","org.apache.lucene.analysis.el.GreekStemmer","435","1.32"
"5","lucene","org.apache.lucene.analysis.en.KStemmer","267","1.32"
"6","lucene","org.apache.lucene.analysis.fr.FrenchStemmer","145","1.22"
"7","lucene","org.apache.lucene.analysis.nl.DutchStemmer","114","1.02"
"8","lucene","org.tartarus.snowball.ext.EnglishStemmer","206","1"
"9","lucene","org.tartarus.snowball.ext.FrenchStemmer","219","1"
"10","lucene","org.tartarus.snowball.ext.HungarianStemmer","171","1"
"11","lucene","org.tartarus.snowball.ext.ItalianStemmer","164","1"
"12","lucene","org.tartarus.snowball.ext.KpStemmer","351","1"
"13","lucene","org.tartarus.snowball.ext.LovinsStemmer","262","1"
"14","lucene","org.tartarus.snowball.ext.PortugueseStemmer","155","1"
"15","lucene","org.tartarus.snowball.ext.SpanishStemmer","162","1"
"16","lucene","org.tartarus.snowball.ext.TurkishStemmer","479","1.32"
"17","lucene","org.apache.lucene.analysis.ja.util.ToStringUtil","282","1"
"18","lucene","org.apache.lucene.benchmark.byTask.feeds.demohtml.HTMLParser","210","1.32"
"19","lucene","org.apache.lucene.benchmark.byTask.feeds.demohtml.HTMLParserTokenManager","452","1.32"
"20","lucene","org.apache.lucene.facet.taxonomy.CategoryPath","183","1"
"21","lucene","org.apache.lucene.search.grouping.TestGrouping","165","1.32"
"22","lucene","org.apache.lucene.queryParser.standard.parser.StandardSyntaxParser","212","1.32"
"23","lucene","org.apache.lucene.queryParser.standard.parser.StandardSyntaxParserTokenManager","316","1.32"
"24","lucene","org.apache.lucene.queryParser.surround.parser.QueryParser","188","1.32"
"25","lucene","org.apache.lucene.queryParser.surround.parser.QueryParserTokenManager","223","1"
"26","lucene","org.apache.lucene.analysis.ASCIIFoldingFilter","1252","1"
"27","lucene","org.apache.lucene.analysis.PorterStemmer","176","1"
"28","lucene","org.apache.lucene.index.CheckIndex","146","1.22"
"29","lucene","org.apache.lucene.index.IndexWriter","357","1.32"
"30","lucene","org.apache.lucene.queryParser.QueryParser","355","1.32"
"31","lucene","org.apache.lucene.queryParser.QueryParserTokenManager","378","1.32"
"32","lucene","org.apache.lucene.index.TestIndexWriter","154","1"
"33","lucene","org.apache.lucene.util.fst.TestFSTs","191","1.32"
"34","lucene","org.apache.lucene.util.LuceneTestCase","196","1"
"35","lucene","org.apache.solr.handler.dataimport.DocBuilder","199","1.32"
"36","lucene","org.apache.solr.analysis.LegacyHTMLStripCharFilter","166","1.32"
"37","lucene","org.apache.solr.core.CoreContainer","132","1.12"
"38","lucene","org.apache.solr.core.SolrCore","247","1.32"
"39","lucene","org.apache.solr.handler.admin.LukeRequestHandler","169","1.32"
"40","lucene","org.apache.solr.handler.component.QueryComponent","154","1.32"
"41","lucene","org.apache.solr.handler.component.SpellCheckComponent","118","1.02"
"42","lucene","org.apache.solr.handler.ReplicationHandler","185","1"
"43","lucene","org.apache.solr.handler.SnapPuller","169","1"
"44","lucene","org.apache.solr.request.SimpleFacets","188","1.32"
"45","lucene","org.apache.solr.response.JSONWriter","132","1.12"
"46","lucene","org.apache.solr.response.XMLWriter","143","1.22"
"47","lucene","org.apache.solr.schema.TrieField","120","1.02"
"48","lucene","org.apache.solr.search.ExtendedDismaxQParser","194","1"
"49","lucene","org.apache.solr.search.SolrIndexSearcher","275","1.32"
"50","lucene","org.apache.solr.util.SolrPluginUtils","142","1.22"
"51","lucene","org.apache.noggit.JSONParser","199","1.32"
"52","lucene","org.apache.solr.common.util.JavaBinCodec","148","1.22"
"53","lucene","org.apache.solr.SolrTestCaseJ4","144","1.22"
