"id","projectName","className","wmc","possibility"
"1","lucene","org.apache.lucene.analysis.br.BrazilianStemmer","316","1"
"2","lucene","org.apache.lucene.analysis.charfilter.HTMLStripCharFilter","234","1.22"
"3","lucene","org.apache.lucene.analysis.el.GreekStemmer","435","1.32"
"4","lucene","org.apache.lucene.analysis.en.KStemmer","267","1.32"
"5","lucene","org.tartarus.snowball.ext.KpStemmer","351","1"
"6","lucene","org.tartarus.snowball.ext.LovinsStemmer","262","1"
"7","lucene","org.tartarus.snowball.ext.TurkishStemmer","479","1.32"
"8","lucene","org.apache.lucene.analysis.ja.util.ToStringUtil","282","1"
"9","lucene","org.apache.lucene.benchmark.byTask.feeds.demohtml.HTMLParser","210","1.22"
"10","lucene","org.apache.lucene.benchmark.byTask.feeds.demohtml.HTMLParserTokenManager","452","1.32"
"11","lucene","org.apache.lucene.queryParser.standard.parser.StandardSyntaxParser","212","1.22"
"12","lucene","org.apache.lucene.queryParser.standard.parser.StandardSyntaxParserTokenManager","316","1.32"
"13","lucene","org.apache.lucene.analysis.ASCIIFoldingFilter","1252","1"
"14","lucene","org.apache.lucene.index.IndexWriter","506","1.32"
"15","lucene","org.apache.lucene.queryParser.QueryParser","391","1.32"
"16","lucene","org.apache.lucene.queryParser.QueryParserTokenManager","378","1.32"
"17","lucene","org.apache.solr.core.SolrCore","247","1.32"
"18","lucene","org.apache.solr.search.SolrIndexSearcher","275","1.32"
