IDMethod,project,package,complextype,method,NOP_method,CC_method,ATFD_method,FDP_method,CM_method,MAXNESTING_method,LOC_method,CYCLO_method,NMCS_method,NOLV_method,MaMCL_method,NOAV_method,isFE
249,/mnt/qualitas/qualitas_corpus_compile/fitjava-1.1,fat,DocumentParseFixture,Output(),0,0,0,0,0,1,3,1,0,0,0,1,0
250,/mnt/qualitas/qualitas_corpus_compile/fitjava-1.1,fat,DocumentParseFixture,Structure(),0,0,0,0,0,1,3,1,0,0,0,1,0
251,/mnt/qualitas/qualitas_corpus_compile/fitjava-1.1,fat,DocumentParseFixture,GenerateOutput(Parse),1,0,0,0,0,1,5,1,0,2,0,2,0
252,/mnt/qualitas/qualitas_corpus_compile/fitjava-1.1,fat,DocumentParseFixture,dumpTables(Parse),1,0,2,1,0,2,11,2,0,3,0,5,0
253,/mnt/qualitas/qualitas_corpus_compile/fitjava-1.1,fat,DocumentParseFixture,dumpRows(Parse),1,0,2,1,0,2,11,2,0,3,0,5,0
254,/mnt/qualitas/qualitas_corpus_compile/fitjava-1.1,fat,DocumentParseFixture,dumpCells(Parse),1,0,2,1,0,2,11,2,0,3,0,5,0
306,/mnt/qualitas/qualitas_corpus_compile/fitjava-1.1,fat,ReferenceFixture,Result(),0,0,5,2,0,3,29,5,0,8,0,12,1
529,/mnt/qualitas/qualitas_corpus_compile/jasml-0.10,com.jasml.compiler,GrammerException,'GrammerException(int,String)',2,0,0,0,0,1,3,1,0,2,0,0
530,/mnt/qualitas/qualitas_corpus_compile/jasml-0.10,com.jasml.compiler,GrammerException,'GrammerException(int,int,int,String)',4,1,0,0,1,1,3,1,0,0
531,/mnt/qualitas/qualitas_corpus_compile/jasml-0.10,com.jasml.compiler,GrammerException,'GrammerException(String,Exception)',2,0,0,0,0,1,3,1,0,2,0,0
532,/mnt/qualitas/qualitas_corpus_compile/jasml-0.10,com.jasml.compiler,GrammerException,'GrammerException(int,int,String)',3,0,0,0,0,1,3,1,0,3,0
548,/mnt/qualitas/qualitas_corpus_compile/jasml-0.10,com.jasml.compiler,SourceCodeParser,parseMethod(),0,0,10,3,0,3,33,6,0,6,0,23,1
549,/mnt/qualitas/qualitas_corpus_compile/jasml-0.10,com.jasml.compiler,SourceCodeParser,'parseMethodAttributes(Method,ArrayList,SourceCodeParser.LabeledInstructions,Attribute_Code,ArrayList)',5,0,9,2,0,4,48,10,1
551,/mnt/qualitas/qualitas_corpus_compile/jasml-0.10,com.jasml.compiler,SourceCodeParser,parseMethodInstructions(Method),1,0,56,2,0,6,523,139,0,25,0,105,1
755,/mnt/qualitas/qualitas_corpus_compile/jasml-0.10,com.jasml.decompiler,SourceCodeBuilder,'toString(Attribute_Code,HashSet)',2,0,83,8,0,6,257,75,0,16,0,1
777,/mnt/qualitas/qualitas_corpus_compile/jFin_DateMath-R1.0.1,org.jfin.date.holiday.defaultimpl,WeekendHolidayCalendar,isWeekend(Calendar),1,0,0,0,0,1,5,1,0,1,0,1,0
778,/mnt/qualitas/qualitas_corpus_compile/jFin_DateMath-R1.0.1,org.jfin.date.holiday.defaultimpl,WeekendHolidayCalendar,isHoliday(Calendar),1,0,0,0,0,1,4,1,0,1,0,0,0
782,/mnt/qualitas/qualitas_corpus_compile/jFin_DateMath-R1.0.1,org.jfin.date.holiday.defaultimpl,HolidayCalendarFactoryImpl,getAvailableLocales(),0,0,0,0,0,1,3,1,0,0,0,0,0
783,/mnt/qualitas/qualitas_corpus_compile/jFin_DateMath-R1.0.1,org.jfin.date.web.example,PlainSwap,getCurrency(),0,0,0,0,0,1,4,1,0,0,0,1,0
1185,/mnt/qualitas/qualitas_corpus_compile/jFin_DateMath-R1.0.1,org.jfin.date,ScheduleGenerator,'generateSchedule(Calendar,Calendar,int,int,StubType,Period,int)',7,0,9,2,0,5,1
1341,/mnt/qualitas/qualitas_corpus_compile/nekohtml-1.9.14,org.cyberneko.html.parsers,DOMParser,DOMParser(),0,0,0,0,0,2,18,3,0,1,0,0,0
1342,/mnt/qualitas/qualitas_corpus_compile/nekohtml-1.9.14,org.cyberneko.html.parsers,DOMParser,'doctypeDecl(String,String,String,Augmentations)',4,0,1,1,0,2,27,4,0,0
1343,/mnt/qualitas/qualitas_corpus_compile/nekohtml-1.9.14,org.cyberneko.html.parsers,DOMParser,getParserSubVersion(),0,0,1,1,0,3,12,3,0,4,0,4,0
1344,/mnt/qualitas/qualitas_corpus_compile/nekohtml-1.9.14,org.cyberneko.html.parsers,DOMFragmentParser,DOMFragmentParser(),0,0,0,0,0,1,7,1,0,0,0,4,0
1345,/mnt/qualitas/qualitas_corpus_compile/nekohtml-1.9.14,org.cyberneko.html.parsers,DOMFragmentParser,'parse(String,DocumentFragment)',2,0,0,0,0,1,4,1,0,2,0,0
1346,/mnt/qualitas/qualitas_corpus_compile/nekohtml-1.9.14,org.cyberneko.html.parsers,DOMFragmentParser,'parse(InputSource,DocumentFragment)',2,0,0,0,0,3,30,3,0,10,0,0
1428,/mnt/qualitas/qualitas_corpus_compile/nekohtml-1.9.14,org.cyberneko.html,HTMLTagBalancer,'startElement(QName,XMLAttributes,Augmentations)',3,0,15,2,0,7,206,60,0,19,1
1526,/mnt/qualitas/qualitas_corpus_compile/nekohtml-1.9.14,org.cyberneko.html,ObjectFactory,'createObject(String,String,String)',3,0,0,0,0,7,111,21,0,17,0
1643,/mnt/qualitas/qualitas_corpus_compile/nekohtml-1.9.14,org.cyberneko.html,HTMLConfiguration,setInputSource(XMLInputSource),1,0,19,1,0,1,7,2,0,1,0,32,1
1676,/mnt/qualitas/qualitas_corpus_compile/nekohtml-1.9.14,org.cyberneko.html,HTMLScanner.ContentScanner,scan(boolean),1,0,33,5,0,7,142,42,0,12,0,51,1
1866,/mnt/qualitas/qualitas_corpus_compile/trove-2.1.0,gnu.trove.benchmark,MemoryUsage,sizeOf(MemoryUsage.Creator),1,1,0,0,1,3,18,3,0,9,0,9,0
1867,/mnt/qualitas/qualitas_corpus_compile/trove-2.1.0,gnu.trove.benchmark,MemoryUsage,getUsedMemory(),0,0,0,0,0,1,8,1,0,3,0,3,0
1868,/mnt/qualitas/qualitas_corpus_compile/trove-2.1.0,gnu.trove.benchmark,MemoryUsage,gc(),0,1,0,0,1,2,14,2,0,1,0,1,0
1869,/mnt/qualitas/qualitas_corpus_compile/trove-2.1.0,gnu.trove.benchmark,MemoryUsage,main(String[]),1,0,0,0,0,2,31,2,0,6,0,5,0
2225,/mnt/qualitas/qualitas_corpus_compile/trove-2.1.0,gnu.trove,TLinkedList.IteratorImpl,IteratorImpl(int),1,1,5,2,1,3,22,8,0,2,0,7,1
2495,/mnt/qualitas/qualitas_corpus_compile/oscache-2.4.1,com.opensymphony.oscache.plugins.clustersupport,JMSBroadcastingListener,'initialize(Cache,Config)',2,0,0,0,0,5,79,3,0,10,0,0
2496,/mnt/qualitas/qualitas_corpus_compile/oscache-2.4.1,com.opensymphony.oscache.plugins.clustersupport,JMSBroadcastingListener,finialize(),0,0,0,0,0,3,15,4,0,1,0,3,0
2497,/mnt/qualitas/qualitas_corpus_compile/oscache-2.4.1,com.opensymphony.oscache.plugins.clustersupport,JMSBroadcastingListener,sendNotification(ClusterNotification),1,0,0,0,0,2,12,2,0,3,0,7,0
2498,/mnt/qualitas/qualitas_corpus_compile/oscache-2.4.1,com.opensymphony.oscache.plugins.clustersupport,JMSBroadcastingListener,getInitialContext(),0,0,0,0,0,1,3,1,0,0,0,0,0
2499,/mnt/qualitas/qualitas_corpus_compile/oscache-2.4.1,com.opensymphony.oscache.plugins.clustersupport,com.opensymphony.oscache.plugins.clustersupport.JMSBroadcastingListener$1,onMessage(Message),1,0,2,1,0,3,32,6,0,4,0,6,0
2656,/mnt/qualitas/qualitas_corpus_compile/oscache-2.4.1,com.opensymphony.oscache.base.algorithm,AbstractConcurrentReadCache,'put(Object,Object,boolean)',3,0,0,0,0,6,134,22,0,10,0
2657,/mnt/qualitas/qualitas_corpus_compile/oscache-2.4.1,com.opensymphony.oscache.base.algorithm,AbstractConcurrentReadCache,'remove(Object,boolean,boolean)',3,0,3,1,0,6,122,24,0,12,0
3133,/mnt/qualitas/qualitas_corpus_compile/quilt-0.6-a-5,org.quilt.reg,Registry,comparator(),0,0,0,0,0,1,3,1,0,0,0,0,0
3134,/mnt/qualitas/qualitas_corpus_compile/quilt-0.6-a-5,org.quilt.reg,Registry,containsKey(String[]),1,0,0,0,0,2,6,2,0,1,0,2,0
3135,/mnt/qualitas/qualitas_corpus_compile/quilt-0.6-a-5,org.quilt.reg,Registry,get(String[]),1,1,0,0,4,2,10,3,0,1,0,2,0
3291,/mnt/qualitas/qualitas_corpus_compile/quilt-0.6-a-5,org.quilt.cl,GraphTransformer,'makeGraph(ClassGen,MethodGen)',2,0,10,5,0,6,181,29,0,24,0,1
3626,/mnt/qualitas/qualitas_corpus_compile/quilt-0.6-a-5,org.quilt.cover.stmt,GraphAction.LampLighter,discoverEdge(Edge),1,0,14,6,0,8,110,20,1,15,2,33,1
3776,/mnt/qualitas/qualitas_corpus_compile/squirrel_sql-3.1.2,net.sourceforge.squirrel_sql.plugins.graph.xmlbeans,GraphXmlSerializer,'GraphXmlSerializer(GraphPlugin,ISession,GraphMainPanelTab,String)',4,1,1,1,1,3,22,3,0,0
3777,/mnt/qualitas/qualitas_corpus_compile/squirrel_sql-3.1.2,net.sourceforge.squirrel_sql.plugins.graph.xmlbeans,GraphXmlSerializer,write(GraphControllerXmlBean),1,1,1,1,1,2,18,2,0,5,0,9,0
3778,/mnt/qualitas/qualitas_corpus_compile/squirrel_sql-3.1.2,net.sourceforge.squirrel_sql.plugins.graph.xmlbeans,GraphXmlSerializer,read(),0,1,0,0,1,2,13,2,0,2,0,3,0
3779,/mnt/qualitas/qualitas_corpus_compile/squirrel_sql-3.1.2,net.sourceforge.squirrel_sql.plugins.graph.xmlbeans,GraphXmlSerializer,'getFileName(String,String,String)',3,0,0,0,0,2,13,2,0,7,0
3939,/mnt/qualitas/qualitas_corpus_compile/squirrel_sql-3.1.2,net.sourceforge.squirrel_sql.plugins.graph,ConstraintData,'replaceCopiedColsByReferences(ColumnInfo[],boolean)',2,1,6,1,1,5,23,5,0,4,0,1
4560,/mnt/qualitas/qualitas_corpus_compile/jparse-0.96,jparse.expr,BooleanLiteralAST,BooleanLiteralAST(Token),1,0,1,1,0,1,5,1,0,1,0,4,0
4561,/mnt/qualitas/qualitas_corpus_compile/jparse-0.96,jparse.expr,BooleanLiteralAST,computeType(),0,0,0,0,0,1,3,1,0,0,0,1,0
4562,/mnt/qualitas/qualitas_corpus_compile/jparse-0.96,jparse.expr,BooleanLiteralAST,computeExceptions(),0,0,0,0,0,1,3,1,0,0,0,1,0
4563,/mnt/qualitas/qualitas_corpus_compile/jparse-0.96,jparse.expr,BooleanLiteralAST,computeValue(),0,0,0,0,0,1,3,1,0,0,0,1,0
4564,/mnt/qualitas/qualitas_corpus_compile/jparse-0.96,jparse.expr,BooleanLiteralAST,getVarList(),0,0,0,0,0,1,3,1,0,0,0,0,0
4965,/mnt/qualitas/qualitas_corpus_compile/jparse-0.96,jparse,JavaParser,compilationUnit(),0,1,4,2,1,6,119,32,0,7,0,31,0
6171,/mnt/qualitas/qualitas_corpus_compile/javacc-5.0,org.javacc.utils,JavaFileGenerator,'JavaFileGenerator(String,Map)',2,2,0,0,10,1,4,1,0,2,0,0
6172,/mnt/qualitas/qualitas_corpus_compile/javacc-5.0,org.javacc.utils,JavaFileGenerator,generate(PrintWriter),1,2,0,0,10,1,8,2,0,3,0,4,0
6173,/mnt/qualitas/qualitas_corpus_compile/javacc-5.0,org.javacc.utils,JavaFileGenerator,peekLine(BufferedReader),1,0,0,0,0,1,7,2,0,1,0,2,0
6174,/mnt/qualitas/qualitas_corpus_compile/javacc-5.0,org.javacc.utils,JavaFileGenerator,getLine(BufferedReader),1,0,0,0,0,1,10,2,0,2,0,3,0
6175,/mnt/qualitas/qualitas_corpus_compile/javacc-5.0,org.javacc.utils,JavaFileGenerator,evaluate(String),1,0,0,0,0,2,23,4,0,3,0,4,0
6440,/mnt/qualitas/qualitas_corpus_compile/javacc-5.0,org.javacc.jjdoc,JJDoc,'emitTokenProductions(Generator,List)',2,0,10,3,0,6,50,11,0,8,0,0
6535,/mnt/qualitas/qualitas_corpus_compile/javacc-5.0,org.javacc.parser,Semanticize,start(),0,2,19,5,2,8,413,89,0,23,0,61,1
6998,/mnt/qualitas/qualitas_corpus_compile/jsXe-04_beta,net.sourceforge.jsxe.gui,OptionsDialog,'OptionsDialog(Frame,String,String,String)',4,1,0,0,1,1,5,1,0,0
6999,/mnt/qualitas/qualitas_corpus_compile/jsXe-04_beta,net.sourceforge.jsxe.gui,OptionsDialog,'OptionsDialog(Dialog,String,String,String)',4,0,0,0,0,1,5,1,0,0
7000,/mnt/qualitas/qualitas_corpus_compile/jsXe-04_beta,net.sourceforge.jsxe.gui,OptionsDialog,addOptionGroup(OptionGroup),1,0,0,0,0,1,4,1,0,1,0,1,0
7001,/mnt/qualitas/qualitas_corpus_compile/jsXe-04_beta,net.sourceforge.jsxe.gui,OptionsDialog,addOptionPane(OptionPane),1,1,0,0,1,1,4,1,0,1,0,1,0
7274,/mnt/qualitas/qualitas_corpus_compile/jsXe-04_beta,net.sourceforge.jsxe,jsXe,main(String[]),1,0,7,2,0,6,270,35,0,42,0,62,0
7545,/mnt/qualitas/qualitas_corpus_compile/jsXe-04_beta,net.sourceforge.jsxe.dom,DOMSerializer,'rSerializeNode(Writer,Node,String,String,int,int,int)',7,0,9,1,0,8,1
8809,/mnt/qualitas/qualitas_corpus_compile/displaytag-1.2,org.displaytag.decorator,CheckboxTableDecorator,setId(String),1,0,0,0,0,1,4,1,0,1,0,2,0
8810,/mnt/qualitas/qualitas_corpus_compile/displaytag-1.2,org.displaytag.decorator,CheckboxTableDecorator,setFieldName(String),1,0,0,0,0,1,4,1,0,1,0,2,0
8811,/mnt/qualitas/qualitas_corpus_compile/displaytag-1.2,org.displaytag.decorator,CheckboxTableDecorator,'init(PageContext,Object,TableModel)',3,0,0,0,0,1,6,1,0,4,0
8812,/mnt/qualitas/qualitas_corpus_compile/displaytag-1.2,org.displaytag.decorator,CheckboxTableDecorator,finish(),0,0,0,0,0,4,29,4,0,5,0,6,0
9169,/mnt/qualitas/qualitas_corpus_compile/displaytag-1.2,org.displaytag.util,HtmlTagUtil,'abbreviateHtmlString(String,int,boolean)',3,1,0,0,1,6,160,31,0,18,0
10990,/mnt/qualitas/qualitas_corpus_compile/xmojo-5.0.0,com.adventnet.jmx,ObjectInputStreamSupport,'ObjectInputStreamSupport(InputStream,ClassLoader)',2,1,0,0,1,1,6,1,0,2,0,0
10991,/mnt/qualitas/qualitas_corpus_compile/xmojo-5.0.0,com.adventnet.jmx,ObjectInputStreamSupport,resolveClass(ObjectStreamClass),1,0,0,0,0,1,8,2,0,1,0,2,0
10992,/mnt/qualitas/qualitas_corpus_compile/xmojo-5.0.0,com.adventnet.jmx,DefaultDynamicMBean,DefaultDynamicMBean(Object),1,2,0,0,4,6,74,17,0,5,0,9,0
10993,/mnt/qualitas/qualitas_corpus_compile/xmojo-5.0.0,com.adventnet.jmx,DefaultDynamicMBean,getStandardMBeanObject(),0,1,0,0,10,1,4,1,0,0,0,1,0
10994,/mnt/qualitas/qualitas_corpus_compile/xmojo-5.0.0,com.adventnet.jmx,DefaultDynamicMBean,makeMBeanInfo(),0,0,0,0,0,1,12,1,0,2,0,7,0
11003,/mnt/qualitas/qualitas_corpus_compile/xmojo-5.0.0,com.adventnet.jmx,DefaultDynamicMBean,'invoke(String,Object[],String[])',3,0,4,4,0,8,244,50,0,32,1
11010,/mnt/qualitas/qualitas_corpus_compile/xmojo-5.0.0,com.adventnet.jmx,DefaultDynamicMBean,setAttribute(Attribute),1,0,7,5,0,8,208,44,0,29,0,36,1
11048,/mnt/qualitas/qualitas_corpus_compile/xmojo-5.0.0,com.adventnet.jmx,MBeanServerImpl,'createMBean(String,ObjectName,Object[],String[])',4,0,1,1,0,6,120,19,0,0
12190,/mnt/qualitas/qualitas_corpus_compile/quickserver-1.4.7,org.quickserver.util.io,ByteBufferOutputStream,setDebug(boolean),1,1,0,0,1,1,6,2,0,1,0,2,0
12191,/mnt/qualitas/qualitas_corpus_compile/quickserver-1.4.7,org.quickserver.util.io,ByteBufferOutputStream,isLoggable(Level),1,1,0,0,3,1,3,1,0,1,0,2,0
12192,/mnt/qualitas/qualitas_corpus_compile/quickserver-1.4.7,org.quickserver.util.io,ByteBufferOutputStream,'ByteBufferOutputStream(ArrayList,ClientHandler)',2,1,0,0,1,1,6,3,0,2,0,0
12193,/mnt/qualitas/qualitas_corpus_compile/quickserver-1.4.7,org.quickserver.util.io,ByteBufferOutputStream,close(),0,1,0,0,1,2,5,2,0,0,0,1,0
12282,/mnt/qualitas/qualitas_corpus_compile/quickserver-1.4.7,org.quickserver.net.qsadmin.gui,Propertie,'addToPanel(Container,GridBagConstraints,PropertiePanel,QSAdminMain)',4,1,0,0,1,3,98,7,0,0
12549,/mnt/qualitas/qualitas_corpus_compile/quickserver-1.4.7,org.quickserver.security,SecureStoreManager,loadKeyManagers(QuickServerConfig),1,1,10,4,1,3,84,11,0,9,0,21,1
13513,/mnt/qualitas/qualitas_corpus_compile/jpf-1.0.2,org.java.plugin.tools,PluginArchiver,'pack(PluginDescriptor,PathResolver,File)',3,1,0,0,1,1,7,1,0,3,0
13514,/mnt/qualitas/qualitas_corpus_compile/jpf-1.0.2,org.java.plugin.tools,PluginArchiver,'pack(PluginFragment,PathResolver,File)',3,1,0,0,1,1,7,1,0,3,0
13515,/mnt/qualitas/qualitas_corpus_compile/jpf-1.0.2,org.java.plugin.tools,PluginArchiver,'pack(URL,String,File)',3,0,0,0,0,3,20,3,0,7,0
13516,/mnt/qualitas/qualitas_corpus_compile/jpf-1.0.2,org.java.plugin.tools,PluginArchiver,'pack(PluginRegistry,PathResolver,File)',3,1,0,0,1,2,10,1,0,3,0
13957,/mnt/qualitas/qualitas_corpus_compile/jpf-1.0.2,org.java.plugin.tools.ant,BaseJpfTask,initRegistry(boolean),1,7,0,0,7,6,80,17,0,14,0,18,0
14396,/mnt/qualitas/qualitas_corpus_compile/jpf-1.0.2,org.java.plugin.standard,ShadowDataController,'shadowResource(URL,String,boolean)',3,1,0,0,1,6,147,23,0,21,0
14407,/mnt/qualitas/qualitas_corpus_compile/jpf-1.0.2,org.java.plugin.registry.xml,PluginRegistryImpl,register(URL[]),1,0,4,1,0,7,164,28,0,18,0,30,0
14802,/mnt/qualitas/qualitas_corpus_compile/picocontainer-2.10.2,org.picocontainer.security,CustomPermissionsURLClassLoader,'CustomPermissionsURLClassLoader(URL[],Map,ClassLoader)',3,1,0,0,1,1,4,1,0,3,0
14803,/mnt/qualitas/qualitas_corpus_compile/picocontainer-2.10.2,org.picocontainer.security,CustomPermissionsURLClassLoader,loadClass(String),1,0,0,0,0,2,7,2,0,2,0,2,0
14804,/mnt/qualitas/qualitas_corpus_compile/picocontainer-2.10.2,org.picocontainer.security,CustomPermissionsURLClassLoader,findClass(String),1,0,0,0,0,2,7,2,0,2,0,2,0
14805,/mnt/qualitas/qualitas_corpus_compile/picocontainer-2.10.2,org.picocontainer.security,CustomPermissionsURLClassLoader,'decorateException(String,ClassNotFoundException)',2,0,0,0,0,3,19,3,0,5,0,0
16168,/mnt/qualitas/qualitas_corpus_compile/freecs-1.3.20100406,freecs.auth.sqlConnectionPool,PoolElement,'PoolElement(ConnectionPool,Connection,DbProperties,int)',4,1,6,2,1,1,13,3,0,0
16169,/mnt/qualitas/qualitas_corpus_compile/freecs-1.3.20100406,freecs.auth.sqlConnectionPool,PoolElement,isValid(),0,0,4,2,0,2,20,7,0,0,0,11,0
16170,/mnt/qualitas/qualitas_corpus_compile/freecs-1.3.20100406,freecs.auth.sqlConnectionPool,PoolElement,cleanup(),0,2,3,1,5,3,40,10,0,1,0,11,0
16179,/mnt/qualitas/qualitas_corpus_compile/freecs-1.3.20100406,freecs.auth.sqlConnectionPool,PoolElement,'readColumns(User,ResultSet)',2,0,29,5,0,5,108,43,0,15,0,1
16181,/mnt/qualitas/qualitas_corpus_compile/freecs-1.3.20100406,freecs.auth.sqlConnectionPool,PoolElement,logoutUser(User),1,1,17,3,1,5,136,52,0,10,0,30,1
16324,/mnt/qualitas/qualitas_corpus_compile/freecs-1.3.20100406,freecs.commands,CmdKickToRoom,'execute(MessageState,String)',2,0,15,4,0,4,120,24,0,13,0,1
16821,/mnt/qualitas/qualitas_corpus_compile/freecs-1.3.20100406,freecs.util,HtmlEncoder,'encode(String,StringBuffer,boolean,Set)',4,0,0,0,0,11,406,127,0,0
17576,/mnt/qualitas/qualitas_corpus_compile/jag-6.1,com.finalist.jag.uml,UML2JagGenerator,UML2JagGenerator(ConsoleLogger),1,1,0,0,1,1,4,1,0,1,0,3,0
17577,/mnt/qualitas/qualitas_corpus_compile/jag-6.1,com.finalist.jag.uml,UML2JagGenerator,UML2JagGenerator(),0,0,0,0,0,1,3,1,0,0,0,1,0
17578,/mnt/qualitas/qualitas_corpus_compile/jag-6.1,com.finalist.jag.uml,UML2JagGenerator,'generateXML(String,String)',2,1,0,0,1,2,20,3,0,4,0,0
17582,/mnt/qualitas/qualitas_corpus_compile/jag-6.1,com.finalist.jag.uml,UML2JagGenerator,createEntityEJBs(SimpleModel),1,0,35,4,0,7,143,22,0,31,0,99,1
17585,/mnt/qualitas/qualitas_corpus_compile/jag-6.1,com.finalist.jag.uml,UML2JagGenerator,createSessionEJBs(SimpleModel),1,0,12,4,0,10,102,18,0,28,0,57,1
17827,/mnt/qualitas/qualitas_corpus_compile/jag-6.1,com.finalist.jaggenerator,SkeletValidator,validateSkelet(),0,1,24,6,1,8,374,87,0,39,0,72,1
19161,/mnt/qualitas/qualitas_corpus_compile/sunflow-0.07.2,org.sunflow.core.camera,SphericalLens,'update(ParameterList,SunflowAPI)',2,0,0,0,0,1,3,1,0,2,0,0
19162,/mnt/qualitas/qualitas_corpus_compile/sunflow-0.07.2,org.sunflow.core.camera,SphericalLens,'getRay(float,float,int,int,double,double,double)',7,0,0,0,0,1,0
19164,/mnt/qualitas/qualitas_corpus_compile/sunflow-0.07.2,org.sunflow.core.camera,PinholeLens,PinholeLens(),0,4,0,0,4,1,5,1,0,0,0,2,0
19165,/mnt/qualitas/qualitas_corpus_compile/sunflow-0.07.2,org.sunflow.core.camera,PinholeLens,'update(ParameterList,SunflowAPI)',2,0,0,0,0,1,7,1,0,2,0,0
19166,/mnt/qualitas/qualitas_corpus_compile/sunflow-0.07.2,org.sunflow.core.camera,PinholeLens,update(),0,0,0,0,0,1,4,1,0,0,0,4,0
19262,/mnt/qualitas/qualitas_corpus_compile/sunflow-0.07.2,org.sunflow.image,Bitmap,'Bitmap(String,boolean)',2,1,2,2,1,7,241,55,0,36,0,0
19306,/mnt/qualitas/qualitas_corpus_compile/sunflow-0.07.2,org.sunflow.core.shader,PhongShader,'scatterPhoton(ShadingState,Color)',2,0,11,3,0,2,38,3,0,14,0,1
19469,/mnt/qualitas/qualitas_corpus_compile/sunflow-0.07.2,org.sunflow.core.accel,KDTree,'buildTree(float,float,float,float,float,float,KDTree.BuildTask,int,IntArray,int,IntArray,KDTree.BuildStats)',12,0
20055,/mnt/qualitas/qualitas_corpus_compile/sunflow-0.07.2,org.sunflow.core.renderer,BucketRenderer,'renderBucket(Display,int,int,int,IntersectionState)',5,1,5,2,1,6,102,22,0
22267,/mnt/qualitas/qualitas_corpus_compile/jgrapht-0.8.1,org.jgrapht.experimental.permutation,CollectionPermutationIter,CollectionPermutationIter(Set),1,1,0,0,1,1,6,1,0,1,0,1,0
22268,/mnt/qualitas/qualitas_corpus_compile/jgrapht-0.8.1,org.jgrapht.experimental.permutation,CollectionPermutationIter,CollectionPermutationIter(List),1,0,0,0,0,1,6,1,0,1,0,1,0
22269,/mnt/qualitas/qualitas_corpus_compile/jgrapht-0.8.1,org.jgrapht.experimental.permutation,CollectionPermutationIter,'CollectionPermutationIter(List,ArrayPermutationsIter)',2,2,2,1,3,1,7,1,0,2,0,0
22270,/mnt/qualitas/qualitas_corpus_compile/jgrapht-0.8.1,org.jgrapht.experimental.permutation,CollectionPermutationIter,hasNext(),0,1,1,1,1,1,4,1,0,0,0,1,0
22454,/mnt/qualitas/qualitas_corpus_compile/jgrapht-0.8.1,org.jgrapht.graph,AbstractBaseGraph,'AbstractBaseGraph(EdgeFactory,boolean,boolean)',3,9,6,1,9,2,18,2,0,3,1
23002,/mnt/qualitas/qualitas_corpus_compile/jgrapht-0.8.1,org.jgrapht.alg,KShortestPathsIterator,'KShortestPathsIterator(Graph,Object,Object,int)',4,1,7,1,1,1,20,1,0,1
23792,/mnt/qualitas/qualitas_corpus_compile/emma-2.0.5312,com.vladium.jcd.cls.attribute,DeclaredExceptionTable,get(int),1,0,0,0,0,1,4,1,0,1,0,2,0
23793,/mnt/qualitas/qualitas_corpus_compile/emma-2.0.5312,com.vladium.jcd.cls.attribute,DeclaredExceptionTable,size(),0,0,0,0,0,1,4,1,0,0,0,1,0
23794,/mnt/qualitas/qualitas_corpus_compile/emma-2.0.5312,com.vladium.jcd.cls.attribute,DeclaredExceptionTable,length(),0,0,0,0,0,1,4,1,0,0,0,1,0
23795,/mnt/qualitas/qualitas_corpus_compile/emma-2.0.5312,com.vladium.jcd.cls.attribute,DeclaredExceptionTable,clone(),0,0,0,0,0,2,16,2,0,2,0,3,0
23944,/mnt/qualitas/qualitas_corpus_compile/emma-2.0.5312,com.vladium.util.args,OptsParser,parse(String[]),1,0,0,0,0,8,284,35,0,24,0,43,0
24131,/mnt/qualitas/qualitas_corpus_compile/emma-2.0.5312,com.vladium.emma.data,DataFactory,mergeload(File),1,0,3,3,0,8,104,21,0,17,0,21,0
24687,/mnt/qualitas/qualitas_corpus_compile/emma-2.0.5312,com.vladium.emma.instr,InstrVisitor.clinitHeader,'clinitHeader(InstrVisitor,int)',2,1,10,3,1,2,51,4,0,9,0,1
24802,/mnt/qualitas/qualitas_corpus_compile/emma-2.0.5312,com.vladium.emma.report.html,ReportGenerator,'embedSrcFile(SrcFileItem,HTMLDocument,IntObjectMap,SourcePathCache)',4,0,16,9,0,9,169,22,2,1
25184,/mnt/qualitas/qualitas_corpus_compile/emma-2.0.5312,com.vladium.emma.report,AbstractReportGenerator,'initialize(IMetaData,ICoverageData,SourcePathCache,IProperties)',4,3,12,6,3,6,159,23,0,1
27811,/mnt/qualitas/qualitas_corpus_compile/axion-1.0-M2,org.axiondb.jdbc,ConnectionFactory,isValidConnectString(String),1,2,0,0,2,1,3,1,0,1,0,2,0
27812,/mnt/qualitas/qualitas_corpus_compile/axion-1.0-M2,org.axiondb.jdbc,ConnectionFactory,createConnection(String),1,2,0,0,2,2,15,3,0,5,0,6,0
27813,/mnt/qualitas/qualitas_corpus_compile/axion-1.0-M2,org.axiondb.jdbc,AbstractAxionBlob,getBinaryStream(),0,0,0,0,0,1,3,1,0,0,0,0,0
28430,/mnt/qualitas/qualitas_corpus_compile/axion-1.0-M2,org.axiondb.engine,BaseArrayIndex,supportsOperator(ComparisonOperator),1,0,7,3,0,3,19,7,3,1,2,8,1
29067,/mnt/qualitas/qualitas_corpus_compile/axion-1.0-M2,org.axiondb.parser,AxionSqlParser,SqlTableList(FromNode),1,0,5,1,0,3,26,5,0,3,0,13,1
30537,/mnt/qualitas/qualitas_corpus_compile/axion-1.0-M2,org.axiondb.engine.commands,SelectCommand,'processFromTree(FromNode,Database)',2,0,14,4,0,6,164,39,0,25,0,1
35232,/mnt/qualitas/qualitas_corpus_compile/jgraphpad-5.10.0.2,org.jgraph.plugins.layouts,AnnealingLayoutSettings,'AnnealingLayoutSettings(AnnealingLayoutAlgorithm,boolean)',2,2,0,0,2,1,124,1,0,11,0,0
35233,/mnt/qualitas/qualitas_corpus_compile/jgraphpad-5.10.0.2,org.jgraph.plugins.layouts,AnnealingLayoutSettings,revert(),0,0,0,0,0,1,3,1,0,0,0,0,0
35447,/mnt/qualitas/qualitas_corpus_compile/jgraphpad-5.10.0.2,org.jgraph.plugins.layouts,GEMLayoutSettings,setOptimizationConfiguration(Properties),1,0,30,1,0,1,4,1,0,1,0,33,1
35920,/mnt/qualitas/qualitas_corpus_compile/jgraphpad-5.10.0.2,org.jgraph.plugins.codecs,JGraphGEOCodec,'decode(JGraph,DefaultGraphCell,DefaultGraphCell,DefaultGraphCell,InputStream,int,int)',7,1,0,0,1,7,0
36022,/mnt/qualitas/qualitas_corpus_compile/jgraphpad-5.10.0.2,org.microplatform.gui,org.microplatform.gui.MDIContainer$1,construct(),0,0,10,3,0,2,29,2,1,1,2,12,1
39449,/mnt/qualitas/qualitas_corpus_compile/cobertura-1.9.4.1,net.sourceforge.cobertura.javancss.parser.java15.debug,JavaParser15Debug,_formatPackage(String),1,0,0,0,0,2,7,2,0,1,0,1,0
39450,/mnt/qualitas/qualitas_corpus_compile/cobertura-1.9.4.1,net.sourceforge.cobertura.javancss.parser.java15.debug,JavaParser15Debug,parse(),0,0,0,0,0,1,3,1,0,0,0,0,0
39451,/mnt/qualitas/qualitas_corpus_compile/cobertura-1.9.4.1,net.sourceforge.cobertura.javancss.parser.java15.debug,JavaParser15Debug,parseImportUnit(),0,0,0,0,0,1,3,1,0,0,0,0,0
42784,/mnt/qualitas/qualitas_corpus_compile/quartz-1.8.3,org.quartz.xml,XMLSchedulingDataProcessor,XMLSchedulingDataProcessor(ClassLoadHelper),1,1,0,0,1,1,4,1,0,1,0,2,0
42785,/mnt/qualitas/qualitas_corpus_compile/quartz-1.8.3,org.quartz.xml,XMLSchedulingDataProcessor,initDocumentParser(),0,0,0,0,0,2,49,1,0,2,0,4,0
42786,/mnt/qualitas/qualitas_corpus_compile/quartz-1.8.3,org.quartz.xml,XMLSchedulingDataProcessor,resolveSchemaSource(),0,0,0,0,0,3,24,2,0,3,0,6,0
42804,/mnt/qualitas/qualitas_corpus_compile/quartz-1.8.3,org.quartz.xml,XMLSchedulingDataProcessor,process(InputSource),1,0,8,3,0,4,244,41,0,59,0,84,1
42817,/mnt/qualitas/qualitas_corpus_compile/quartz-1.8.3,org.quartz.xml,XMLSchedulingDataProcessor,scheduleJobs(Scheduler),1,0,6,2,0,8,176,41,0,14,0,21,1
43652,/mnt/qualitas/qualitas_corpus_compile/quartz-1.8.3,org.quartz.impl.jdbcjobstore,JobStoreSupport,'clusterRecover(Connection,List)',2,0,18,6,0,8,163,16,0,22,0,1
45788,/mnt/qualitas/qualitas_corpus_compile/drawswf-1.2.9,com.anotherbigidea.flash.sound,MP3Frame,getBitRate(),0,0,0,0,0,1,1,1,0,0,0,1,0
45789,/mnt/qualitas/qualitas_corpus_compile/drawswf-1.2.9,com.anotherbigidea.flash.sound,MP3Frame,getSampleRate(),0,1,0,0,2,1,1,1,0,0,0,1,0
45790,/mnt/qualitas/qualitas_corpus_compile/drawswf-1.2.9,com.anotherbigidea.flash.sound,MP3Frame,isStereo(),0,1,0,0,2,1,1,1,0,0,0,2,0
45800,/mnt/qualitas/qualitas_corpus_compile/drawswf-1.2.9,com.anotherbigidea.flash.sound,MP3Helper,getSoundDefinition(InputStream),1,0,8,2,0,3,39,7,0,9,0,16,1
48559,/mnt/qualitas/qualitas_corpus_compile/velocity-1.6.4,org.apache.velocity.convert,WebMacro,convert(String),1,0,0,0,0,3,30,4,0,7,0,8,0
48561,/mnt/qualitas/qualitas_corpus_compile/velocity-1.6.4,org.apache.velocity.convert,WebMacro,extractPath(String),1,0,0,0,0,1,6,2,0,2,0,2,0
48851,/mnt/qualitas/qualitas_corpus_compile/velocity-1.6.4,org.apache.velocity.anakia,AnakiaTask,'process(String,Document)',2,0,1,1,0,5,162,22,0,15,0,0
51585,/mnt/qualitas/qualitas_corpus_compile/jspwiki-2.8.4,com.ecyrd.management,SimpleMBean,'findGetterSetter(Class,String,Class)',3,0,0,0,0,2,18,3,0,7,0
51913,/mnt/qualitas/qualitas_corpus_compile/jspwiki-2.8.4,com.ecyrd.jspwiki.plugin,PageViewPlugin.PageViewManager,'execute(WikiContext,Map)',2,1,21,7,1,7,210,48,0,37,0,1
51933,/mnt/qualitas/qualitas_corpus_compile/jspwiki-2.8.4,com.ecyrd.jspwiki.plugin,RecentChangesPlugin,'execute(WikiContext,Map)',2,0,11,3,0,6,156,13,0,25,0,1
54352,/mnt/qualitas/qualitas_corpus_compile/jgraph-5.13.0.0,com.jgraph.layout,JGraphExampleLayoutCache,JGraphExampleLayoutCache(),0,0,0,0,0,1,3,1,0,0,0,0,0
54353,/mnt/qualitas/qualitas_corpus_compile/jgraph-5.13.0.0,com.jgraph.layout,JGraphExampleLayoutCache,JGraphExampleLayoutCache(JGraphExampleGraph),1,1,2,2,1,1,5,1,0,1,0,5,0
54585,/mnt/qualitas/qualitas_corpus_compile/jgraph-5.13.0.0,com.jgraph.layout.hierarchical,JGraphMedianHybridCrossingReduction,'transpose(int,JGraphHierarchyModel)',2,0,1,1,0,7,138,25,0,27,0,0
54683,/mnt/qualitas/qualitas_corpus_compile/jgraph-5.13.0.0,com.jgraph.example.panelexample,FlyweightUIComponent,'installAttributes(Object,CellView,boolean,JGraph)',4,2,5,3,2,6,119,15,0,1
57448,/mnt/qualitas/qualitas_corpus_compile/openjms-0.7.7-beta-1,org.exolab.jms.tranlog,DataTransactionLogEntry,DataTransactionLogEntry(),0,0,0,0,0,1,2,1,0,0,0,0,0
57449,/mnt/qualitas/qualitas_corpus_compile/openjms-0.7.7-beta-1,org.exolab.jms.tranlog,DataTransactionLogEntry,'DataTransactionLogEntry(ExternalXid,String)',2,1,0,0,1,1,3,1,0,2,0,0
57450,/mnt/qualitas/qualitas_corpus_compile/openjms-0.7.7-beta-1,org.exolab.jms.tranlog,DataTransactionLogEntry,'DataTransactionLogEntry(ExternalXid,String,long)',3,0,0,0,0,1,3,1,0,3,0
57536,/mnt/qualitas/qualitas_corpus_compile/openjms-0.7.7-beta-1,org.exolab.jms.plugins.proxygen,ProxyGenerator,'generateMethod(Method,SourceWriter)',2,0,0,0,0,4,153,36,0,27,0,0
57683,/mnt/qualitas/qualitas_corpus_compile/openjms-0.7.7-beta-1,org.exolab.jms.net.uri,URIHelper,convertHostToAddress(URI),1,7,7,1,9,3,20,5,0,6,0,12,1
65663,/mnt/qualitas/qualitas_corpus_compile/colt-1.2.0,cern.jet.math,NumericalIntegration,NumericalIntegration(),0,0,0,0,0,1,1,1,0,0,0,0,0
65664,/mnt/qualitas/qualitas_corpus_compile/colt-1.2.0,cern.jet.math,Exponential,Exponential(),0,0,0,0,0,1,1,1,0,0,0,0,0
65665,/mnt/qualitas/qualitas_corpus_compile/colt-1.2.0,cern.jet.math,ExponentialIntegral,ExponentialIntegral(),0,0,0,0,0,1,1,1,0,0,0,0,0
66698,/mnt/qualitas/qualitas_corpus_compile/colt-1.2.0,cern.colt.matrix.linalg,EigenvalueDecomposition,hqr2(),0,0,0,0,0,7,438,69,0,27,0,34,0
67233,/mnt/qualitas/qualitas_corpus_compile/colt-1.2.0,cern.colt.bitvector,BitVector,'forEachIndexFromToInState(int,int,boolean,IntProcedure)',4,0,1,1,0,6,111,21,0,0
70065,/mnt/qualitas/qualitas_corpus_compile/jung-2.0.1,edu.uci.ics.jung.visualization3d.decorators,PickableVertexPaintTransformer,transform(Object),1,0,3,1,0,1,7,2,0,1,0,4,0
70067,/mnt/qualitas/qualitas_corpus_compile/jung-2.0.1,edu.uci.ics.jung.io.graphml.parser,GraphElementParser,GraphElementParser(ParserContext),1,1,0,0,1,1,3,1,0,1,0,1,0
70068,/mnt/qualitas/qualitas_corpus_compile/jung-2.0.1,edu.uci.ics.jung.io.graphml.parser,GraphElementParser,'parse(XMLEventReader,StartElement)',2,0,19,6,0,6,143,17,0,20,0,1
74290,/mnt/qualitas/qualitas_corpus_compile/pooka-3.0-080505,net.suberic.pooka.resource,JDBCResourceManager,'createVariableBundle(String,VariableBundle)',2,0,0,0,0,2,22,2,0,3,0,0
74291,/mnt/qualitas/qualitas_corpus_compile/pooka-3.0-080505,net.suberic.pooka.resource,JDBCResourceManager,createMailcap(String),1,0,0,0,0,1,3,1,0,1,0,0,0
74292,/mnt/qualitas/qualitas_corpus_compile/pooka-3.0-080505,net.suberic.pooka.resource,JDBCResourceManager,'createPookaTrustManager(TrustManager[],String)',2,0,0,0,0,1,3,1,0,2,0,0
74434,/mnt/qualitas/qualitas_corpus_compile/pooka-3.0-080505,net.suberic.pooka.gui.search,SearchEntryPanel,setEnabled(boolean),1,1,11,1,1,2,10,2,0,3,0,21,1
74572,/mnt/qualitas/qualitas_corpus_compile/pooka-3.0-080505,net.suberic.pooka.thread,LoadMessageThread,loadWaitingMessages(),0,0,10,4,0,11,171,39,5,18,2,31,1
74824,/mnt/qualitas/qualitas_corpus_compile/pooka-3.0-080505,net.suberic.pooka.cache,CachingFolderInfo,loadFolder(boolean),1,0,8,2,0,10,121,33,2,9,2,30,0
79130,/mnt/qualitas/qualitas_corpus_compile/galleon-2.3.0,org.lnicholls.galleon.apps.desktop,DesktopConfiguration,getName(),0,1,0,0,1,1,5,1,0,0,0,1,0
79131,/mnt/qualitas/qualitas_corpus_compile/galleon-2.3.0,org.lnicholls.galleon.apps.desktop,DesktopConfiguration,setName(String),1,1,0,0,1,1,9,3,0,1,0,3,0
79132,/mnt/qualitas/qualitas_corpus_compile/galleon-2.3.0,org.lnicholls.galleon.apps.desktop,DesktopConfiguration,setModified(boolean),1,0,0,0,0,1,5,1,0,1,0,2,0
79143,/mnt/qualitas/qualitas_corpus_compile/galleon-2.3.0,org.lnicholls.galleon.apps.desktop,Desktop.DesktopScreen,update(),0,1,0,0,1,4,137,7,0,15,0,17,0
79187,/mnt/qualitas/qualitas_corpus_compile/galleon-2.3.0,org.lnicholls.galleon.apps.email,org.lnicholls.galleon.apps.email.Email$3,run(),0,0,10,3,0,8,235,25,0,24,0,32,1
79297,/mnt/qualitas/qualitas_corpus_compile/galleon-2.3.0,org.lnicholls.galleon.apps.internetSlideshows,InternetSlideshows,getPhotoDescriptions(String),1,1,0,0,1,9,177,21,0,19,0,20,0
80319,/mnt/qualitas/qualitas_corpus_compile/galleon-2.3.0,org.lnicholls.galleon.widget,DefaultApplication,init(IContext),1,22,10,4,22,4,77,7,3,7,2,22,1
81802,/mnt/qualitas/qualitas_corpus_compile/galleon-2.3.0,org.lnicholls.galleon.database,PersistentValueManager,'savePersistentValue(String,String,Date,int)',4,0,0,0,0,6,120,12,0,0
82142,/mnt/qualitas/qualitas_corpus_compile/galleon-2.3.0,org.lnicholls.galleon.apps.traffic,Traffic,'getTrafficResults(String,String,String,String,String)',5,1,0,0,1,7,193,21,0
82787,/mnt/qualitas/qualitas_corpus_compile/galleon-2.3.0,org.lnicholls.galleon.server,TiVoListener,'resolveService(JmDNS,String,String,ServiceInfo)',4,0,9,2,0,7,177,20,1,1
83515,/mnt/qualitas/qualitas_corpus_compile/wct-1.5.2,org.webcurator.core.harvester.agent,HarvestAgentFactoryImpl,'getHarvestAgent(String,int)',2,0,2,1,0,1,6,1,0,3,0,0
83516,/mnt/qualitas/qualitas_corpus_compile/wct-1.5.2,org.webcurator.core.harvester.agent,HarvestAgentFactoryImpl,'getLogReader(String,int)',2,0,1,1,0,1,3,1,0,2,0,0
83517,/mnt/qualitas/qualitas_corpus_compile/wct-1.5.2,org.webcurator.core.harvester.agent,HarvesterStatusUtil,formatTime(long),1,2,0,0,2,1,22,1,0,7,0,7,0
83567,/mnt/qualitas/qualitas_corpus_compile/wct-1.5.2,org.webcurator.ui.intray.controller,InTrayController,'processFormSubmission(HttpServletRequest,HttpServletResponse,Object,BindException)',4,0,13,1,0,3,47,13,0,1
83630,/mnt/qualitas/qualitas_corpus_compile/wct-1.5.2,org.webcurator.core.profiles,ProfileManager,createDefaultProfile(Agency),1,1,11,3,1,1,13,1,1,2,2,22,1
84867,/mnt/qualitas/qualitas_corpus_compile/wct-1.5.2,org.webcurator.ui.tools.controller,TreeToolController,'handle(HttpServletRequest,HttpServletResponse,Object,BindException)',4,1,32,7,1,8,363,47,3,1
86063,/mnt/qualitas/qualitas_corpus_compile/wct-1.5.2,org.webcurator.ui.site.controller,GeneratePermissionTemplateController,'processFormSubmission(HttpServletRequest,HttpServletResponse,Object,BindException)',4,0,34,8,0,6,119,19,7,1
86193,/mnt/qualitas/qualitas_corpus_compile/wct-1.5.2,org.webcurator.core.targets,TargetManagerImpl,'createBatchTargetInstances(AbstractTarget,Schedule,TargetGroup,boolean)',4,0,28,7,0,7,127,23,3,1
86194,/mnt/qualitas/qualitas_corpus_compile/wct-1.5.2,org.webcurator.core.targets,TargetManagerImpl,'createTargetInstances(AbstractTarget,Schedule,boolean)',3,0,29,7,0,7,142,26,2,22,1
87244,/mnt/qualitas/qualitas_corpus_compile/wct-1.5.2,org.webcurator.ui.admin.controller,CreateUserController,'processFormSubmission(HttpServletRequest,HttpServletResponse,Object,BindException)',4,0,52,6,0,6,157,15,2,1
87960,/mnt/qualitas/qualitas_corpus_compile/wct-1.5.2,org.webcurator.ui.target.controller,TargetSchedulesHandler,'processOther(TabbedController,Tab,HttpServletRequest,HttpServletResponse,Object,BindException)',6,0,16,7,0,7,139,1
88145,/mnt/qualitas/qualitas_corpus_compile/wct-1.5.2,org.webcurator.ui.target.controller,LogReaderController,'handle(HttpServletRequest,HttpServletResponse,Object,BindException)',4,0,22,4,0,7,160,26,1,1
88203,/mnt/qualitas/qualitas_corpus_compile/wct-1.5.2,org.webcurator.ui.target.controller,TargetSeedsHandler,'processOther(TabbedController,Tab,HttpServletRequest,HttpServletResponse,Object,BindException)',6,0,42,11,0,8,391,1
89228,/mnt/qualitas/qualitas_corpus_compile/proguard-4.5.1,proguard.optimize.info,CaughtClassFilter,CaughtClassFilter(ClassVisitor),1,1,0,0,1,1,4,1,0,1,0,2,0
89230,/mnt/qualitas/qualitas_corpus_compile/proguard-4.5.1,proguard.optimize.info,CaughtClassFilter,visitLibraryClass(LibraryClass),1,0,0,0,0,2,7,2,0,1,0,2,0
89302,/mnt/qualitas/qualitas_corpus_compile/proguard-4.5.1,proguard.optimize.info,ReadWriteFieldMarker,'visitConstantInstruction(Clazz,Method,CodeAttribute,int,ConstantInstruction)',5,0,8,3,0,1,32,7,1
89319,/mnt/qualitas/qualitas_corpus_compile/proguard-4.5.1,proguard.optimize.info,SideEffectInstructionChecker,'visitSimpleInstruction(Clazz,Method,CodeAttribute,int,SimpleInstruction)',5,0,18,2,0,2,29,19,0
91476,/mnt/qualitas/qualitas_corpus_compile/proguard-4.5.1,proguard.retrace,ReTrace,execute(),0,1,0,0,1,6,241,36,0,24,0,33,0
94532,/mnt/qualitas/qualitas_corpus_compile/roller-4.0.1,org.apache.roller.planet.util,Utilities,stripJsessionId(String),1,0,0,0,0,3,14,3,0,3,0,3,0
94533,/mnt/qualitas/qualitas_corpus_compile/roller-4.0.1,org.apache.roller.planet.util,Utilities,escapeHTML(String),1,0,0,0,0,1,3,1,0,1,0,1,0
94534,/mnt/qualitas/qualitas_corpus_compile/roller-4.0.1,org.apache.roller.planet.util,Utilities,'escapeHTML(String,boolean)',2,1,0,0,1,2,11,2,0,2,0,0
95454,/mnt/qualitas/qualitas_corpus_compile/roller-4.0.1,org.apache.roller.weblogger.ui.struts2.core,Profile,save(),0,0,13,3,0,4,46,6,8,4,2,23,1
95766,/mnt/qualitas/qualitas_corpus_compile/roller-4.0.1,org.apache.roller.weblogger.webservices.xmlrpc,MetaWeblogAPIHandler,'newPost(String,String,String,Hashtable,boolean)',5,0,18,2,0,6,95,15,1
95951,/mnt/qualitas/qualitas_corpus_compile/roller-4.0.1,org.apache.roller.weblogger.util,MailUtil,'sendEmailNotification(WeblogEntryComment,RollerMessages,I18nMessages,boolean)',4,2,3,2,2,6,228,29,0,1
96464,/mnt/qualitas/qualitas_corpus_compile/roller-4.0.1,org.apache.roller.weblogger.ui.core.util.menu,MenuHelper,'buildMenu(ParsedMenu,String,User,Weblog)',4,0,19,5,0,7,106,19,0,1
100312,/mnt/qualitas/qualitas_corpus_compile/mvnforum-1.2.2-ga,com.mvnforum.user,MessageFolderWebHandler,MessageFolderWebHandler(),0,0,0,0,0,1,2,1,0,0,0,0,0
100313,/mnt/qualitas/qualitas_corpus_compile/mvnforum-1.2.2-ga,com.mvnforum.user,MessageFolderWebHandler,prepareAdd(GenericRequest),1,1,1,1,1,2,16,2,0,5,0,7,0
100314,/mnt/qualitas/qualitas_corpus_compile/mvnforum-1.2.2-ga,com.mvnforum.user,MessageFolderWebHandler,processAdd(GenericRequest),1,1,2,2,1,2,33,3,0,11,0,14,0
100315,/mnt/qualitas/qualitas_corpus_compile/mvnforum-1.2.2-ga,com.mvnforum.user,MessageFolderWebHandler,prepareList(GenericRequest),1,1,7,4,1,3,36,4,0,11,0,21,1
100316,/mnt/qualitas/qualitas_corpus_compile/mvnforum-1.2.2-ga,com.mvnforum.user,MessageFolderWebHandler,prepareDelete(GenericRequest),1,1,7,3,1,2,43,7,0,10,0,17,1
100321,/mnt/qualitas/qualitas_corpus_compile/mvnforum-1.2.2-ga,com.mvnforum.user,WatchWebHandler,'sendMail_forMember(int,String,Timestamp)',3,0,13,4,0,3,135,18,0,20,1
100334,/mnt/qualitas/qualitas_corpus_compile/mvnforum-1.2.2-ga,com.mvnforum.user,PmAttachmentWebHandler,'processAdd(GenericRequest,GenericResponse)',2,1,31,5,1,6,271,33,0,54,0,1
100403,/mnt/qualitas/qualitas_corpus_compile/mvnforum-1.2.2-ga,com.mvnforum.user,AttachmentWebHandler,'processSearchAttachments(GenericRequest,GenericResponse)',2,1,13,4,1,3,102,15,0,27,0,1
100798,/mnt/qualitas/qualitas_corpus_compile/mvnforum-1.2.2-ga,com.mvnforum.auth,OnlineUserFactoryImpl,'getAuthenticatedUser(GenericRequest,GenericResponse,String,String,boolean)',5,0,22,6,0,6,115,20,1
106360,/mnt/qualitas/qualitas_corpus_compile/heritrix-1.14.4,org.archive.crawler.framework,AbstractTracker,'AbstractTracker(String,String)',2,1,1,1,1,1,7,1,0,3,0,0
106361,/mnt/qualitas/qualitas_corpus_compile/heritrix-1.14.4,org.archive.crawler.framework,AbstractTracker,initialize(CrawlController),1,1,0,0,1,1,7,1,0,1,0,2,0
106362,/mnt/qualitas/qualitas_corpus_compile/heritrix-1.14.4,org.archive.crawler.framework,AbstractTracker,run(),0,0,1,1,0,3,31,6,0,1,0,6,0
107206,/mnt/qualitas/qualitas_corpus_compile/heritrix-1.14.4,org.archive.extractor,RegexpHTMLLinkExtractor,'processGeneralTag(CharSequence,CharSequence)',2,0,1,1,0,6,125,30,0,17,0,0
107522,/mnt/qualitas/qualitas_corpus_compile/heritrix-1.14.4,org.archive.crawler.admin.ui,JobConfigureUtils,'handleJobAction(CrawlJobHandler,HttpServletRequest,HttpServletResponse,String,String,String)',6,0,1,1,0,6,118,0
108581,/mnt/qualitas/qualitas_corpus_compile/heritrix-1.14.4,org.archive.crawler.extractor,ExtractorHTML,'processGeneralTag(CrawlURI,CharSequence,CharSequence)',3,1,4,2,1,6,216,46,0,30,0
110103,/mnt/qualitas/qualitas_corpus_compile/heritrix-1.14.4,org.archive.crawler.settings,CrawlSettingsSAXHandler,CrawlSettingsSAXHandler(CrawlerSettings),1,1,34,3,1,1,54,1,0,1,0,38,0
111810,/mnt/qualitas/qualitas_corpus_compile/ganttproject-2.0.9,net.sourceforge.ganttproject.filter,GanttXMLFileFilter,GanttXMLFileFilter(),0,2,0,0,3,1,3,1,0,0,0,0,0
111811,/mnt/qualitas/qualitas_corpus_compile/ganttproject-2.0.9,net.sourceforge.ganttproject.filter,ExtensionBasedFileFilter,'ExtensionBasedFileFilter(String,String)',2,4,0,0,4,1,4,1,0,2,0,0
111812,/mnt/qualitas/qualitas_corpus_compile/ganttproject-2.0.9,net.sourceforge.ganttproject.filter,ExtensionBasedFileFilter,accept(File),1,0,0,0,0,2,6,2,0,1,0,2,0
111857,/mnt/qualitas/qualitas_corpus_compile/ganttproject-2.0.9,org.ganttproject.impex.msproject,GanttMPXJOpen,'processTask(TaskManager,MPXCalendar,Task,DefaultMutableTreeNode)',4,0,11,1,0,3,99,15,0,1
112030,/mnt/qualitas/qualitas_corpus_compile/ganttproject-2.0.9,net.sourceforge.ganttproject.gui.options,CSVSettingsPanel,applyChanges(boolean),1,0,19,3,0,3,45,21,1,2,2,23,1
115471,/mnt/qualitas/qualitas_corpus_compile/ganttproject-2.0.9,net.sourceforge.ganttproject,GanttOptions.GanttXMLOptionsParser,'startElement(String,String,String,Attributes)',4,0,52,3,0,6,333,144,0,1
117618,/mnt/qualitas/qualitas_corpus_compile/freemind-0.9.0,freemind.modes.browsemode,BrowseHookFactory,BrowseHookFactory(),0,1,0,0,1,1,3,1,0,0,0,0,0
117619,/mnt/qualitas/qualitas_corpus_compile/freemind-0.9.0,freemind.modes.browsemode,BrowseHookFactory,getPossibleNodeHooks(),0,0,0,0,0,1,3,1,0,0,0,0,0
117620,/mnt/qualitas/qualitas_corpus_compile/freemind-0.9.0,freemind.modes.browsemode,BrowseHookFactory,getPossibleModeControllerHooks(),0,0,0,0,0,1,3,1,0,0,0,0,0
118589,/mnt/qualitas/qualitas_corpus_compile/freemind-0.9.0,freemind.modes.mindmapmode.listeners,MindMapNodeDropListener,drop(DropTargetDropEvent),1,0,6,5,0,6,161,20,0,18,0,27,1
119166,/mnt/qualitas/qualitas_corpus_compile/freemind-0.9.0,accessories.plugins,ImportMindmanagerFiles,importMindmanagerFile(File),1,0,2,2,0,4,41,7,0,10,0,14,0
123363,/mnt/qualitas/qualitas_corpus_compile/freemind-0.9.0,freemind.modes.mindmapmode.actions,PasteAction,'pasteStringWithoutRedisplay(Transferable,MindMapNode,boolean,boolean)',4,2,1,1,2,6,107,22,0,0
129763,/mnt/qualitas/qualitas_corpus_compile/itext-5.0.3,com.itextpdf.text.pdf.collection,PdfCollection,PdfCollection(int),1,1,6,1,1,1,16,4,0,1,0,10,0
129764,/mnt/qualitas/qualitas_corpus_compile/itext-5.0.3,com.itextpdf.text.pdf.collection,PdfCollection,setInitialDocument(String),1,0,1,1,0,1,3,1,0,1,0,2,0
129765,/mnt/qualitas/qualitas_corpus_compile/itext-5.0.3,com.itextpdf.text.pdf.collection,PdfCollection,setSchema(PdfCollectionSchema),1,0,1,1,0,1,3,1,0,1,0,2,0
129766,/mnt/qualitas/qualitas_corpus_compile/itext-5.0.3,com.itextpdf.text.pdf.collection,PdfCollection,getSchema(),0,0,1,1,0,1,3,1,0,0,0,1,0
129892,/mnt/qualitas/qualitas_corpus_compile/itext-5.0.3,com.itextpdf.text.pdf.qrcode,Encoder,'encode(String,ErrorCorrectionLevel,Map,QRCode)',4,1,10,3,1,3,57,8,0,1
130012,/mnt/qualitas/qualitas_corpus_compile/itext-5.0.3,com.itextpdf.text.pdf.fonts.cmaps,CMapParser,parse(InputStream),1,1,2,1,1,8,103,16,0,21,0,30,0
130041,/mnt/qualitas/qualitas_corpus_compile/itext-5.0.3,com.itextpdf.text.html.simpleparser,FactoryProperties,getFont(ChainedProperties),1,0,11,4,0,3,33,12,0,8,0,20,1
131521,/mnt/qualitas/qualitas_corpus_compile/itext-5.0.3,com.itextpdf.text.pdf.codec,TIFFFaxDecoder,'decode2D(byte[],byte[],int,int,long)',5,1,0,0,1,6,150,11,0
131522,/mnt/qualitas/qualitas_corpus_compile/itext-5.0.3,com.itextpdf.text.pdf.codec,TIFFFaxDecoder,'decodeT6(byte[],byte[],int,int,long)',5,1,0,0,1,8,217,23,0
132567,/mnt/qualitas/qualitas_corpus_compile/itext-5.0.3,com.itextpdf.text.pdf,PdfDocument,'writeLineToContent(PdfLine,PdfContentByte,PdfContentByte,Object[],float)',5,1,35,10,1,6,345,101,1
133047,/mnt/qualitas/qualitas_corpus_compile/itext-5.0.3,com.itextpdf.text.pdf,PdfContentByte,'addImage(Image,float,float,float,float,float,float,boolean)',8,1,12,4,1,1
133266,/mnt/qualitas/qualitas_corpus_compile/itext-5.0.3,com.itextpdf.text.pdf,AcroFields,'setFieldProperty(String,String,Object,int[])',4,0,15,6,0,9,150,38,0,1
134660,/mnt/qualitas/qualitas_corpus_compile/itext-5.0.3,com.itextpdf.text.pdf,BidiOrder,'resolveWeakTypes(int,int,byte,byte,byte)',5,0,0,0,0,6,110,35,0
134871,/mnt/qualitas/qualitas_corpus_compile/itext-5.0.3,com.itextpdf.text.pdf,PdfPRow,'writeCells(int,int,float,float,PdfContentByte[])',5,1,35,6,1,7,223,49,1
135010,/mnt/qualitas/qualitas_corpus_compile/itext-5.0.3,com.itextpdf.text.pdf,SimpleBookmark,'createOutlineAction(PdfDictionary,HashMap,PdfWriter,boolean)',4,0,13,3,0,6,103,29,0,1
135592,/mnt/qualitas/qualitas_corpus_compile/jedit-4.3.2,org.gjt.sp.jedit.help,HistoryButton,'HistoryButton(int,HelpHistoryModel)',2,1,0,0,1,1,26,1,0,3,0,0
135593,/mnt/qualitas/qualitas_corpus_compile/jedit-4.3.2,org.gjt.sp.jedit.help,HistoryButton,setEnabled(boolean),1,1,0,0,1,1,6,1,0,1,0,4,0
135594,/mnt/qualitas/qualitas_corpus_compile/jedit-4.3.2,org.gjt.sp.jedit.help,HistoryButton,addActionListener(ActionListener),1,1,0,0,1,1,5,1,0,1,0,3,0
135619,/mnt/qualitas/qualitas_corpus_compile/jedit-4.3.2,org.gjt.sp.jedit.help,HelpIndex,indexEditorHelp(),0,1,5,3,1,3,35,5,0,4,0,11,1
136328,/mnt/qualitas/qualitas_corpus_compile/jedit-4.3.2,org.gjt.sp.jedit.textarea,ChunkCache,updateChunksUpTo(int),1,0,8,7,0,6,167,24,0,11,0,33,1
140702,/mnt/qualitas/qualitas_corpus_compile/jedit-4.3.2,org.gjt.sp.jedit,Buffer,'save(View,String,boolean,boolean)',4,2,10,7,2,7,194,29,0,1
141039,/mnt/qualitas/qualitas_corpus_compile/jedit-4.3.2,org.gjt.sp.jedit.gui,ExtendedGridLayout,'buildGrid(Container,List,Set,Set)',4,0,4,1,0,7,197,37,0,1
142516,/mnt/qualitas/qualitas_corpus_compile/columba-1.0,org.columba.core.gui.trayicon,ColumbaTrayIcon,ColumbaTrayIcon(),0,0,0,0,0,1,5,1,0,0,0,1,0
142517,/mnt/qualitas/qualitas_corpus_compile/columba-1.0,org.columba.core.gui.trayicon,ColumbaTrayIcon,getInstance(),0,2,0,0,2,1,3,1,0,0,0,1,0
142518,/mnt/qualitas/qualitas_corpus_compile/columba-1.0,org.columba.core.gui.trayicon,ColumbaTrayIcon,addToSystemTray(IFrameMediator),1,0,1,1,0,2,15,1,0,1,0,7,0
142519,/mnt/qualitas/qualitas_corpus_compile/columba-1.0,org.columba.core.gui.trayicon,ColumbaTrayIcon,setTooltip(String),1,0,0,0,0,1,3,1,0,1,0,3,0
143757,/mnt/qualitas/qualitas_corpus_compile/columba-1.0,org.columba.mail.smtp,SMTPServer,ensureAuthenticated(),0,0,10,6,0,7,167,16,0,14,0,37,1
144555,/mnt/qualitas/qualitas_corpus_compile/columba-1.0,org.columba.mail,EudoraMailImportFilter,'convertAndSaveMessage(String,String,IWorkerStatusController,IMailbox)',4,0,3,1,0,7,160,18,0,1
149468,/mnt/qualitas/qualitas_corpus_compile/jhotdraw-7.5.1,org.jhotdraw.draw.locator,AbstractLocator,AbstractLocator(),0,0,0,0,0,1,2,1,0,0,0,0,0
149469,/mnt/qualitas/qualitas_corpus_compile/jhotdraw-7.5.1,org.jhotdraw.draw.locator,AbstractLocator,'locate(Figure,Figure)',2,0,0,0,0,1,4,1,0,2,0,0
149472,/mnt/qualitas/qualitas_corpus_compile/jhotdraw-7.5.1,org.jhotdraw.draw.locator,BezierPointLocator,BezierPointLocator(int),1,0,0,0,0,1,4,1,0,1,0,3,0
149473,/mnt/qualitas/qualitas_corpus_compile/jhotdraw-7.5.1,org.jhotdraw.draw.locator,BezierPointLocator,'BezierPointLocator(int,int)',2,0,0,0,0,1,4,1,0,2,0,0
149999,/mnt/qualitas/qualitas_corpus_compile/jhotdraw-7.5.1,org.jhotdraw.samples.odg.io,ODGStylesReader,'readGraphicPropertiesElement(IXMLElement,HashMap)',2,0,9,3,0,2,56,7,0,5,0,1
150001,/mnt/qualitas/qualitas_corpus_compile/jhotdraw-7.5.1,org.jhotdraw.samples.odg.io,ODGStylesReader,readStylesElement(IXMLElement),1,0,0,0,0,1,3,1,0,1,0,2,0
150060,/mnt/qualitas/qualitas_corpus_compile/jhotdraw-7.5.1,org.jhotdraw.samples.odg.io,ODGInputFormat,toPath(String),1,0,10,3,0,5,441,89,0,17,0,29,1
153297,/mnt/qualitas/qualitas_corpus_compile/jhotdraw-7.5.1,org.jhotdraw.draw,DefaultDrawingViewTransferHandler,'importData(JComponent,Transferable,HashSet,Point)',4,0,0,0,0,10,223,29,0,0
156935,/mnt/qualitas/qualitas_corpus_compile/aoi-2.8.1,artofillusion.animation.distortion,CustomDistortionTrack,CustomDistortionTrack(ObjectInfo),1,0,1,1,0,1,14,1,0,1,0,9,0
156936,/mnt/qualitas/qualitas_corpus_compile/aoi-2.8.1,artofillusion.animation.distortion,CustomDistortionTrack,apply(double),1,0,5,4,0,1,15,3,0,5,0,16,0
156937,/mnt/qualitas/qualitas_corpus_compile/aoi-2.8.1,artofillusion.animation.distortion,CustomDistortionTrack,duplicate(Object),1,0,0,0,0,1,14,1,0,2,0,10,0
156938,/mnt/qualitas/qualitas_corpus_compile/aoi-2.8.1,artofillusion.animation.distortion,CustomDistortionTrack,copy(Track),1,0,0,0,0,1,13,1,0,2,0,11,0
156976,/mnt/qualitas/qualitas_corpus_compile/aoi-2.8.1,artofillusion.animation.distortion,BendDistortion,transform(Mesh),1,0,4,2,0,3,105,25,0,16,0,32,0
157307,/mnt/qualitas/qualitas_corpus_compile/aoi-2.8.1,artofillusion.object,TriangleMesh,'doSubdivide(TriangleMesh,Vertex[],Edge[],Face[],boolean[],Vertex[],Edge[],Face[],double[][][],double[][][],int[])',11,0,0
158055,/mnt/qualitas/qualitas_corpus_compile/aoi-2.8.1,artofillusion.object,SplineMesh,'interpOneAxis(MeshVertex[][],float[],double[][][],boolean,double)',5,0,1,1,0,6,102,23,0
160605,/mnt/qualitas/qualitas_corpus_compile/aoi-2.8.1,artofillusion.view,SoftwareCanvasDrawer,'renderFlatTriangle(Vec2,double,Vec2,double,Vec2,double,int,int,double,int,RGBColor)',11,0,0
160606,/mnt/qualitas/qualitas_corpus_compile/aoi-2.8.1,artofillusion.view,SoftwareCanvasDrawer,'renderSmoothTriangle(Vec2,double,Vec2,double,Vec2,double,int,int,double,RGBColor,RGBColor,RGBColor)',12,1
160975,/mnt/qualitas/qualitas_corpus_compile/aoi-2.8.1,artofillusion.raytracer,PhotonMap,'propagateRay(Ray,OctreeNode,RTObject,double,MaterialMapping,MaterialMapping,Mat4,Mat4,RGBColor,int,double,boolean,boolean)',1
161060,/mnt/qualitas/qualitas_corpus_compile/aoi-2.8.1,artofillusion.raytracer,Raytracer,'traceLightRay(Ray,Light,int,OctreeNode,OctreeNode,double,double,MaterialMapping,MaterialMapping,Mat4,Mat4)',11,0,1
161061,/mnt/qualitas/qualitas_corpus_compile/aoi-2.8.1,artofillusion.raytracer,Raytracer,'propagateRay(Ray,OctreeNode,double,MaterialMapping,MaterialMapping,Mat4,Mat4,RGBColor,RGBColor,int,double)',11,1,1
161126,/mnt/qualitas/qualitas_corpus_compile/aoi-2.8.1,artofillusion.translators,OBJExporter,'writeScene(Scene,PrintWriter,boolean,double,boolean,boolean,TextureImageExporter,String)',8,0,18,7,0,1
162348,/mnt/qualitas/qualitas_corpus_compile/aoi-2.8.1,artofillusion.raster,Raster,'createFinalImage(Vec3,Vec3,Vec3,Vec3)',4,0,5,1,0,8,165,11,0,1
162358,/mnt/qualitas/qualitas_corpus_compile/aoi-2.8.1,artofillusion.raster,Raster,'renderTriangleGouraud(Vec2,float,double,double,RGBColor,RGBColor,Vec2,float,double,double,RGBColor,RGBColor,Vec2,1
162360,/mnt/qualitas/qualitas_corpus_compile/aoi-2.8.1,artofillusion.raster,Raster,'renderTriangleHybrid(Vec2,float,Vec3,Vec3,double,double,RGBColor,Vec2,float,Vec3,Vec3,double,double,1
162362,/mnt/qualitas/qualitas_corpus_compile/aoi-2.8.1,artofillusion.raster,Raster,'renderTrianglePhong(Vec2,float,Vec3,Vec3,double,double,Vec2,float,Vec3,Vec3,double,double,Vec2,1
163922,/mnt/qualitas/qualitas_corpus_compile/hsqldb-2.0.0,org.hsqldb.result,ResultMetaData,newUpdateResultMetaData(Type[]),1,1,0,0,1,1,12,1,0,2,0,6,0
163923,/mnt/qualitas/qualitas_corpus_compile/hsqldb-2.0.0,org.hsqldb.result,ResultMetaData,newSimpleResultMetaData(Type[]),1,1,0,0,4,1,10,1,0,2,0,6,0
163924,/mnt/qualitas/qualitas_corpus_compile/hsqldb-2.0.0,org.hsqldb.result,ResultMetaData,newResultMetaData(int),1,3,0,0,3,1,6,1,0,2,0,2,0
163954,/mnt/qualitas/qualitas_corpus_compile/hsqldb-2.0.0,org.hsqldb.result,Result,'newResult(Session,DataInput,RowInputBinary,int)',4,0,39,3,0,2,239,41,0,1
164874,/mnt/qualitas/qualitas_corpus_compile/hsqldb-2.0.0,org.hsqldb,ParserDML,'resolveUpdateExpressions(Table,RangeVariable[],int[],Expression[],RangeVariable[])',5,1,14,5,1,6,105,22,1
165624,/mnt/qualitas/qualitas_corpus_compile/hsqldb-2.0.0,org.hsqldb,SchemaObjectSet,'addAllSQL(OrderedHashSet,OrderedHashSet,HsqlArrayList,Iterator,OrderedHashSet)',5,1,16,6,1,7,103,26,1
166943,/mnt/qualitas/qualitas_corpus_compile/hsqldb-2.0.0,org.hsqldb,StatementDML,'performReferentialActions(Session,Table,RowSetNavigatorDataChange,Row,Object[],int[],HashSet)',7,0,21,8,0,6,1
167094,/mnt/qualitas/qualitas_corpus_compile/hsqldb-2.0.0,org.hsqldb,ParserDQL,'readExpression(HsqlArrayList,short[],int,int,boolean)',5,0,13,6,0,6,132,24,1
167202,/mnt/qualitas/qualitas_corpus_compile/hsqldb-2.0.0,org.hsqldb,Routine,'getMethod(String,Routine,boolean[],boolean)',4,0,7,5,0,6,122,25,0,1
169130,/mnt/qualitas/qualitas_corpus_compile/hsqldb-2.0.0,org.hsqldb.index,IndexAVL,'findNode(Session,PersistentStore,Object[],int[],int,int,int,boolean)',8,0,11,5,0,1
170625,/mnt/qualitas/qualitas_corpus_compile/hsqldb-2.0.0,org.hsqldb.cmdline,SqlFile,'displayResultSet(Statement,ResultSet,int[],String)',4,0,11,2,0,7,429,97,0,1
170844,/mnt/qualitas/qualitas_corpus_compile/hsqldb-2.0.0,org.hsqldb.store,BaseHashMap,'addOrRemoveMultiVal(long,long,Object,Object,boolean,boolean)',6,2,2,1,4,7,183,0
179843,/mnt/qualitas/qualitas_corpus_compile/xerces-2.10.0,org.apache.xerces.impl,XMLVersionDetector,reset(XMLComponentManager),1,4,0,0,4,1,10,2,0,2,0,9,0
179844,/mnt/qualitas/qualitas_corpus_compile/xerces-2.10.0,org.apache.xerces.impl,XMLVersionDetector,'startDocumentParsing(XMLEntityHandler,short)',2,4,11,3,4,2,18,2,0,2,0,1
179846,/mnt/qualitas/qualitas_corpus_compile/xerces-2.10.0,org.apache.xerces.impl,XMLVersionDetector,'fixupCurrentEntity(XMLEntityManager,char[],int)',3,0,8,2,0,2,25,4,0,6,1
179871,/mnt/qualitas/qualitas_corpus_compile/xerces-2.10.0,org.apache.xerces.impl,XMLEntityManager,'setupCurrentEntity(String,XMLInputSource,boolean,boolean)',4,1,8,3,1,7,251,66,0,1
189263,/mnt/qualitas/qualitas_corpus_compile/jena-2.6.3,jena,sparql,main(String[]),1,0,0,0,0,1,4,1,0,1,0,1,0
189264,/mnt/qualitas/qualitas_corpus_compile/jena-2.6.3,jena,dbdump,main(String[]),1,0,0,0,0,1,13,1,0,2,0,7,0
189265,/mnt/qualitas/qualitas_corpus_compile/jena-2.6.3,jena,dbdump,dbdump(),0,0,0,0,0,1,4,1,0,0,0,0,0
189349,/mnt/qualitas/qualitas_corpus_compile/jena-2.6.3,jena,schemagen,determineLanguage(),0,0,7,2,0,3,39,7,0,1,0,12,1
191093,/mnt/qualitas/qualitas_corpus_compile/jena-2.6.3,com.hp.hpl.jena.rdf.arp,JenaReader,'processArpOptions(ARPOptions,String,Object,RDFErrorHandler)',4,1,1,1,1,6,117,31,0,0
191443,/mnt/qualitas/qualitas_corpus_compile/jena-2.6.3,com.hp.hpl.jena.reasoner.rulesys.impl,LPInterpreter,run(),0,0,52,13,0,8,394,92,2,39,3,116,1
198770,/mnt/qualitas/qualitas_corpus_compile/jena-2.6.3,com.hp.hpl.jena.reasoner.rulesys,FBRuleInfGraph,prepare(),0,4,7,4,5,7,102,22,0,13,0,35,0
208461,/mnt/qualitas/qualitas_corpus_compile/freecol-0.10.3,net.sf.freecol.client.gui.i18n,Relation,Relation(List),1,1,0,0,1,1,3,1,0,1,0,1,0
208462,/mnt/qualitas/qualitas_corpus_compile/freecol-0.10.3,net.sf.freecol.client.gui.i18n,Relation,'Relation(int,int)',2,0,0,0,0,1,4,1,0,2,0,0
208948,/mnt/qualitas/qualitas_corpus_compile/freecol-0.10.3,net.sf.freecol.client.gui,TilePopup,'TilePopup(Tile,FreeColClient,Canvas,GUI)',4,1,16,11,1,6,289,34,3,1
212455,/mnt/qualitas/qualitas_corpus_compile/freecol-0.10.3,net.sf.freecol.common.model,SimpleCombatModel,'resolveAttack(Unit,Unit,boolean,float,List)',5,0,31,6,0,7,150,45,1
217123,/mnt/qualitas/qualitas_corpus_compile/drjava-stable-20100913-r5387,edu.rice.cs.drjava.model.repl,InteractionsEditorKit,getContentType(),0,0,0,0,0,1,1,1,0,0,0,0,0
217124,/mnt/qualitas/qualitas_corpus_compile/drjava-stable-20100913-r5387,edu.rice.cs.drjava.model.repl,InteractionsEditorKit,getViewFactory(),0,0,0,0,0,1,1,1,0,0,0,1,0
217461,/mnt/qualitas/qualitas_corpus_compile/drjava-stable-20100913-r5387,edu.rice.cs.drjava.model.repl,InteractionsDJDocument,'setColoring(int,Graphics)',2,2,19,3,2,5,54,13,0,4,0,1
218980,/mnt/qualitas/qualitas_corpus_compile/drjava-stable-20100913-r5387,edu.rice.cs.drjava.ui,AutoCompletePopup,'show(Component,String,String,int,SizedIterable,SizedIterable,int,Runnable,SizedIterable)',9,1,2,2,0
228487,/mnt/qualitas/qualitas_corpus_compile/xalan-2.7.1,org.apache.xpath,VariableStack,VariableStack(),0,2,0,0,2,1,4,1,0,0,0,0,0
228488,/mnt/qualitas/qualitas_corpus_compile/xalan-2.7.1,org.apache.xpath,VariableStack,VariableStack(int),1,2,0,0,2,1,5,1,0,1,0,1,0
228489,/mnt/qualitas/qualitas_corpus_compile/xalan-2.7.1,org.apache.xpath,VariableStack,clone(),0,1,0,0,2,1,11,1,0,1,0,3,0
229279,/mnt/qualitas/qualitas_corpus_compile/xalan-2.7.1,org.apache.xalan.xsltc.compiler,Sort,'compileSortRecordFactory(Vector,ClassGenerator,MethodGenerator,String)',4,0,4,3,0,3,141,6,1,0
230729,/mnt/qualitas/qualitas_corpus_compile/xalan-2.7.1,org.apache.xalan.xsltc.dom,XSLTCDTMManager,'getDTM(Source,boolean,DTMWSFilter,boolean,boolean,boolean,int,boolean,boolean)',9,0,5,3,1
239163,/mnt/qualitas/qualitas_corpus_compile/findbugs-1.3.9,edu.umd.cs.findbugs.jaif,JAIFEnumConstant,JAIFEnumConstant(String),1,1,0,0,1,1,3,1,0,1,0,2,0
239164,/mnt/qualitas/qualitas_corpus_compile/findbugs-1.3.9,edu.umd.cs.findbugs.jaif,JAIFEnumConstant,getName(),0,0,0,0,0,1,3,1,0,0,0,1,0
239165,/mnt/qualitas/qualitas_corpus_compile/findbugs-1.3.9,edu.umd.cs.findbugs.jaif,JAIFEnumConstant,toString(),0,0,0,0,0,1,4,1,0,0,0,1,0
239237,/mnt/qualitas/qualitas_corpus_compile/findbugs-1.3.9,edu.umd.cs.findbugs.classfile.engine,ClassParserUsingASM,parse(ClassNameAndSuperclassInfo.Builder),1,0,3,1,0,7,325,40,0,11,0,20,0
244299,/mnt/qualitas/qualitas_corpus_compile/findbugs-1.3.9,edu.umd.cs.findbugs.ba.npe,IsNullValueAnalysis,'meetInto(IsNullValueFrame,Edge,IsNullValueFrame,boolean)',4,0,8,6,0,9,192,43,0,1
246997,/mnt/qualitas/qualitas_corpus_compile/findbugs-1.3.9,edu.umd.cs.findbugs.detect,FindOpenStream,'analyzeMethod(ClassContext,Method,StreamResourceTracker,ResourceCollection)',4,0,10,8,0,6,118,21,2,1
249754,/mnt/qualitas/qualitas_corpus_compile/castor-1.3.1,org.exolab.castor.builder.appInfo.generated.simple,Father,Father(),0,0,0,0,0,1,3,1,0,0,0,0,0
249755,/mnt/qualitas/qualitas_corpus_compile/castor-1.3.1,org.exolab.castor.builder.appInfo.generated.simple,Father,deleteSsnr(),0,0,0,0,0,1,4,1,0,0,0,1,0
249756,/mnt/qualitas/qualitas_corpus_compile/castor-1.3.1,org.exolab.castor.builder.appInfo.generated.simple,Father,getFirstName(),0,1,0,0,1,1,4,1,0,0,0,1,0
249871,/mnt/qualitas/qualitas_corpus_compile/castor-1.3.1,org.castor.xmlctf.bestpractise.genpackage.descriptors,PartialTerminationDescriptor,PartialTerminationDescriptor(),0,0,13,4,0,3,250,1,0,4,0,32,1
250259,/mnt/qualitas/qualitas_corpus_compile/castor-1.3.1,org.castor.persist,AbstractTransactionContext,'load(Identity,ProposedEntity,AccessMode,QueryResults)',4,0,11,3,0,3,186,29,0,1
251223,/mnt/qualitas/qualitas_corpus_compile/castor-1.3.1,org.castor.cpa.persistence.sql.driver,InterbaseQueryExpression,appendJoin(JDBCQueryExpression.Join),1,0,10,2,0,3,28,5,0,4,0,18,1
252948,/mnt/qualitas/qualitas_corpus_compile/castor-1.3.1,org.exolab.castor.xml,Marshaller,'marshal(Object,XMLFieldDescriptor,ContentHandler,Marshaller.MarshalState)',4,0,13,9,0,10,1134,248,1,1
261963,/mnt/qualitas/qualitas_corpus_compile/exoportal-v1.0.2,org.exoplatform.faces.core.renderer.html,StringInputRenderer,'encodeBegin(FacesContext,UIComponent)',2,0,8,3,0,2,38,12,0,7,0,1
262361,/mnt/qualitas/qualitas_corpus_compile/exoportal-v1.0.2,org.exoplatform.services.organization.ldap,UserHandler,findUsers(Query),1,1,5,2,1,6,108,23,0,25,0,37,1
264266,/mnt/qualitas/qualitas_corpus_compile/exoportal-v1.0.2,org.exoplatform.services.portletcontainer.impl,PortletApplicationHandler,'process(ServletContext,HttpServletRequest,HttpServletResponse,Input,Output,PortletWindowInternal,boolean)',7,2,27,13,2,7,1
298421,/mnt/qualitas/qualitas_corpus_compile/tomcat-7.0.2,org.apache.catalina.valves,RemoteAddrValve,getInfo(),0,0,0,0,0,1,6,1,0,0,0,1,0
298422,/mnt/qualitas/qualitas_corpus_compile/tomcat-7.0.2,org.apache.catalina.valves,RemoteAddrValve,'invoke(Request,Response)',2,0,1,1,0,1,7,1,0,2,0,0
298424,/mnt/qualitas/qualitas_corpus_compile/tomcat-7.0.2,org.apache.catalina.valves,JDBCAccessLogValve,JDBCAccessLogValve(),0,0,0,0,0,1,21,1,0,0,0,18,0
298720,/mnt/qualitas/qualitas_corpus_compile/tomcat-7.0.2,org.apache.catalina.manager,ManagerServlet,'deploy(PrintWriter,String,String,String,boolean)',5,1,0,0,1,6,101,32,0
301060,/mnt/qualitas/qualitas_corpus_compile/tomcat-7.0.2,org.apache.naming.factory.webservices,ServiceRefFactory,'getObjectInstance(Object,Name,Context,Hashtable)',4,0,14,3,0,6,248,40,0,1
314430,/mnt/qualitas/qualitas_corpus_compile/megamek-0.35.18,megamek.client.bot.ui.AWT,BotGUI,BotGUI(BotClient),1,4,0,0,5,1,3,1,0,1,0,2,0
314742,/mnt/qualitas/qualitas_corpus_compile/megamek-0.35.18,megamek.common.weapons,MissileWeaponHandler,calcHits(Vector),1,1,26,11,1,4,206,58,2,12,2,53,1
315064,/mnt/qualitas/qualitas_corpus_compile/megamek-0.35.18,megamek.common.weapons,WeaponHandler,'handleEntityDamage(Entity,Vector,Building,int,int,int)',6,9,20,8,9,3,103,1
319434,/mnt/qualitas/qualitas_corpus_compile/megamek-0.35.18,megamek.common,Mech,'getBattleForceStandardWeaponsDamage(int,int,boolean,boolean)',4,0,41,6,0,6,381,150,1,1
320695,/mnt/qualitas/qualitas_corpus_compile/megamek-0.35.18,megamek.common.actions,AbstractAttackAction,'nightModifiers(IGame,Targetable,AmmoType,Entity,boolean)',5,6,15,6,6,7,126,35,1
328367,/mnt/qualitas/qualitas_corpus_compile/jasperreports-3.7.3,net.sf.jasperreports.engine.xml,JRGenericPrintElementParameterFactory.Parameter,'Parameter(JRGenericPrintElement,String)',2,1,0,0,1,1,5,1,0,2,0,0
328368,/mnt/qualitas/qualitas_corpus_compile/jasperreports-3.7.3,net.sf.jasperreports.engine.xml,JRGenericPrintElementParameterFactory.Parameter,setValue(JRGenericPrintElementParameterFactory.ParameterValue),1,0,0,0,0,1,4,1,0,1,0,2,0
329781,/mnt/qualitas/qualitas_corpus_compile/jasperreports-3.7.3,net.sf.jasperreports.engine.export.xmlss,JRXmlssExporter,exportReportToStream(Writer),1,0,4,1,0,6,128,15,0,7,0,31,0
329782,/mnt/qualitas/qualitas_corpus_compile/jasperreports-3.7.3,net.sf.jasperreports.engine.export.xmlss,JRXmlssExporter,'exportPage(JRPrintPage,CutsInfo,int,JRPrintElementIndex,boolean)',5,0,9,4,0,7,157,21,1
347446,/mnt/qualitas/qualitas_corpus_compile/weka-3.7.5,weka.estimators,KDConditionalEstimator,'KDConditionalEstimator(int,double)',2,0,0,0,0,2,7,2,0,3,0,0
347447,/mnt/qualitas/qualitas_corpus_compile/weka-3.7.5,weka.estimators,KDConditionalEstimator,'addValue(double,double,double)',3,0,0,0,0,1,4,1,0,3,0
347467,/mnt/qualitas/qualitas_corpus_compile/weka-3.7.5,weka.estimators,UnivariateKernelEstimator,main(String[]),1,0,0,0,0,5,161,30,0,21,0,20,0
347652,/mnt/qualitas/qualitas_corpus_compile/weka-3.7.5,weka.estimators,CheckEstimator,'runBasicTest(CheckEstimator.AttrTypes,int,int,int,int,int,boolean,boolean,int,int,int,FastVector)',12,0
351812,/mnt/qualitas/qualitas_corpus_compile/weka-3.7.5,weka.classifiers.functions,SMO.BinarySMO,'buildClassifier(Instances,int,int,boolean,int,int)',6,1,4,1,1,6,193,0
365618,/mnt/qualitas/qualitas_corpus_compile/argouml-0.34,org.argouml.uml.ui.foundation.extension_mechanisms,UMLStereotypeTagDefinitionListModel,UMLStereotypeTagDefinitionListModel(),0,0,0,0,0,1,5,1,0,0,0,0,0
365619,/mnt/qualitas/qualitas_corpus_compile/argouml-0.34,org.argouml.uml.ui.foundation.extension_mechanisms,UMLStereotypeTagDefinitionListModel,buildModelList(),0,0,1,1,0,2,5,2,0,0,0,2,0
365620,/mnt/qualitas/qualitas_corpus_compile/argouml-0.34,org.argouml.uml.ui.foundation.extension_mechanisms,UMLStereotypeTagDefinitionListModel,isValidElement(Object),1,0,1,1,0,1,5,1,0,1,0,2,0
374650,/mnt/qualitas/qualitas_corpus_compile/argouml-0.34,org.argouml.profile.internal.ocl.uml14,CollectionsModelInterpreter,'invokeFeature(Map,Object,String,String,Object[])',5,0,0,0,0,7,388,78,0
402506,/mnt/qualitas/qualitas_corpus_compile/poi-3.6,org.apache.poi.hslf.exceptions,CorruptPowerPointFileException,CorruptPowerPointFileException(String),1,5,0,0,5,1,3,1,0,1,0,1,0
402507,/mnt/qualitas/qualitas_corpus_compile/poi-3.6,org.apache.poi.hslf.exceptions,HSLFException,HSLFException(),0,0,0,0,0,1,3,1,0,0,0,0,0
402517,/mnt/qualitas/qualitas_corpus_compile/poi-3.6,org.apache.poi.hssf.eventusermodel.examples,XLS2CSVmra,processRecord(Record),1,0,28,14,0,4,176,32,0,16,0,59,1
402569,/mnt/qualitas/qualitas_corpus_compile/poi-3.6,org.apache.poi.hslf.examples,DataExtraction,main(String[]),1,0,7,2,0,6,108,19,0,22,0,29,1
422366,/mnt/qualitas/qualitas_corpus_compile/webmail-0.7.10,net.wastl.webmail.storage.simple,SimpleStorage,SimpleStorage(WebMailServer),1,0,0,0,0,1,4,1,0,1,0,1,0
422367,/mnt/qualitas/qualitas_corpus_compile/webmail-0.7.10,net.wastl.webmail.storage.simple,SimpleStorage,initConfig(),0,0,0,0,0,1,8,1,0,0,0,0,0
422368,/mnt/qualitas/qualitas_corpus_compile/webmail-0.7.10,net.wastl.webmail.storage.simple,SimpleStorage,loadXMLSysData(),0,0,0,0,0,2,20,3,0,5,0,11,0
422369,/mnt/qualitas/qualitas_corpus_compile/webmail-0.7.10,net.wastl.webmail.storage.simple,SimpleStorage,saveXMLSysData(),0,0,2,1,0,2,21,2,0,3,0,10,0
422512,/mnt/qualitas/qualitas_corpus_compile/webmail-0.7.10,'(default package)',SendMessage,'handleURL(String,HTTPSession,HTTPRequestHeader)',3,0,11,5,0,6,339,39,2,44,1
422985,/mnt/qualitas/qualitas_corpus_compile/webmail-0.7.10,net.wastl.webmail.logger,ServletLogger,'ServletLogger(WebMailServer,Storage)',2,1,1,1,1,2,13,2,0,2,0,0
