"id","projectName","className","col","nof","nom","treeDepth","treeWidth","nodeSum","maxChildren","possibility"
"1","ant","org.apache.tools.ant.DirectoryScanner","1116","34","60","21","828","9061","101","2.43"
"2","ant","org.apache.tools.ant.Project","1449","31","105","17","1368","11721","141","3.13"
"3","ant","org.apache.tools.ant.taskdefs.Javadoc","1625","34","84","22","919","12389","133","3.23"
"4","ant","org.apache.tools.ant.taskdefs.optional.ide.VAJAntToolGUI","1277","43","53","16","908","9681","102","2.43"
"5","ant","org.apache.tools.ant.taskdefs.optional.junit.JUnitTask","1030","20","55","15","688","8749","82","1.93"
"6","ant","org.apache.tools.ant.taskdefs.optional.net.FTP","1604","36","41","22","843","13099","83","2.63"
"7","ant","org.apache.tools.bzip2.CBZip2OutputStream","1264","40","33","21","793","12493","79","2.43"
