"id","projectName","className","wmc","possibility"
"1","hbase","org.apache.hadoop.hbase.security.access.AccessController","158","1.02"
"2","hbase","org.apache.hadoop.hbase.client.HConnectionManager.HConnectionImplementation","213","1.32"
"3","hbase","org.apache.hadoop.hbase.KeyValue","175","1.12"
"4","hbase","org.apache.hadoop.hbase.master.AssignmentManager","392","1.32"
"5","hbase","org.apache.hadoop.hbase.master.HMaster","238","1.32"
"6","hbase","org.apache.hadoop.hbase.regionserver.HRegion","559","1.32"
"7","hbase","org.apache.hadoop.hbase.regionserver.HRegionServer","493","1.32"
"8","hbase","org.apache.hadoop.hbase.regionserver.RegionCoprocessorHost","224","1"
"9","hbase","org.apache.hadoop.hbase.regionserver.Store","248","1.32"
"10","hbase","org.apache.hadoop.hbase.regionserver.wal.HLog","212","1.32"
"11","hbase","org.apache.hadoop.hbase.thrift.generated.ColumnDescriptor","222","1"
"12","hbase","org.apache.hadoop.hbase.thrift.ThriftServerRunner.HBaseHandler","171","1.12"
"13","hbase","org.apache.hadoop.hbase.util.Bytes","205","1.22"
"14","hbase","org.apache.hadoop.hbase.util.HBaseFsck","271","1.32"
"15","hbase","org.apache.hadoop.hbase.client.TestFromClientSide","206","1.22"
"16","hbase","org.apache.hadoop.hbase.HBaseTestingUtility","205","1.22"
"17","hbase","org.apache.hadoop.hbase.regionserver.TestHRegion","221","1.32"
