id,projectName,packageName,className,type,isJavadoc,author,since,version,isLC,loc,NMNOPARAM,isSC
1,hsqldb,org.hsqldb.sample,org.hsqldb.sample.SqlFileEmbedder,1,TRUE,Blaine Simpson (blaine dot simpson at admc dot com),null,null,0,68,1,0
2,hsqldb,org.hsqldb.sample,org.hsqldb.sample.Testdb,1,TRUE,anonymous,null,null,0,71,1,0
3,hsqldb,org.hsqldb.sample,org.hsqldb.sample.TriggerSample,1,TRUE,boucherb@users, 1.7.0, 1.7.2,1,288,4,0
4,hsqldb,org.hsqldb.server,org.hsqldb.server.Servlet,1,TRUE,Fred Toussi (fredt@users dot sourceforge.net), Hypersonic SQL, 2.0.1,0,131,0,0
5,hsqldb,org.hsqldb.server,org.hsqldb.server.WebServer,1,TRUE,Fred Toussi (fredt@users dot sourceforge.net), 1.7.2, 1.7.2,0,100,6,0
6,hsqldb,org.hsqldb.test,org.hsqldb.test.TestBase,1,TRUE,boucherb@users, 1.7.2, 1.7.2,0,83,4,0
7,hsqldb,org.hsqldb,org.hsqldb.Tokens,1,TRUE,Fred Toussi (fredt@users dot sourceforge.net), 1.7.2, 2.2.7,1,2366,0,0
8,hsqldb,org.hsqldb,org.hsqldb.Trigger,1,TRUE,Peter Hudson, 1.7.0, 1.9.0,0,27,0,0
9,hsqldb,org.hsqldb.sample,org.hsqldb.sample.JdbcAppClass,1,TRUE,anonymous,null,null,0,62,2,0
10,hsqldb,org.hsqldb.sample,org.hsqldb.sample.SpringExtAuth,1,TRUE,anonymous,null,null,0,101,0,0
11,hsqldb,org.hibernate.dialect,org.hibernate.dialect.HSQLDialect,1,TRUE,anonymous,null,null,1,459,35,0
12,hsqldb,org.hibernate.dialect,org.hibernate.dialect.HSQLDialect.ReadUncommittedLockingStrategy,1,FALSE,anonymous,null,null,0,11,0,0
13,hsqldb,org.hibernate.dialect,org.hibernate.dialect.HSQLDialect,1,TRUE,anonymous,null,null,1,412,34,0
14,hsqldb,org.hibernate.dialect,org.hibernate.dialect.HSQLDialect.ReadUncommittedLockingStrategy,1,FALSE,anonymous,null,null,0,11,0,0
15,hsqldb,org.hsqldb.auth,org.hsqldb.auth.AuthBeanMultiplexer,1,TRUE,Blaine Simpson (blaine dot simpson at admc dot com), 2.0.1,null,0,126,3,0
16,hsqldb,org.hsqldb.auth,org.hsqldb.auth.AuthFunctionBean,1,TRUE,Blaine Simpson (blaine dot simpson at admc dot com), 2.0.1,null,0,15,0,0
17,hsqldb,org.hsqldb.auth,org.hsqldb.auth.AuthUtils,1,TRUE,Blaine Simpson (blaine dot simpson at admc dot com), 2.0.1,null,0,48,1,0
18,hsqldb,org.hsqldb.auth,org.hsqldb.auth.DenyException,1,TRUE,Blaine Simpson (blaine dot simpson at admc dot com), 2.0.1,null,0,6,0,0
19,hsqldb,org.hsqldb.auth,org.hsqldb.auth.HsqldbSlaveAuthBean,1,TRUE,Blaine Simpson (blaine dot simpson at admc dot com), 2.0.1,null,0,105,2,0
20,hsqldb,org.hsqldb.auth,org.hsqldb.auth.JaasAuthBean,1,TRUE,anonymous,null,null,0,142,2,0
21,hsqldb,org.hsqldb.auth,org.hsqldb.auth.JaasAuthBean.UPCallbackHandler,1,FALSE,anonymous,null,null,0,25,0,0
22,hsqldb,org.hsqldb.auth,org.hsqldb.auth.LdapAuthBean,1,TRUE,Blaine Simpson (blaine dot simpson at admc dot com), 2.0.1,null,0,374,2,0
23,hsqldb,org.hsqldb,org.hsqldb.ClientConnection,1,TRUE,Fred Toussi (fredt@users dot sourceforge.net), 1.7.2, 2.2.6,1,384,24,0
24,hsqldb,org.hsqldb,org.hsqldb.ClientConnectionHTTP,1,TRUE,Fred Toussi (fredt@users dot sourceforge.net), 1.7.2, 1.9.0,0,46,2,0
25,hsqldb,org.hsqldb.cmdline,org.hsqldb.cmdline.SqlFile,1,TRUE,anonymous,null,null,1,2097,16,1
26,hsqldb,org.hsqldb.cmdline,org.hsqldb.cmdline.SqlFile.SharedFields,1,TRUE,anonymous,null,null,0,14,0,0
27,hsqldb,org.hsqldb.cmdline,org.hsqldb.cmdline.SqlFile.BadSpecial,1,TRUE,anonymous,null,null,0,10,0,0
28,hsqldb,org.hsqldb.cmdline,org.hsqldb.cmdline.SqlFile.QuitNow,1,TRUE,anonymous,null,null,0,12,1,0
29,hsqldb,org.hsqldb.cmdline,org.hsqldb.cmdline.SqlFile.BreakException,1,TRUE,anonymous,null,null,0,12,1,0
30,hsqldb,org.hsqldb.cmdline,org.hsqldb.cmdline.SqlFile.ContinueException,1,TRUE,anonymous,null,null,0,12,1,0
31,hsqldb,org.hsqldb.cmdline,org.hsqldb.cmdline.SqlFile.BadSubst,1,TRUE,anonymous,null,null,0,9,0,0
32,hsqldb,org.hsqldb.cmdline,org.hsqldb.cmdline.SqlFile.RowError,1,TRUE,anonymous,null,null,0,12,0,0
33,hsqldb,org.hsqldb.cmdline.sqltool,org.hsqldb.cmdline.sqltool.Calculator,1,FALSE,anonymous,null,null,0,249,2,0
34,hsqldb,org.hsqldb.cmdline.sqltool,org.hsqldb.cmdline.sqltool.Calculator.Atom,1,FALSE,anonymous,null,null,0,26,1,0
35,hsqldb,org.hsqldb.cmdline.sqltool,org.hsqldb.cmdline.sqltool.FileRecordReader,1,TRUE,anonymous,null,null,0,87,6,0
36,hsqldb,org.hsqldb.cmdline.sqltool,org.hsqldb.cmdline.sqltool.SqlFileScanner,1,TRUE,anonymous,null,null,1,887,19,1
37,hsqldb,org.hsqldb.cmdline.sqltool,org.hsqldb.cmdline.sqltool.Token,1,FALSE,anonymous,null,null,0,83,4,0
38,hsqldb,org.hsqldb.cmdline.sqltool,org.hsqldb.cmdline.sqltool.TokenList,1,TRUE,anonymous,null,null,0,19,3,0
39,hsqldb,org.hsqldb.cmdline.sqltool,org.hsqldb.cmdline.sqltool.TokenSource,1,FALSE,anonymous,null,null,0,3,1,0
40,hsqldb,org.hsqldb.cmdline,org.hsqldb.cmdline.SqlTool,1,TRUE,anonymous,null,null,1,549,0,0
41,hsqldb,org.hsqldb.cmdline,org.hsqldb.cmdline.SqlTool.BadCmdline,1,TRUE,anonymous,null,null,0,8,1,0
42,hsqldb,org.hsqldb.cmdline,org.hsqldb.cmdline.SqlTool.PrivateException,1,TRUE,anonymous,null,null,0,9,0,0
43,hsqldb,org.hsqldb.cmdline,org.hsqldb.cmdline.SqlTool.SqlToolException,1,FALSE,anonymous,null,null,0,15,0,0
44,hsqldb,org.hsqldb.cmdline,org.hsqldb.cmdline.SqlToolError,1,TRUE,anonymous,null,null,0,17,1,0
45,hsqldb,org.hsqldb.cmdline,org.hsqldb.cmdline.SqlToolSprayer,1,TRUE,Blaine Simpson (blaine dot simpson at admc dot com),null," $Revision: 4141 $, $Date: 2011-03-13 21:35:49 -0400 (Sun, 13 Mar 2011) $",0,82,0,0
46,hsqldb,org.hsqldb,org.hsqldb.ColumnBase,1,TRUE,Fred Toussi (fredt@users dot sourceforge.net), 1.9.0, 1.9.0,0,81,12,0
47,hsqldb,org.hsqldb,org.hsqldb.ColumnSchema,1,TRUE,Fred Toussi (fredt@users dot sourceforge.net), 1.9.0, 2.0.1,1,253,28,0
48,hsqldb,org.hsqldb,org.hsqldb.Constraint,1,TRUE,Fred Toussi (fredt@users dot sourceforge.net), 1.6.0, 2.0.1,1,646,32,0
49,hsqldb,org.hsqldb,org.hsqldb.ConstraintCore,1,TRUE,Fred Toussi (fredt@users dot sourceforge.net), 1.7.1, 1.9.0,0,40,1,0
50,hsqldb,org.hsqldb,org.hsqldb.Database,1,TRUE,anonymous,null,null,1,542,28,0
51,hsqldb,org.hsqldb,org.hsqldb.Database.CheckpointRunner,1,FALSE,anonymous,null,null,0,32,3,0
52,hsqldb,org.hsqldb,org.hsqldb.DatabaseManager,1,TRUE,Fred Toussi (fredt@users dot sourceforge.net), 1.7.2, 2.0.1,0,325,2,0
53,hsqldb,org.hsqldb,org.hsqldb.DatabaseURL,1,FALSE,anonymous,null,null,0,252,0,0
54,hsqldb,org.hsqldb.dbinfo,org.hsqldb.dbinfo.DatabaseInformation,1,TRUE,Campbell Boucher-Burnet (boucherb@users dot sourceforge.net), 1.7.2, 2.0.1,0,194,0,0
55,hsqldb,org.hsqldb.dbinfo,org.hsqldb.dbinfo.DatabaseInformationFull,1,TRUE,Fred Toussi (fredt@users dot sourceforge.net), 1.7.2, 2.2.1,1,4513,0,0
56,hsqldb,org.hsqldb.dbinfo,org.hsqldb.dbinfo.DatabaseInformationMain,1,TRUE,Fred Toussi (fredt@users dot sourceforge.net), 1.7.2, 2.2.7,1,1858,1,0
57,hsqldb,org.hsqldb.dbinfo,org.hsqldb.dbinfo.DITableInfo,1,TRUE,boucherb@users, 1.7.2, 2.2.7,0,152,9,0
58,hsqldb,org.hsqldb.error,org.hsqldb.error.Error,1,TRUE,Fred Toussi (fredt@users dot sourceforge.net), 1.9.0, 2.2.7,0,174,0,0
59,hsqldb,org.hsqldb.error,org.hsqldb.error.ErrorCode,1,TRUE,Fred Toussi (fredt@users dot sourceforge.net), 1.9.0, 2.3.0,1,457,0,0
60,hsqldb,org.hsqldb,org.hsqldb.Expression,1,TRUE,Fred Toussi (fredt@users dot sourceforge.net), 1.9.0, 2.2.7,1,1346,31,0
61,hsqldb,org.hsqldb,org.hsqldb.ExpressionAccessor,1,TRUE,Fred Toussi (fredt@users dot sourceforge.net), 2.0.0, 2.0.1,0,111,2,0
62,hsqldb,org.hsqldb,org.hsqldb.ExpressionAggregate,1,TRUE,Fred Toussi (fredt@users dot sourceforge.net), 1.9.0, 2.0.1,0,193,4,0
63,hsqldb,org.hsqldb,org.hsqldb.ExpressionArithmetic,1,TRUE,Fred Toussi (fredt@users dot sourceforge.net), 1.9.0, 2.0.1,1,443,1,0
64,hsqldb,org.hsqldb,org.hsqldb.ExpressionArrayAggregate,1,TRUE,Fred Toussi (fredt@users dot sourceforge.net), 2.0.1, 2.2.6,0,241,4,0
65,hsqldb,org.hsqldb,org.hsqldb.ExpressionColumn,1,TRUE,Fred Toussi (fredt@users dot sourceforge.net), 1.9.0, 2.1.1,1,820,15,0
66,hsqldb,org.hsqldb,org.hsqldb.ExpressionColumnAccessor,1,TRUE,Fred Toussi (fredt@users dot sourceforge.net), 2.0.0, 2.0.1,0,100,9,0
67,hsqldb,org.hsqldb,org.hsqldb.ExpressionLike,1,TRUE,Fred Toussi (fredt@users dot sourceforge.net), 1.9.0, 2.2.5,0,229,1,0
68,hsqldb,org.hsqldb,org.hsqldb.ExpressionLogical,1,TRUE,Fred Toussi (fredt@users dot sourceforge.net), 1.9.0, 2.2.7,1,1505,10,0
69,hsqldb,org.hsqldb,org.hsqldb.ExpressionOp,1,TRUE,Fred Toussi (fredt@users dot sourceforge.net), 1.9.0, 2.0.1,1,534,1,0
70,hsqldb,org.hsqldb,org.hsqldb.ExpressionOrderBy,1,TRUE,Fred Toussi (fredt@users dot sourceforge.net), 1.9.0, 2.0.1,0,82,4,0
71,hsqldb,org.hsqldb,org.hsqldb.ExpressionTable,1,TRUE,Fred Toussi (fredt@users dot sourceforge.net), 2.0.0, 2.1.0,0,171,1,0
72,hsqldb,org.hsqldb,org.hsqldb.ExpressionValue,1,TRUE,Fred Toussi (fredt@users dot sourceforge.net), 1.9.0, 1.9.0,0,56,2,0
73,hsqldb,org.hsqldb,org.hsqldb.FunctionCustom,1,TRUE,Fred Toussi (fredt@users dot sourceforge.net), 1.9.0, 2.1.1,1,2383,2,1
74,hsqldb,org.hsqldb,org.hsqldb.FunctionSQL,1,TRUE,Fred Toussi (fredt@users dot sourceforge.net), 1.9.0, 2.1.1,1,1416,6,1
75,hsqldb,org.hsqldb,org.hsqldb.FunctionSQLInvoked,1,TRUE,Fred Toussi (fredt@users dot sourceforge.net), 1.9.0, 2.0.1,0,210,5,0
76,hsqldb,org.hsqldb,org.hsqldb.HsqlDateTime,1,TRUE,anonymous,null,null,1,571,1,0
77,hsqldb,org.hsqldb,org.hsqldb.HsqlDateTime.Tokenizer,1,TRUE,anonymous,null,null,0,123,7,0
78,hsqldb,org.hsqldb,org.hsqldb.HsqlException,1,TRUE,anonymous,null,null,0,98,6,0
79,hsqldb,org.hsqldb,org.hsqldb.HsqlException.HsqlRuntimeMemoryError,1,FALSE,anonymous,null,null,0,4,1,0
80,hsqldb,org.hsqldb,org.hsqldb.HsqlNameManager,1,TRUE,anonymous,null,null,0,346,3,0
81,hsqldb,org.hsqldb,org.hsqldb.HsqlNameManager.SimpleName,1,FALSE,anonymous,null,null,0,25,4,0
82,hsqldb,org.hsqldb,org.hsqldb.HsqlNameManager.HsqlName,1,FALSE,anonymous,null,null,1,160,5,0
83,hsqldb,org.hsqldb.index,org.hsqldb.index.Index,1,TRUE,Fred Toussi (fredt@users dot sourceforge.net), 1.9.0, 2.0.1,0,124,14,0
84,hsqldb,org.hsqldb.index,org.hsqldb.index.IndexAVL,1,TRUE,anonymous,null,null,1,1208,23,0
85,hsqldb,org.hsqldb.index,org.hsqldb.index.IndexAVL.IndexRowIterator,1,FALSE,anonymous,null,null,0,72,6,0
86,hsqldb,org.hsqldb.index,org.hsqldb.index.IndexAVLMemory,1,TRUE,Fred Toussi (fredt@users dot sourceforge.net), Hypersonic SQL, 1.9.0,0,330,0,0
87,hsqldb,org.hsqldb.index,org.hsqldb.index.NodeAVL,1,TRUE,Thomas Mueller (Hypersonic SQL Group), Hypersonic SQL, 1.9.0,0,146,11,0
88,hsqldb,org.hsqldb.index,org.hsqldb.index.NodeAVLDisk,1,TRUE,Thomas Mueller (Hypersonic SQL Group), Hypersonic SQL, 1.9.0,0,350,10,0
89,hsqldb,org.hsqldb.jdbc,org.hsqldb.jdbc.JDBCArray,1,TRUE,Fred Toussi (fredt@users dot sourceforge.net)," JDK 1.2, HSQLDB 2.0", 2.0.1,0,220,8,0
90,hsqldb,org.hsqldb.jdbc,org.hsqldb.jdbc.JDBCArrayBasic,1,TRUE,Fred Toussi (fredt@users dot sourceforge.net)," JDK 1.2, HSQLDB 2.0.1", 2.0.1,0,190,8,0
91,hsqldb,org.hsqldb.jdbc,org.hsqldb.jdbc.JDBCBlob,1,TRUE,boucherb@users," JDK 1.2, HSQLDB 1.7.2",2,0,302,7,0
92,hsqldb,org.hsqldb.jdbc,org.hsqldb.jdbc.JDBCBlobClient,1,TRUE,Fred Toussi (fredt@users dot sourceforge.net), 1.9.0, 2.2.6,0,229,8,0
93,hsqldb,org.hsqldb.jdbc,org.hsqldb.jdbc.JDBCBlobFile,1,TRUE,anonymous,null,null,1,515,9,0
94,hsqldb,org.hsqldb.jdbc,org.hsqldb.jdbc.JDBCBlobFile.OutputStreamAdapter,1,FALSE,anonymous,null,null,0,25,2,0
95,hsqldb,org.hsqldb.jdbc,org.hsqldb.jdbc.JDBCBlobFile.InputStreamAdapter,1,FALSE,anonymous,null,null,0,40,3,0
96,hsqldb,org.hsqldb.jdbc,org.hsqldb.jdbc.JDBCCallableStatement,1,TRUE,Fred Toussi (fredt@users dot sourceforge.net), 1.7.2, 2.2.6,1,1622,6,0
97,hsqldb,org.hsqldb.jdbc,org.hsqldb.jdbc.JDBCClob,1,TRUE,boucherb@users," JDK 1.2, HSQLDB 1.7.2",2,0,332,8,0
98,hsqldb,org.hsqldb.jdbc,org.hsqldb.jdbc.JDBCClobClient,1,TRUE,Fred Toussi (fredt@users dot sourceforge.net),"  JDK 1.2, HSQLDB 1.9.0", 2.2.6,1,480,9,1
99,hsqldb,org.hsqldb.jdbc,org.hsqldb.jdbc.JDBCClobFile,1,TRUE,anonymous,null,null,1,742,11,0
100,hsqldb,org.hsqldb.jdbc,org.hsqldb.jdbc.JDBCClobFile.WriterAdapter,1,FALSE,anonymous,null,null,0,41,2,0
101,hsqldb,org.hsqldb.jdbc,org.hsqldb.jdbc.JDBCClobFile.ReaderAdapter,1,FALSE,anonymous,null,null,0,84,2,0
102,hsqldb,org.hsqldb.jdbc,org.hsqldb.jdbc.JDBCColumnMetaData,1,TRUE,Fred Toussi (fredt@users dot sourceforge.net), HSQLDB 1.7.2,2,0,122,2,0
103,hsqldb,org.hsqldb.jdbc,org.hsqldb.jdbc.JDBCCommonDataSource,1,TRUE,Fred Toussi (fredt@users dot sourceforge.net)," JDK 1.2, HSQLDB 2.0", 2.0.1,0,233,11,0
104,hsqldb,org.hsqldb.jdbc,org.hsqldb.jdbc.JDBCConnection,1,TRUE,Fred Toussi (fredt@users dot sourceforge.net),null, 2.2.1,1,1285,29,0
105,hsqldb,org.hsqldb.jdbc,org.hsqldb.jdbc.JDBCConnectionEventListener,1,FALSE,anonymous,null,null,0,4,1,0
106,hsqldb,org.hsqldb.jdbc,org.hsqldb.jdbc.JDBCDatabaseMetaData,1,TRUE,Fred Toussi (fredt@users dot sourceforge.net),null, 2.0.1,1,1952,142,0
107,hsqldb,org.hsqldb.jdbc,org.hsqldb.jdbc.JDBCDataSource,1,TRUE,Fred Toussi (fredt@users dot sourceforge.net), 1.7.2, 2.2.5,0,98,3,0
108,hsqldb,org.hsqldb.jdbc,org.hsqldb.jdbc.JDBCDataSourceFactory,1,TRUE,Fred Toussi (fredt@users dot sourceforge.net),null, 2.0.0,0,124,1,0
109,hsqldb,org.hsqldb.jdbc,org.hsqldb.jdbc.JDBCDriver,1,TRUE,Fred Toussi (fredt@users dot sourceforge.net),null, 2.0.1,0,218,5,0
110,hsqldb,org.hsqldb.jdbc,org.hsqldb.jdbc.JDBCNClob,1,TRUE,boucherb@users," JDK 1.6, HSQLDB 2.0",null,0,15,1,0
111,hsqldb,org.hsqldb.jdbc,org.hsqldb.jdbc.JDBCParameterMetaData,1,TRUE,Campbell Boucher-Burnet (boucherb@users dot sourceforge.net)," JDK 1.4, HSQLDB 1.7.2", 2.0.1,0,259,3,0
112,hsqldb,org.hsqldb.jdbc,org.hsqldb.jdbc.JDBCPreparedStatement,1,TRUE,Fred Toussi (fredt@users dot sourceforge.net), 1.7.2,2,1,2175,34,1
113,hsqldb,org.hsqldb.jdbc,org.hsqldb.jdbc.JDBCResultSet,1,TRUE,anonymous,null,null,1,3037,45,0
114,hsqldb,org.hsqldb.jdbc,org.hsqldb.jdbc.JDBCResultSet.JDBCResultSetBasic,1,FALSE,anonymous,null,null,0,71,0,0
115,hsqldb,org.hsqldb.jdbc,org.hsqldb.jdbc.JDBCResultSetMetaData,1,TRUE,Fred Toussi (fredt@users dot sourceforge.net),null, 2.2.6,0,387,2,0
116,hsqldb,org.hsqldb.jdbc,org.hsqldb.jdbc.JDBCRowId,1,TRUE,boucherb@users," JDK 1.6, HSQLDB 2.0",null,0,85,4,0
117,hsqldb,org.hsqldb.jdbc,org.hsqldb.jdbc.JDBCSavepoint,1,TRUE,boucherb@users," JDK 1.4, HSQLDB 1.7.2",null,0,56,3,0
118,hsqldb,org.hsqldb.jdbc,org.hsqldb.jdbc.JDBCSQLXML,1,TRUE,anonymous,null,null,1,1633,29,0
119,hsqldb,org.hsqldb.jdbc,org.hsqldb.jdbc.JDBCSQLXML.Exceptions,1,TRUE,anonymous,null,null,0,89,5,0
120,hsqldb,org.hsqldb.jdbc,org.hsqldb.jdbc.JDBCSQLXML.SAX2DOMBuilder,1,TRUE,anonymous,null,null,0,254,11,0
121,hsqldb,org.hsqldb.jdbc,org.hsqldb.jdbc.JDBCSQLXML.SAX2XMLStreamWriter,1,TRUE,anonymous,null,null,0,260,8,0
122,hsqldb,org.hsqldb.jdbc,org.hsqldb.jdbc.JDBCSQLXML.SAX2XMLStreamWriter.QualifiedName,1,FALSE,anonymous,null,null,0,8,0,0
123,hsqldb,org.hsqldb.jdbc,org.hsqldb.jdbc.JDBCStatement,1,TRUE,Fred Toussi (fredt@users dot sourceforge.net),null, 2.0.1,1,595,21,0
124,hsqldb,org.hsqldb.jdbc,org.hsqldb.jdbc.JDBCStatementBase,1,TRUE,Fred Toussi (fredt@users dot sourceforge.net),null, 2.0.1,0,219,10,0
125,hsqldb,org.hsqldb.jdbc.pool,org.hsqldb.jdbc.pool.JDBCPooledConnection,1,TRUE,Fred Toussi (fredt@users dot sourceforge.net)," JDK 1.2, HSQLDB 2.0", 2.0.1,0,80,5,0
126,hsqldb,org.hsqldb.jdbc.pool,org.hsqldb.jdbc.pool.JDBCPooledDataSource,1,TRUE,Fred Toussi (fredt@users dot sourceforge.net)," JDK 1.2, HSQLDB 2.0", 2.0.1,0,33,2,0
127,hsqldb,org.hsqldb.jdbc.pool,org.hsqldb.jdbc.pool.JDBCXAConnection,1,TRUE,Fred Toussi (fredt at users.sourceforge.net), HSQLDB 2.0, 2.0.1,0,30,3,0
128,hsqldb,org.hsqldb.jdbc.pool,org.hsqldb.jdbc.pool.JDBCXAConnectionWrapper,1,TRUE,Blaine Simpson (blaine dot simpson at admc dot com), HSQLDB v. 1.9.0, 2.0.1,0,73,4,0
129,hsqldb,org.hsqldb.jdbc.pool,org.hsqldb.jdbc.pool.JDBCXADataSource,1,TRUE,Blaine Simpson (blaine dot simpson at admc dot com), HSQLDB v. 1.9.0, 2.0.1,0,80,4,0
130,hsqldb,org.hsqldb.jdbc.pool,org.hsqldb.jdbc.pool.JDBCXAResource,1,TRUE,Blaine Simpson (blaine dot simpson at admc dot com), HSQLDB v. 1.9.0, 2.0.1,1,217,7,0
131,hsqldb,org.hsqldb.jdbc.pool,org.hsqldb.jdbc.pool.JDBCXID,1,TRUE,Campbell Boucher-Burnet (boucherb@users dot sourceforge.net),null,2.1,0,112,7,0
132,hsqldb,org.hsqldb.jdbc,org.hsqldb.jdbc.Util,1,TRUE,Fred Toussi (fredt@users dot sourceforge.net), 1.7.2, 2.0.1,0,107,6,0
133,hsqldb,org.hsqldb,org.hsqldb.jdbcDriver,1,FALSE,anonymous,null,null,0,2,0,0
134,hsqldb,org.hsqldb.lib,org.hsqldb.lib.AppendableException,1,TRUE,anonymous,null,null,0,42,2,0
135,hsqldb,org.hsqldb.lib,org.hsqldb.lib.ArrayCounter,1,TRUE,Fred Toussi (fredt@users dot sourceforge.net), 1.7.2, 1.7.2,0,68,0,0
136,hsqldb,org.hsqldb.lib,org.hsqldb.lib.ArrayListIdentity,1,FALSE,anonymous,null,null,0,10,0,0
137,hsqldb,org.hsqldb.lib,org.hsqldb.lib.ArraySort,1,TRUE,Fred Toussi, 1.9.0, 2.0.1,0,116,0,0
138,hsqldb,org.hsqldb.lib,org.hsqldb.lib.ArrayUtil,1,TRUE,Fred Toussi (fredt@users dot sourceforge.net), 1.7.2, 2.2.6,1,1089,0,0
139,hsqldb,org.hsqldb.lib,org.hsqldb.lib.BaseList,1,TRUE,anonymous,null,null,0,118,4,0
140,hsqldb,org.hsqldb.lib,org.hsqldb.lib.BaseList.BaseListIterator,1,FALSE,anonymous,null,null,0,37,5,0
141,hsqldb,org.hsqldb.lib,org.hsqldb.lib.BasicTextJdkLogFormatter,1,TRUE,Blaine Simpson (blaine dot simpson at admc dot com),null,null,0,29,1,0
142,hsqldb,org.hsqldb.lib,org.hsqldb.lib.CharArrayWriter,1,TRUE,Fred Toussi (fredt@users dot sourceforge.net), 1.9.0, 2.0.1,0,104,5,0
143,hsqldb,org.hsqldb.lib,org.hsqldb.lib.ClosableByteArrayOutputStream,1,TRUE,boucherb@users, 1.9.0, 1.9.0,0,250,15,0
144,hsqldb,org.hsqldb.lib,org.hsqldb.lib.ClosableCharArrayWriter,1,TRUE,boucherb@users, 1.8.x, 1.8.x,0,259,15,0
145,hsqldb,org.hsqldb.lib,org.hsqldb.lib.Collection,1,TRUE,Fred Toussi (fredt@users dot sourceforge.net), 1.7.2, 1.7.2,0,16,5,0
146,hsqldb,org.hsqldb.lib,org.hsqldb.lib.CountdownInputStream,1,TRUE,boucherb@users, 1.9.0, 2.1.1,0,71,4,0
147,hsqldb,org.hsqldb.lib,org.hsqldb.lib.CountUpDownLatch,1,TRUE,Fred Toussi (fredt@users dot sourceforge.net), 1.9.0, 2.0.1,0,45,5,0
148,hsqldb,org.hsqldb.lib,org.hsqldb.lib.DataOutputStream,1,TRUE,Fred Toussi (fredt@users dot sourceforge.net), 1.9.0, 2.0.1,0,76,0,0
149,hsqldb,org.hsqldb.lib,org.hsqldb.lib.DoubleIntIndex,1,TRUE,Fred Toussi (fredt@users dot sourceforge.net), 1.8.0, 2.2.7,1,505,11,0
150,hsqldb,org.hsqldb.lib,org.hsqldb.lib.FileAccess,1,TRUE,anonymous,null,null,0,23,0,0
151,hsqldb,org.hsqldb.lib,org.hsqldb.lib.FileAccess.FileSync,1,FALSE,anonymous,null,null,0,3,1,0
152,hsqldb,org.hsqldb.lib,org.hsqldb.lib.FileArchiver,1,TRUE,Blaine Simpson (blaine dot simpson at admc dot com), 1.9.0, 1.9.0,0,130,0,0
153,hsqldb,org.hsqldb.lib,org.hsqldb.lib.FileUtil,1,TRUE,anonymous,null,null,0,345,2,0
154,hsqldb,org.hsqldb.lib,org.hsqldb.lib.FileUtil.FileSync,1,FALSE,anonymous,null,null,0,9,1,0
155,hsqldb,org.hsqldb.lib,org.hsqldb.lib.FileUtil.FileAccessRes,1,FALSE,anonymous,null,null,0,49,0,0
156,hsqldb,org.hsqldb.lib,org.hsqldb.lib.FileUtil.DatabaseFilenameFilter,1,FALSE,anonymous,null,null,0,68,3,0
157,hsqldb,org.hsqldb.lib,org.hsqldb.lib.FrameworkLogger,1,TRUE,Blaine Simpson (blaine dot simpson at admc dot com), 1.9.0, 2.2.8,0,359,3,1
158,hsqldb,org.hsqldb.lib,org.hsqldb.lib.HashMap,1,TRUE,anonymous,null,null,0,126,3,0
159,hsqldb,org.hsqldb.lib,org.hsqldb.lib.HashMap.KeySet,1,FALSE,anonymous,null,null,0,37,4,0
160,hsqldb,org.hsqldb.lib,org.hsqldb.lib.HashMap.Values,1,FALSE,anonymous,null,null,0,26,4,0
161,hsqldb,org.hsqldb.lib,org.hsqldb.lib.HashMappedList,1,TRUE,Fred Toussi (fredt@users dot sourceforge.net), 1.7.2, 1.9.0,0,130,1,0
162,hsqldb,org.hsqldb.lib,org.hsqldb.lib.HashSet,1,TRUE,Fred Toussi (fredt@users dot sourceforge.net), 1.7.2, 1.9.0,0,133,3,0
163,hsqldb,org.hsqldb.lib,org.hsqldb.lib.HsqlArrayHeap,1,TRUE,boucherb@users, 1.7.2, 1.9.0,0,135,8,0
164,hsqldb,org.hsqldb.lib,org.hsqldb.lib.HsqlArrayList,1,TRUE,dnordahl@users, 1.7.0, 1.9.0,0,234,7,0
165,hsqldb,org.hsqldb.lib,org.hsqldb.lib.HsqlByteArrayInputStream,1,TRUE,Fred Toussi (fredt@users dot sourceforge.net), 1.7.2, 1.9.0,0,161,17,0
166,hsqldb,org.hsqldb.lib,org.hsqldb.lib.HsqlByteArrayOutputStream,1,TRUE,Fred Toussi (fredt@users dot sourceforge.net), 1.7.0, 2.0.1,0,247,8,0
167,hsqldb,org.hsqldb.lib,org.hsqldb.lib.HsqlDeque,1,TRUE,Fred Toussi (fredt@users dot sourceforge.net), 1.7.0, 2.0.1,0,208,9,0
168,hsqldb,org.hsqldb.lib,org.hsqldb.lib.HsqlHeap,1,TRUE,boucherb@users, 1.7.2, 1.7.2,0,41,6,0
169,hsqldb,org.hsqldb.lib,org.hsqldb.lib.HsqlList,1,TRUE,dnordahl@users, 1.7.2, 1.7.2,0,16,3,0
170,hsqldb,org.hsqldb.lib,org.hsqldb.lib.HsqlTaskQueue,1,TRUE,anonymous,null,null,0,109,8,0
171,hsqldb,org.hsqldb.lib,org.hsqldb.lib.HsqlTaskQueue.TaskRunner,1,FALSE,anonymous,null,null,0,29,1,0
172,hsqldb,org.hsqldb.lib,org.hsqldb.lib.HsqlThreadFactory,1,TRUE,boucherb@users, 1.7.2, 1.7.2,0,51,2,0
173,hsqldb,org.hsqldb.lib,org.hsqldb.lib.HsqlTimer,1,TRUE,anonymous,null,null,1,574,9,0
174,hsqldb,org.hsqldb.lib,org.hsqldb.lib.HsqlTimer.TaskRunner,1,TRUE,anonymous,null,null,0,23,1,0
175,hsqldb,org.hsqldb.lib,org.hsqldb.lib.HsqlTimer.Task,1,TRUE,anonymous,null,null,0,110,4,0
176,hsqldb,org.hsqldb.lib,org.hsqldb.lib.HsqlTimer.TaskQueue,1,TRUE,anonymous,null,null,0,77,4,0
177,hsqldb,org.hsqldb.lib,org.hsqldb.lib.InOutUtil,1,TRUE,Campbell Boucher-Burnet (boucherb@users dot sourceforge.net), 1.7.2,2.1,0,133,0,0
178,hsqldb,org.hsqldb.lib,org.hsqldb.lib.InputStreamInterface,1,TRUE,Fred Toussi (fredt@users dot sourceforge.net), 2.3.0, 2.3.0,0,19,4,0
179,hsqldb,org.hsqldb.lib,org.hsqldb.lib.InputStreamWrapper,1,TRUE,Fred Toussi (fredt@users dot sourceforge.net), 2.3.0, 2.3.0,0,54,4,0
180,hsqldb,org.hsqldb.lib,org.hsqldb.lib.IntKeyHashMap,1,TRUE,anonymous,null,null,0,109,3,0
181,hsqldb,org.hsqldb.lib,org.hsqldb.lib.IntKeyHashMap.KeySet,1,FALSE,anonymous,null,null,0,29,4,0
182,hsqldb,org.hsqldb.lib,org.hsqldb.lib.IntKeyHashMap.Values,1,FALSE,anonymous,null,null,0,26,4,0
183,hsqldb,org.hsqldb.lib,org.hsqldb.lib.IntKeyHashMapConcurrent,1,TRUE,anonymous,null,null,0,152,4,0
184,hsqldb,org.hsqldb.lib,org.hsqldb.lib.IntKeyHashMapConcurrent.KeySet,1,FALSE,anonymous,null,null,0,29,4,0
185,hsqldb,org.hsqldb.lib,org.hsqldb.lib.IntKeyHashMapConcurrent.Values,1,FALSE,anonymous,null,null,0,26,4,0
186,hsqldb,org.hsqldb.lib,org.hsqldb.lib.IntKeyIntValueHashMap,1,TRUE,anonymous,null,null,0,114,3,0
187,hsqldb,org.hsqldb.lib,org.hsqldb.lib.IntKeyIntValueHashMap.KeySet,1,FALSE,anonymous,null,null,0,29,4,0
188,hsqldb,org.hsqldb.lib,org.hsqldb.lib.IntKeyIntValueHashMap.Values,1,FALSE,anonymous,null,null,0,26,4,0
189,hsqldb,org.hsqldb.lib,org.hsqldb.lib.IntKeyLongValueHashMap,1,TRUE,Fred Toussi (fredt@users dot sourceforge.net), 1.7.2, 1.9.0,0,45,1,0
190,hsqldb,org.hsqldb.lib,org.hsqldb.lib.IntLookup,1,TRUE,Fred Toussi (fredt@users dot sourceforge.net), 1.8.0, 2.2.6,0,10,0,0
191,hsqldb,org.hsqldb.lib,org.hsqldb.lib.IntValueHashMap,1,TRUE,anonymous,null,null,0,161,3,0
192,hsqldb,org.hsqldb.lib,org.hsqldb.lib.IntValueHashMap.KeySet,1,FALSE,anonymous,null,null,0,37,4,0
193,hsqldb,org.hsqldb.lib,org.hsqldb.lib.IntValueHashMap.Values,1,FALSE,anonymous,null,null,0,26,4,0
194,hsqldb,org.hsqldb.lib,org.hsqldb.lib.Iterator,1,TRUE,Fred Toussi (fredt@users dot sourceforge.net), 1.7.2, 1.9.0,0,13,5,0
195,hsqldb,org.hsqldb.lib.java,org.hsqldb.lib.java.JavaSystem,1,TRUE,Fred Toussi (fredt@users dot sourceforge.net),null, 1.9.0,0,79,2,0
196,hsqldb,org.hsqldb.lib,org.hsqldb.lib.KMPSearchAlgorithm,1,TRUE,Campbell Boucher-Burnet (boucherb@users dot sourceforge.net),2.1,2.1,0,334,0,0
197,hsqldb,org.hsqldb.lib,org.hsqldb.lib.LineGroupReader,1,TRUE,Fred Toussi (fredt@users dot sourceforge.net), 1.9.0, 1.9.0,0,139,4,0
198,hsqldb,org.hsqldb.lib,org.hsqldb.lib.LineReader,1,TRUE,Fred Toussi (fredt@users dot sourceforge.net), 2.0.1, 2.0.1,0,66,2,0
199,hsqldb,org.hsqldb.lib,org.hsqldb.lib.LongDeque,1,TRUE,Fred Toussi (fredt@users dot sourceforge.net), 1.9.0, 1.9.0,0,201,9,0
200,hsqldb,org.hsqldb.lib,org.hsqldb.lib.LongKeyHashMap,1,TRUE,anonymous,null,null,0,167,5,0
201,hsqldb,org.hsqldb.lib,org.hsqldb.lib.LongKeyHashMap.KeySet,1,FALSE,anonymous,null,null,0,29,4,0
202,hsqldb,org.hsqldb.lib,org.hsqldb.lib.LongKeyHashMap.Values,1,FALSE,anonymous,null,null,0,26,4,0
203,hsqldb,org.hsqldb.lib,org.hsqldb.lib.LongKeyIntValueHashMap,1,TRUE,anonymous,null,null,0,121,3,0
204,hsqldb,org.hsqldb.lib,org.hsqldb.lib.LongKeyIntValueHashMap.KeySet,1,FALSE,anonymous,null,null,0,29,4,0
205,hsqldb,org.hsqldb.lib,org.hsqldb.lib.LongKeyIntValueHashMap.Values,1,FALSE,anonymous,null,null,0,26,4,0
206,hsqldb,org.hsqldb.lib,org.hsqldb.lib.LongKeyLongValueHashMap,1,TRUE,anonymous,null,null,0,118,3,0
207,hsqldb,org.hsqldb.lib,org.hsqldb.lib.LongKeyLongValueHashMap.KeySet,1,FALSE,anonymous,null,null,0,29,4,0
208,hsqldb,org.hsqldb.lib,org.hsqldb.lib.LongKeyLongValueHashMap.Values,1,FALSE,anonymous,null,null,0,26,4,0
209,hsqldb,org.hsqldb.lib,org.hsqldb.lib.LongValueHashMap,1,TRUE,anonymous,null,null,0,125,2,0
210,hsqldb,org.hsqldb.lib,org.hsqldb.lib.LongValueHashMap.KeySet,1,FALSE,anonymous,null,null,0,37,4,0
211,hsqldb,org.hsqldb.lib,org.hsqldb.lib.MD5,1,TRUE,boucherb@users.sourceforge.net, 1.9.0, 2.0.1,0,70,0,0
212,hsqldb,org.hsqldb.lib,org.hsqldb.lib.MultiValueHashMap,1,TRUE,anonymous,null,null,0,113,3,0
213,hsqldb,org.hsqldb.lib,org.hsqldb.lib.MultiValueHashMap.KeySet,1,FALSE,anonymous,null,null,0,31,4,0
214,hsqldb,org.hsqldb.lib,org.hsqldb.lib.MultiValueHashMap.Values,1,FALSE,anonymous,null,null,0,26,4,0
215,hsqldb,org.hsqldb.lib,org.hsqldb.lib.OrderedHashSet,1,TRUE,Fred Toussi (fredt@users dot sourceforge.net), 1.9.0, 1.9.0,0,101,1,0
216,hsqldb,org.hsqldb.lib,org.hsqldb.lib.OrderedIntHashSet,1,TRUE,Fred Toussi (fredt@users dot sourceforge.net), 1.9.0, 1.9.0,0,83,2,0
217,hsqldb,org.hsqldb.lib,org.hsqldb.lib.OrderedIntKeyHashMap,1,TRUE,anonymous,null,null,0,116,3,0
218,hsqldb,org.hsqldb.lib,org.hsqldb.lib.OrderedIntKeyHashMap.KeySet,1,FALSE,anonymous,null,null,0,29,4,0
219,hsqldb,org.hsqldb.lib,org.hsqldb.lib.OrderedIntKeyHashMap.Values,1,FALSE,anonymous,null,null,0,26,4,0
220,hsqldb,org.hsqldb.lib,org.hsqldb.lib.OrderedLongKeyHashMap,1,TRUE,anonymous,null,null,0,143,3,0
221,hsqldb,org.hsqldb.lib,org.hsqldb.lib.OrderedLongKeyHashMap.KeySet,1,FALSE,anonymous,null,null,0,29,4,0
222,hsqldb,org.hsqldb.lib,org.hsqldb.lib.OrderedLongKeyHashMap.Values,1,FALSE,anonymous,null,null,0,26,4,0
223,hsqldb,org.hsqldb.lib,org.hsqldb.lib.RCData,1,TRUE,Blaine Simpson (blaine dot simpson at admc dot com),null,null,0,316,2,0
224,hsqldb,org.hsqldb.lib,org.hsqldb.lib.ReaderInputStream,1,TRUE,Fred Toussi (fredt@users dot sourceforge.net), 1.9.0, 1.9.0,0,29,1,0
225,hsqldb,org.hsqldb.lib,org.hsqldb.lib.ReadWriteLockDummy,1,FALSE,anonymous,null,null,0,25,2,0
226,hsqldb,org.hsqldb.lib,org.hsqldb.lib.ReadWriteLockDummy.LockDummy,1,FALSE,anonymous,null,null,0,17,5,0
227,hsqldb,org.hsqldb.lib,org.hsqldb.lib.RefCapablePropertyResourceBundle,1,TRUE,Blaine Simpson (blaine dot simpson at admc dot com),null,null,0,215,2,0
228,hsqldb,org.hsqldb.lib,org.hsqldb.lib.RefCapableRBInterface,1,FALSE,anonymous,null,null,0,17,2,0
229,hsqldb,org.hsqldb.lib,org.hsqldb.lib.Set,1,TRUE,Fred Toussi (fredt@users dot sourceforge.net), 1.7.2, 1.7.2,0,20,5,0
230,hsqldb,org.hsqldb.lib,org.hsqldb.lib.SimpleLog,1,TRUE,Fred Toussi (fredt@users dot sourceforge.net), 1.8.0, 2.1.1,0,115,5,0
231,hsqldb,org.hsqldb.lib,org.hsqldb.lib.StopWatch,1,TRUE,boucherb@users, 1.7.2, 1.7.2,0,109,8,0
232,hsqldb,org.hsqldb.lib,org.hsqldb.lib.StringComparator,1,FALSE,anonymous,null,null,0,14,0,0
233,hsqldb,org.hsqldb.lib,org.hsqldb.lib.StringConverter,1,TRUE,Fred Toussi (fredt@users dot sourceforge.net), 1.7.2, 2.0.1,1,522,0,0
234,hsqldb,org.hsqldb.lib,org.hsqldb.lib.StringInputStream,1,TRUE,Fred Toussi (fredt@users dot sourceforge.net),null, 1.7.0,0,34,2,0
235,hsqldb,org.hsqldb.lib,org.hsqldb.lib.StringUtil,1,TRUE,Nitin Chauhan, 1.7.0, 2.2.6,0,272,0,0
236,hsqldb,org.hsqldb.lib.tar,org.hsqldb.lib.tar.DbBackup,1,TRUE,Blaine Simpson (blaine dot simpson at admc dot com),null, 2.2.8,0,254,4,0
237,hsqldb,org.hsqldb.lib.tar,org.hsqldb.lib.tar.PIFData,1,TRUE,anonymous,null,null,0,55,1,0
238,hsqldb,org.hsqldb.lib.tar,org.hsqldb.lib.tar.PIFGenerator,1,TRUE,anonymous,null,null,0,100,2,0
239,hsqldb,org.hsqldb.lib.tar,org.hsqldb.lib.tar.TarFileInputStream,1,TRUE,anonymous,null,null,0,127,4,0
240,hsqldb,org.hsqldb.lib.tar,org.hsqldb.lib.tar.TarFileOutputStream,1,TRUE,anonymous,null,null,0,193,8,0
241,hsqldb,org.hsqldb.lib.tar,org.hsqldb.lib.tar.TarFileOutputStream.Compression,1,FALSE,anonymous,null,null,0,6,0,0
242,hsqldb,org.hsqldb.lib.tar,org.hsqldb.lib.tar.TarGenerator,1,TRUE,Blaine Simpson (blaine dot simpson at admc dot com),null,null,0,367,2,0
243,hsqldb,org.hsqldb.lib.tar,org.hsqldb.lib.tar.TarGenerator.TarEntrySupplicant,1,TRUE,Blaine Simpson (blaine dot simpson at admc dot com),null,null,1,233,6,0
244,hsqldb,org.hsqldb.lib.tar,org.hsqldb.lib.tar.TarMalformatException,1,FALSE,anonymous,null,null,0,5,0,0
245,hsqldb,org.hsqldb.lib.tar,org.hsqldb.lib.tar.TarReader,1,TRUE,anonymous,null,null,1,447,1,1
246,hsqldb,org.hsqldb.lib.tar,org.hsqldb.lib.tar.TarReader.TarEntryHeader,1,TRUE,anonymous,null,null,0,176,9,0
247,hsqldb,org.hsqldb.lib.tar,org.hsqldb.lib.tar.TarReader.TarEntryHeader.MissingField,1,FALSE,anonymous,null,null,0,9,1,0
248,hsqldb,org.hsqldb.lib,org.hsqldb.lib.ThreadFactory,1,TRUE,boucherb@users, 1.7.2, 1.7.2,0,8,0,0
249,hsqldb,org.hsqldb.lib,org.hsqldb.lib.ValidatingResourceBundle,1,TRUE,anonymous,null,null,0,131,3,0
250,hsqldb,org.hsqldb.lib,org.hsqldb.lib.WrapperIterator,1,TRUE,fred@users, HSQLDB 1.7.2, 1.9.0,0,133,6,0
251,hsqldb,org.hsqldb,org.hsqldb.Like,1,TRUE,Thomas Mueller (Hypersonic SQL Group), Hypersonic SQL, 2.0.1,1,262,7,0
252,hsqldb,org.hsqldb.navigator,org.hsqldb.navigator.RangeIterator,1,TRUE,Fred Toussi (fredt@users dot sourceforge.net), 1.9.0, 2.2.7,0,17,8,0
253,hsqldb,org.hsqldb.navigator,org.hsqldb.navigator.RowIterator,1,TRUE,Fred Toussi (fredt@users dot sourceforge.net), 1.7.2, 1.9.0,0,14,6,0
254,hsqldb,org.hsqldb.navigator,org.hsqldb.navigator.RowSetNavigator,1,TRUE,Fred Toussi (fredt@users dot sourceforge.net), 1.9.0, 2.2.7,0,207,30,0
255,hsqldb,org.hsqldb.navigator,org.hsqldb.navigator.RowSetNavigatorClient,1,FALSE,anonymous,null,null,0,160,8,0
256,hsqldb,org.hsqldb.navigator,org.hsqldb.navigator.RowSetNavigatorData,1,TRUE,anonymous,null,null,1,431,11,0
257,hsqldb,org.hsqldb.navigator,org.hsqldb.navigator.RowSetNavigatorData.DataIterator,1,FALSE,anonymous,null,null,0,29,6,0
258,hsqldb,org.hsqldb.navigator,org.hsqldb.navigator.RowSetNavigatorDataChange,1,FALSE,anonymous,null,null,0,16,9,0
259,hsqldb,org.hsqldb.navigator,org.hsqldb.navigator.RowSetNavigatorDataChangeMemory,1,FALSE,anonymous,null,null,0,115,9,0
260,hsqldb,org.hsqldb.navigator,org.hsqldb.navigator.RowSetNavigatorDataTable,1,TRUE,Fred Toussi (fredt@users dot sourceforge.net), 1.9.0, 2.2.7,1,386,8,0
261,hsqldb,org.hsqldb,org.hsqldb.NumberSequence,1,TRUE,Fred Toussi (fredt@users dot sourceforge.net), 1.7.2,  1.9.0,1,528,30,0
262,hsqldb,org.hsqldb,org.hsqldb.OpTypes,1,FALSE,anonymous,null,null,0,3,0,0
263,hsqldb,org.hsqldb,org.hsqldb.ParserBase,1,TRUE,Fred Toussi (fredt@users dot sourceforge.net), 1.9.0, 2.0.1,1,543,32,0
264,hsqldb,org.hsqldb,org.hsqldb.ParserCommand,1,TRUE,Fred Toussi (fredt@users dot sourceforge.net), 1.9.0, 2.2.8,1,1504,23,0
265,hsqldb,org.hsqldb,org.hsqldb.ParserDDL,1,TRUE,Fred Toussi (fredt@users dot sourceforge.net), 1.9.0, 2.2.7,1,3414,29,0
266,hsqldb,org.hsqldb,org.hsqldb.ParserDML,1,TRUE,Fred Toussi (fredt@users dot sourceforge.net), 1.9.0, 2.2.1,1,795,1,0
267,hsqldb,org.hsqldb,org.hsqldb.ParserDQL,1,TRUE,anonymous,null,null,1,4388,66,1
268,hsqldb,org.hsqldb,org.hsqldb.ParserDQL.CompileContext,1,FALSE,anonymous,null,null,1,187,10,0
269,hsqldb,org.hsqldb,org.hsqldb.ParserRoutine,1,TRUE,Fred Toussi (fredt@users dot sourceforge.net), 1.9.0, 2.2.7,1,1451,7,0
270,hsqldb,org.hsqldb.persist,org.hsqldb.persist.Cache,1,TRUE,anonymous,null,null,0,243,7,0
271,hsqldb,org.hsqldb.persist,org.hsqldb.persist.Cache.CachedObjectComparator,1,FALSE,anonymous,null,null,0,25,1,0
272,hsqldb,org.hsqldb.persist,org.hsqldb.persist.CachedObject,1,TRUE,Fred Toussi (fredt@users dot sourceforge.net), 1.8.0, 1.9.0,0,26,9,0
273,hsqldb,org.hsqldb.persist,org.hsqldb.persist.Crypto,1,FALSE,anonymous,null,null,0,131,0,0
274,hsqldb,org.hsqldb.persist,org.hsqldb.persist.DataFileBlockManager,1,TRUE,Fred Toussi (fredt@users dot sourceforge.net), 1.8.0, 2.2.5,0,99,6,0
275,hsqldb,org.hsqldb.persist,org.hsqldb.persist.DataFileCache,1,TRUE,Fred Toussi (fredt@users dot sourceforge.net), 1.7.2, 2.2.8,1,880,29,0
276,hsqldb,org.hsqldb.persist,org.hsqldb.persist.DataFileCacheSession,1,TRUE,Fred Toussi (fredt@users dot sourceforge.net), 1.9.0, 2.2.7,0,63,0,0
277,hsqldb,org.hsqldb.persist,org.hsqldb.persist.DataFileDefrag,1,TRUE,Fred Toussi (fredt@users dot sourceforge.net),      1.7.2,    2.2.7,0,196,3,1
278,hsqldb,org.hsqldb.persist,org.hsqldb.persist.HsqlDatabaseProperties,1,TRUE,Fred Toussi (fredt@users dot sourceforge.net), 1.7.0, 2.2.8,1,529,12,0
279,hsqldb,org.hsqldb.persist,org.hsqldb.persist.HsqlProperties,1,TRUE,Fred Toussi (fredt@users dot sourceforge.net), 1.7.0, 2.1.1,1,352,10,0
280,hsqldb,org.hsqldb.persist,org.hsqldb.persist.LobManager,1,TRUE,anonymous,null,null,1,1069,12,0
281,hsqldb,org.hsqldb.persist,org.hsqldb.persist.LobManager.LOBS,1,FALSE,anonymous,null,null,0,6,0,0
282,hsqldb,org.hsqldb.persist,org.hsqldb.persist.LobManager.LOB_IDS,1,FALSE,anonymous,null,null,0,6,0,0
283,hsqldb,org.hsqldb.persist,org.hsqldb.persist.LobManager.GET_LOB_PART,1,FALSE,anonymous,null,null,0,5,0,0
284,hsqldb,org.hsqldb.persist,org.hsqldb.persist.LobManager.DIVIDE_BLOCK,1,FALSE,anonymous,null,null,0,4,0,0
285,hsqldb,org.hsqldb.persist,org.hsqldb.persist.LobManager.DELETE_BLOCKS,1,FALSE,anonymous,null,null,0,6,0,0
286,hsqldb,org.hsqldb.persist,org.hsqldb.persist.LobManager.ALLOC_BLOCKS,1,FALSE,anonymous,null,null,0,5,0,0
287,hsqldb,org.hsqldb.persist,org.hsqldb.persist.LobManager.UPDATE_USAGE,1,FALSE,anonymous,null,null,0,4,0,0
288,hsqldb,org.hsqldb.persist,org.hsqldb.persist.LobManager.UPDATE_LENGTH,1,FALSE,anonymous,null,null,0,4,0,0
289,hsqldb,org.hsqldb.persist,org.hsqldb.persist.LobStore,1,TRUE,Fred Toussi (fredt@users dot sourceforge.net), 1.9.0, 2.2.6,0,13,3,0
290,hsqldb,org.hsqldb.persist,org.hsqldb.persist.LobStoreInJar,1,TRUE,Fred Toussi (fredt@users dot sourceforge.net), 1.9.0, 2.2.6,0,96,4,0
291,hsqldb,org.hsqldb.persist,org.hsqldb.persist.LobStoreMem,1,TRUE,Fred Toussi (fredt@users dot sourceforge.net), 1.9.0, 2.2.6,0,79,3,0
292,hsqldb,org.hsqldb.persist,org.hsqldb.persist.LobStoreRAFile,1,TRUE,Fred Toussi (fredt@users dot sourceforge.net), 1.9.0, 2.2.6,0,103,4,0
293,hsqldb,org.hsqldb.persist,org.hsqldb.persist.LockFile,1,TRUE,anonymous,null,null,1,983,23,1
294,hsqldb,org.hsqldb.persist,org.hsqldb.persist.LockFile.HeartbeatRunner,1,TRUE,anonymous,null,null,0,13,1,0
295,hsqldb,org.hsqldb.persist,org.hsqldb.persist.LockFile.BaseException,1,TRUE,anonymous,null,null,0,44,3,0
296,hsqldb,org.hsqldb.persist,org.hsqldb.persist.LockFile.FileCanonicalizationException,1,TRUE,anonymous,null,null,0,30,2,0
297,hsqldb,org.hsqldb.persist,org.hsqldb.persist.LockFile.FileSecurityException,1,TRUE,anonymous,null,null,0,30,2,0
298,hsqldb,org.hsqldb.persist,org.hsqldb.persist.LockFile.LockHeldExternallyException,1,TRUE,anonymous,null,null,0,40,3,0
299,hsqldb,org.hsqldb.persist,org.hsqldb.persist.LockFile.UnexpectedEndOfFileException,1,TRUE,anonymous,null,null,0,30,2,0
300,hsqldb,org.hsqldb.persist,org.hsqldb.persist.LockFile.UnexpectedFileIOException,1,TRUE,anonymous,null,null,0,30,2,0
301,hsqldb,org.hsqldb.persist,org.hsqldb.persist.LockFile.UnexpectedFileNotFoundException,1,TRUE,anonymous,null,null,0,30,2,0
302,hsqldb,org.hsqldb.persist,org.hsqldb.persist.LockFile.WrongLengthException,1,TRUE,anonymous,null,null,0,30,2,0
303,hsqldb,org.hsqldb.persist,org.hsqldb.persist.LockFile.WrongMagicException,1,TRUE,anonymous,null,null,0,32,2,0
304,hsqldb,org.hsqldb.persist,org.hsqldb.persist.Log,1,TRUE,Bob Preston (sqlbob@users dot sourceforge.net) - text table support, 1.8.0, 2.2.8,1,561,31,0
305,hsqldb,org.hsqldb.persist,org.hsqldb.persist.Logger,1,TRUE,Fred Toussi (fredt@users dot sourceforge.net), 1.7.0, 2.2.8,1,1329,28,1
306,hsqldb,org.hsqldb.persist,org.hsqldb.persist.PersistentStore,1,TRUE,Fred Toussi (fredt@users dot sourceforge.net), 1.9.0, 2.0.1,0,75,12,0
307,hsqldb,org.hsqldb.persist,org.hsqldb.persist.PersistentStoreCollection,1,FALSE,anonymous,null,null,0,4,0,0
308,hsqldb,org.hsqldb.persist,org.hsqldb.persist.PersistentStoreCollectionDatabase,1,FALSE,anonymous,null,null,0,28,1,0
309,hsqldb,org.hsqldb.persist,org.hsqldb.persist.PersistentStoreCollectionSession,1,TRUE,Fred Toussi (fredt@users dot sourceforge.net), 1.9.0, 2.2.7,0,223,8,0
310,hsqldb,org.hsqldb.persist,org.hsqldb.persist.RandomAccessInterface,1,FALSE,anonymous,null,null,0,18,9,0
311,hsqldb,org.hsqldb.persist,org.hsqldb.persist.RAShadowFile,1,FALSE,anonymous,null,null,0,202,5,0
312,hsqldb,org.hsqldb.persist,org.hsqldb.persist.RAShadowFile.InputStreamShadow,1,FALSE,anonymous,null,null,0,69,5,0
313,hsqldb,org.hsqldb.persist,org.hsqldb.persist.RowStoreAVL,1,FALSE,anonymous,null,null,1,340,12,0
314,hsqldb,org.hsqldb.persist,org.hsqldb.persist.RowStoreAVLDisk,1,FALSE,anonymous,null,null,0,189,7,0
315,hsqldb,org.hsqldb.persist,org.hsqldb.persist.RowStoreAVLDiskData,1,FALSE,anonymous,null,null,0,147,2,0
316,hsqldb,org.hsqldb.persist,org.hsqldb.persist.RowStoreAVLHybrid,1,FALSE,anonymous,null,null,0,242,5,0
317,hsqldb,org.hsqldb.persist,org.hsqldb.persist.RowStoreAVLHybridExtended,1,FALSE,anonymous,null,null,0,56,1,0
318,hsqldb,org.hsqldb.persist,org.hsqldb.persist.RowStoreAVLMemory,1,FALSE,anonymous,null,null,0,117,5,0
319,hsqldb,org.hsqldb.persist,org.hsqldb.persist.RowStoreDataChange,1,FALSE,anonymous,null,null,0,17,0,0
320,hsqldb,org.hsqldb.persist,org.hsqldb.persist.ScaledRAFile,1,TRUE,Fred Toussi (fredt@users dot sourceforge.net),  1.7.2,  2.0.1,1,341,11,0
321,hsqldb,org.hsqldb.persist,org.hsqldb.persist.ScaledRAFileHybrid,1,TRUE,Fred Toussi (fredt@users dot sourceforge.net), 1.7.2, 2.0.1,0,117,10,0
322,hsqldb,org.hsqldb.persist,org.hsqldb.persist.ScaledRAFileInJar,1,TRUE,Fred Toussi (fredt@users dot sourceforge.net),  1.8.0,  2.2.6,1,165,13,0
323,hsqldb,org.hsqldb.persist,org.hsqldb.persist.ScaledRAFileNIO,1,TRUE,Fred Toussi (fredt@users dot sourceforge.net), 1.8.0.5,  2.0.1,1,405,10,0
324,hsqldb,org.hsqldb.persist,org.hsqldb.persist.ScaledRAFileSimple,1,TRUE,Fred Toussi (fredt@users dot sourceforge.net),  1.9.0,  2.0.1,0,78,10,0
325,hsqldb,org.hsqldb.persist,org.hsqldb.persist.ScriptRunner,1,TRUE,Fred Toussi (fredt@users dot sourceforge.net), 1.7.2, 2.2.7,0,175,0,0
326,hsqldb,org.hsqldb.persist,org.hsqldb.persist.TextCache,1,TRUE,Fred Toussi (fredt@users dot sourceforge.net), 1.7.0, 2.2.7,0,301,9,0
327,hsqldb,org.hsqldb.persist,org.hsqldb.persist.TextFileReader,1,TRUE,Fred Toussi (fredt@users dot sourceforge.net), 2.2.7, 2.2.7,0,200,3,0
328,hsqldb,org.hsqldb.persist,org.hsqldb.persist.TextFileSettings,1,TRUE,Fred Toussi (fredt@users dot sourceforge.net), 2.2.6, 2.2.6,0,168,3,0
329,hsqldb,org.hsqldb,org.hsqldb.QueryExpression,1,TRUE,Fred Toussi (fredt@users dot sourceforge.net), 2.2.6, 2.2.6,1,636,24,0
330,hsqldb,org.hsqldb,org.hsqldb.QuerySpecification,1,TRUE,Fred Toussi (fredt@users dot sourceforge.net), 1.9.0, 2.2.7,1,1580,23,1
331,hsqldb,org.hsqldb,org.hsqldb.RangeVariable,1,TRUE,anonymous,null,null,1,1181,17,0
332,hsqldb,org.hsqldb,org.hsqldb.RangeVariable.RangeIteratorBase,1,FALSE,anonymous,null,null,0,81,14,0
333,hsqldb,org.hsqldb,org.hsqldb.RangeVariable.RangeIteratorMain,1,FALSE,anonymous,null,null,0,193,10,0
334,hsqldb,org.hsqldb,org.hsqldb.RangeVariable.RangeIteratorRight,1,FALSE,anonymous,null,null,0,63,4,0
335,hsqldb,org.hsqldb,org.hsqldb.RangeVariable.RangeIteratorJoined,1,FALSE,anonymous,null,null,0,55,6,0
336,hsqldb,org.hsqldb,org.hsqldb.RangeVariable.RangeVariableConditions,1,FALSE,anonymous,null,null,0,239,3,0
337,hsqldb,org.hsqldb,org.hsqldb.RangeVariableJoined,1,FALSE,anonymous,null,null,0,218,15,0
338,hsqldb,org.hsqldb,org.hsqldb.RangeVariableResolver,1,TRUE,Fred Toussi (fredt@users dot sourceforge.net), 1.9.0, 2.0.1,1,875,6,1
339,hsqldb,org.hsqldb.resources,org.hsqldb.resources.BundleHandler,1,TRUE,boucherb@users, 1.7.2, 1.7.2,0,150,3,0
340,hsqldb,org.hsqldb.result,org.hsqldb.result.Result,1,TRUE,Fred Toussi (fredt@users dot sourceforge.net), 1.9.0, 2.1.1,1,1075,44,0
341,hsqldb,org.hsqldb.result,org.hsqldb.result.ResultConstants,1,TRUE,Fred Toussi (fredt@users dot sourceforge.net), 2.1.1, 1.7.2,0,200,0,0
342,hsqldb,org.hsqldb.result,org.hsqldb.result.ResultLob,1,TRUE,anonymous,null,null,1,467,9,0
343,hsqldb,org.hsqldb.result,org.hsqldb.result.ResultLob.LobResultTypes,1,FALSE,anonymous,null,null,0,23,0,0
344,hsqldb,org.hsqldb.result,org.hsqldb.result.ResultMetaData,1,TRUE,Fred Toussi (fredt@users dot sourceforge.net), 1.8.0, 2.1.1,1,352,7,0
345,hsqldb,org.hsqldb.result,org.hsqldb.result.ResultProperties,1,FALSE,anonymous,null,null,0,53,0,0
346,hsqldb,org.hsqldb.rights,org.hsqldb.rights.GrantConstants,1,TRUE,Campbell Boucher-Burnet (boucherb@users dot sourceforge.net), 1.7.2, 1.7.2,0,44,0,0
347,hsqldb,org.hsqldb.rights,org.hsqldb.rights.Grantee,1,TRUE,Blaine Simpson (blaine dot simpson at admc dot com), 1.8.0, 2.0.1,1,795,26,1
348,hsqldb,org.hsqldb.rights,org.hsqldb.rights.GranteeManager,1,TRUE,Blaine Simpson (blaine dot simpson at admc dot com), 1.8.0, 2.0.1,1,467,7,0
349,hsqldb,org.hsqldb.rights,org.hsqldb.rights.Right,1,TRUE,Fred Toussi (fredt@users dot sourceforge.net), 1.9.0, 2.0.1,1,702,11,0
350,hsqldb,org.hsqldb.rights,org.hsqldb.rights.User,1,TRUE,Blaine Simpson (blaine dot simpson at admc dot com), 1.8.0, 2.1.1,0,141,8,0
351,hsqldb,org.hsqldb.rights,org.hsqldb.rights.UserManager,1,TRUE,Fred Toussi (fredt@users dot sourceforge.net), 1.7.2, 2.1.1,0,251,4,0
352,hsqldb,org.hsqldb,org.hsqldb.Routine,1,TRUE,Fred Toussi (fredt@users dot sourceforge.net), 1.9.0, 2.0.1,1,957,42,0
353,hsqldb,org.hsqldb,org.hsqldb.RoutineSchema,1,TRUE,Fred Toussi (fredt@users dot sourceforge.net), 1.9.0, 1.9.0,0,208,12,0
354,hsqldb,org.hsqldb,org.hsqldb.Row,1,TRUE,Fred Toussi (fredt@users dot sourceforge dot net),null, 2.0.1,0,110,14,0
355,hsqldb,org.hsqldb,org.hsqldb.RowAction,1,TRUE,Fred Toussi (fredt@users dot sourceforge dot net), 2.0.0, 2.2.7,1,710,7,0
356,hsqldb,org.hsqldb,org.hsqldb.RowActionBase,1,TRUE,Fred Toussi (fredt@users dot sourceforge dot net), 2.0.0, 2.1.1,0,46,1,0
357,hsqldb,org.hsqldb,org.hsqldb.RowAVL,1,TRUE,Thomas Mueller (Hypersonic SQL Group), Hypersonic SQL, 2.0.1,0,91,3,0
358,hsqldb,org.hsqldb,org.hsqldb.RowAVLDisk,1,TRUE,Thomas Mueller (Hypersonic SQL Group), Hypersonic SQL, 2.2.7,0,229,9,0
359,hsqldb,org.hsqldb,org.hsqldb.RowAVLDiskData,1,TRUE,Fred Toussi (fredt@users dot sourceforge.net),null, 1.7.0,0,154,7,0
360,hsqldb,org.hsqldb,org.hsqldb.RowDiskDataChange,1,TRUE,Fred Toussi (fredt@users dot sourceforge dot net), 2.2.7, 2.2.7,0,96,2,0
361,hsqldb,org.hsqldb.rowio,org.hsqldb.rowio.RowInputBase,1,TRUE,Fred Toussi (fredt@users dot sourceforge.net), 1.7.0, 2.0.0,0,179,18,0
362,hsqldb,org.hsqldb.rowio,org.hsqldb.rowio.RowInputBinary,1,TRUE,Fred Toussi (fredt@users dot sourceforge.net), 1.7.0, 2.2.7,0,170,16,0
363,hsqldb,org.hsqldb.rowio,org.hsqldb.rowio.RowInputBinary180,1,TRUE,Fred Toussi (fredt@users dot sourceforge.net), 1.9.0, 1.9.0,0,38,0,0
364,hsqldb,org.hsqldb.rowio,org.hsqldb.rowio.RowInputBinaryDecode,1,TRUE,Fred Toussi (fredt@users dot sourceforge.net), 1.9.0, 1.9.0,0,21,0,0
365,hsqldb,org.hsqldb.rowio,org.hsqldb.rowio.RowInputInterface,1,TRUE,Fred Toussi (fredt@users dot sourceforge.net), 1.7.0, 1.9.0,0,20,9,0
366,hsqldb,org.hsqldb.rowio,org.hsqldb.rowio.RowInputText,1,TRUE,Bob Preston (sqlbob@users dot sourceforge.net), 1.7.0, 2.0.1,1,347,21,0
367,hsqldb,org.hsqldb.rowio,org.hsqldb.rowio.RowInputTextLog,1,TRUE,Fred Toussi (fredt@users dot sourceforge.net), 1.7.3, 2.0.1,0,330,22,0
368,hsqldb,org.hsqldb.rowio,org.hsqldb.rowio.RowInputTextQuoted,1,TRUE,Bob Preston (sqlbob@users dot sourceforge.net), 1.7.0, 1.9.0,0,83,0,0
369,hsqldb,org.hsqldb.rowio,org.hsqldb.rowio.RowOutputBase,1,TRUE,Fred Toussi (fredt@users dot sourceforge.net), 1.7.0, 2.0.1,0,176,5,0
370,hsqldb,org.hsqldb.rowio,org.hsqldb.rowio.RowOutputBinary,1,TRUE,Fred Toussi (fredt@users dot sourceforge.net), 1.7.0, 2.6.7,0,311,3,0
371,hsqldb,org.hsqldb.rowio,org.hsqldb.rowio.RowOutputBinary180,1,TRUE,Fred Toussi (fredt@users dot sourceforge.net), 1.9.0, 1.9.0,0,41,0,0
372,hsqldb,org.hsqldb.rowio,org.hsqldb.rowio.RowOutputBinaryEncode,1,TRUE,Fred Toussi (fredt@users dot sourceforge.net), 1.9.0, 2.0.1,0,43,1,0
373,hsqldb,org.hsqldb.rowio,org.hsqldb.rowio.RowOutputInterface,1,TRUE,Fred Toussi (fredt@users dot sourceforge.net), 1.7.0, 2.0.1,0,27,5,0
374,hsqldb,org.hsqldb.rowio,org.hsqldb.rowio.RowOutputText,1,TRUE,Bob Preston (sqlbob@users dot sourceforge.net), 1.7.0, 2.0.1,1,225,2,0
375,hsqldb,org.hsqldb.rowio,org.hsqldb.rowio.RowOutputTextLog,1,TRUE,Fred Toussi (fredt@users dot sourceforge.net), 2.0.0, 1.7.2,1,185,4,0
376,hsqldb,org.hsqldb.rowio,org.hsqldb.rowio.RowOutputTextQuoted,1,TRUE,Bob Preston (sqlbob@users dot sourceforge.net), 1.7.0, 1.9.0,0,25,0,0
377,hsqldb,org.hsqldb.sample,org.hsqldb.sample.ConnectionTypesSample,1,FALSE,anonymous,null,null,0,10,1,0
378,hsqldb,org.hsqldb.sample,org.hsqldb.sample.DatabaseManagerSample,1,FALSE,anonymous,null,null,0,7,0,0
379,hsqldb,org.hsqldb.sample,org.hsqldb.sample.FindFile,1,TRUE,Thomas Mueller (Hypersonic SQL Group), Hypersonic SQL, 1.7.0,0,88,0,0
380,hsqldb,org.hsqldb.sample,org.hsqldb.sample.SqlFileEmbedder,1,TRUE,Blaine Simpson (blaine dot simpson at admc dot com),null,null,0,68,1,0
381,hsqldb,org.hsqldb.sample,org.hsqldb.sample.Testdb,1,TRUE,anonymous,null,null,0,71,1,0
382,hsqldb,org.hsqldb.sample,org.hsqldb.sample.TriggerSample,1,TRUE,boucherb@users, 1.7.0, 1.7.2,1,288,4,0
383,hsqldb,org.hsqldb,org.hsqldb.Scanner,1,TRUE,Fred Toussi (fredt@users dot sourceforge.net), 1.9.0, 2.1.1,1,1663,34,1
384,hsqldb,org.hsqldb,org.hsqldb.Schema,1,TRUE,Fred Toussi (fredt@users dot sourceforge.net), 1.9.0, 2.0.1,1,226,13,0
385,hsqldb,org.hsqldb,org.hsqldb.SchemaManager,1,TRUE,Fred Toussi (fredt@users dot sourceforge.net), 1.8.0,  2.2.7,1,1972,15,1
386,hsqldb,org.hsqldb,org.hsqldb.SchemaObject,1,TRUE,anonymous,null,null,0,82,9,0
387,hsqldb,org.hsqldb,org.hsqldb.SchemaObject.ConstraintTypes,1,FALSE,anonymous,null,null,0,8,0,0
388,hsqldb,org.hsqldb,org.hsqldb.SchemaObject.ReferentialAction,1,FALSE,anonymous,null,null,0,7,0,0
389,hsqldb,org.hsqldb,org.hsqldb.SchemaObject.Deferable,1,FALSE,anonymous,null,null,0,5,0,0
390,hsqldb,org.hsqldb,org.hsqldb.SchemaObject.ViewCheckModes,1,FALSE,anonymous,null,null,0,5,0,0
391,hsqldb,org.hsqldb,org.hsqldb.SchemaObject.ParameterModes,1,FALSE,anonymous,null,null,0,6,0,0
392,hsqldb,org.hsqldb,org.hsqldb.SchemaObject.Nullability,1,FALSE,anonymous,null,null,0,5,0,0
393,hsqldb,org.hsqldb,org.hsqldb.SchemaObjectSet,1,TRUE,Fred Toussi (fredt@users dot sourceforge.net), 1.9.0, 2.0.1,0,391,1,0
394,hsqldb,org.hsqldb.scriptio,org.hsqldb.scriptio.ScriptReaderBase,1,TRUE,Fred Toussi (fredt@users dot sourceforge.net), 1.7.2, 1.9.0,0,64,10,0
395,hsqldb,org.hsqldb.scriptio,org.hsqldb.scriptio.ScriptReaderDecode,1,TRUE,Fred Toussi (fredt@users dot sourceforge.net), 1.9.0, 2.0.1,0,69,1,0
396,hsqldb,org.hsqldb.scriptio,org.hsqldb.scriptio.ScriptReaderText,1,TRUE,Fred Toussi (fredt@users dot sourceforge.net), 1.7.2, 2.1.1,0,171,1,0
397,hsqldb,org.hsqldb.scriptio,org.hsqldb.scriptio.ScriptWriterBase,1,TRUE,Fred Toussi (fredt@users dot sourceforge.net), 1.7.2, 2.1.1,1,231,15,0
398,hsqldb,org.hsqldb.scriptio,org.hsqldb.scriptio.ScriptWriterEncode,1,TRUE,Fred Toussi (fredt@users dot sourceforge.net), 1.7.2, 1.9.0,0,76,3,0
399,hsqldb,org.hsqldb.scriptio,org.hsqldb.scriptio.ScriptWriterText,1,TRUE,Fred Toussi (fredt@users dot sourceforge.net), 1.7.2, 2.0.1,1,185,4,0
400,hsqldb,org.hsqldb.server,org.hsqldb.server.HsqlServerFactory,1,TRUE,paul-h@users, 1.7.0, 2.2.0,0,35,1,0
401,hsqldb,org.hsqldb.server,org.hsqldb.server.HsqlSocketFactory,1,TRUE,boucherb@users, 1.7.2, 1.7.2,0,103,4,0
402,hsqldb,org.hsqldb.server,org.hsqldb.server.HsqlSocketFactorySecure,1,TRUE,Blaine Simpson (blaine dot simpson at admc dot com), 1.7.2, 1.7.2,0,197,4,0
403,hsqldb,org.hsqldb.server,org.hsqldb.server.HsqlSocketRequestHandler,1,TRUE,paul-h@users, 1.7.0,1.7,0,11,1,0
404,hsqldb,org.hsqldb.server,org.hsqldb.server.OdbcPacketInputStream,1,TRUE,anonymous,null,null,0,133,5,0
405,hsqldb,org.hsqldb.server,org.hsqldb.server.OdbcPacketOutputStream,1,TRUE,anonymous,null,null,0,71,4,0
406,hsqldb,org.hsqldb.server,org.hsqldb.server.OdbcPreparedStatement,1,FALSE,anonymous,null,null,0,47,1,0
407,hsqldb,org.hsqldb.server,org.hsqldb.server.OdbcUtil,1,TRUE,anonymous,null,null,0,187,0,0
408,hsqldb,org.hsqldb.server,org.hsqldb.server.PgType,1,TRUE,Blaine Simpson (blaine dot simpson at admc dot com), 1.9.0,null,0,307,3,0
409,hsqldb,org.hsqldb.server,org.hsqldb.server.RecoverableOdbcFailure,1,FALSE,anonymous,null,null,0,40,3,0
410,hsqldb,org.hsqldb.server,org.hsqldb.server.Server,1,TRUE,anonymous,null,null,1,1433,36,0
411,hsqldb,org.hsqldb.server,org.hsqldb.server.Server.ServerThread,1,TRUE,anonymous,null,null,0,20,1,0
412,hsqldb,org.hsqldb.server,org.hsqldb.server.ServerAcl,1,TRUE,anonymous,null,null,0,290,3,1
413,hsqldb,org.hsqldb.server,org.hsqldb.server.ServerAcl.AclFormatException,1,FALSE,anonymous,null,null,0,5,0,0
414,hsqldb,org.hsqldb.server,org.hsqldb.server.ServerAcl.AclEntry,1,FALSE,anonymous,null,null,0,47,2,0
415,hsqldb,org.hsqldb.server,org.hsqldb.server.ServerAcl.InternalException,1,FALSE,anonymous,null,null,0,2,0,0
416,hsqldb,org.hsqldb.server,org.hsqldb.server.ServerConfiguration,1,TRUE,boucherb@users, 1.7.2, 2.2.7,0,167,2,0
417,hsqldb,org.hsqldb.server,org.hsqldb.server.ServerConnection,1,TRUE,anonymous,null,null,1,1006,6,0
418,hsqldb,org.hsqldb.server,org.hsqldb.server.ServerConnection.CleanExit,1,FALSE,anonymous,null,null,0,2,0,0
419,hsqldb,org.hsqldb.server,org.hsqldb.server.ServerConnection.ClientFailure,1,FALSE,anonymous,null,null,0,10,1,0
420,hsqldb,org.hsqldb.server,org.hsqldb.server.ServerConstants,1,TRUE,boucherb@users, 1.7.2, 2.1.1,0,33,0,0
421,hsqldb,org.hsqldb.server,org.hsqldb.server.ServerProperties,1,TRUE,Fred Toussi (fredt@users dot sourceforge.net), 1.9.0, 2.2.7,0,193,1,0
422,hsqldb,org.hsqldb.server,org.hsqldb.server.Servlet,1,TRUE,Fred Toussi (fredt@users dot sourceforge.net), Hypersonic SQL, 2.0.1,0,131,0,0
423,hsqldb,org.hsqldb.server,org.hsqldb.server.StatementPortal,1,FALSE,anonymous,null,null,0,64,1,0
424,hsqldb,org.hsqldb.server,org.hsqldb.server.WebServer,1,TRUE,Fred Toussi (fredt@users dot sourceforge.net), 1.7.2, 1.7.2,0,100,6,0
425,hsqldb,org.hsqldb.server,org.hsqldb.server.WebServerConnection,1,TRUE,Fred Toussi (fredt@users dot sourceforge.net), Hypersonic SQL, 2.0.1,0,341,2,0
426,hsqldb,org.hsqldb,org.hsqldb.Server,1,FALSE,anonymous,null,null,0,2,0,0
427,hsqldb,org.hsqldb,org.hsqldb.Session,1,TRUE,Fred Toussi (fredt@users dot sourceforge.net), 1.7.0, 2.2.6,1,1481,59,0
428,hsqldb,org.hsqldb,org.hsqldb.SessionContext,1,FALSE,anonymous,null,null,1,180,5,0
429,hsqldb,org.hsqldb,org.hsqldb.SessionData,1,FALSE,anonymous,null,null,1,435,5,0
430,hsqldb,org.hsqldb,org.hsqldb.SessionInterface,1,TRUE,Fred Toussi (fredt@users dot sourceforge.net), 1.7.2, 2.0.1,1,58,18,0
431,hsqldb,org.hsqldb,org.hsqldb.SessionManager,1,TRUE,Fred Toussi (fredt@users dot sourceforge.net), 1.7.2, 2.0.1,0,155,8,0
432,hsqldb,org.hsqldb,org.hsqldb.SetFunction,1,TRUE,Fred Toussi (fredt@users dot sourceforge.net), 1.7.2, 2.0.1,0,439,3,0
433,hsqldb,org.hsqldb,org.hsqldb.SortAndSlice,1,FALSE,anonymous,null,null,1,288,8,0
434,hsqldb,org.hsqldb,org.hsqldb.SqlInvariants,1,TRUE,Fred Toussi (fredt@users dot sourceforge.net), 1.9.0, 2.2.7,0,87,0,0
435,hsqldb,org.hsqldb,org.hsqldb.Statement,1,TRUE,Fred Toussi (fredt@users dot sourceforge.net), 1.9.0, 2.0.1,1,187,26,0
436,hsqldb,org.hsqldb,org.hsqldb.StatementCommand,1,TRUE,Fred Toussi (fredt@users dot sourceforge.net), 1.9.0, 2.2.8,1,955,2,0
437,hsqldb,org.hsqldb,org.hsqldb.StatementCompound,1,TRUE,Fred Toussi (fredt@users dot sourceforge.net), 1.9.0, 2.2.7,1,576,7,0
438,hsqldb,org.hsqldb,org.hsqldb.StatementCursor,1,TRUE,Fred Toussi (fredt@users dot sourceforge.net), 2.0.1, 2.0.1,0,43,0,0
439,hsqldb,org.hsqldb,org.hsqldb.StatementDML,1,TRUE,Fred Toussi (fredt@users dot sourceforge.net), 1.9.0, 2.2.7,1,1023,4,0
440,hsqldb,org.hsqldb,org.hsqldb.StatementDMQL,1,TRUE,Fred Toussi (fredt@users dot sourceforge.net), 1.7.2, 2.2.7,1,552,10,0
441,hsqldb,org.hsqldb,org.hsqldb.StatementExpression,1,TRUE,Fred Toussi (fredt@users dot sourceforge.net), 1.9.0, 1.9.0,0,104,1,0
442,hsqldb,org.hsqldb,org.hsqldb.StatementHandler,1,TRUE,Fred Toussi (fredt@users dot sourceforge.net), 1.9.0, 1.9.0,0,132,6,0
443,hsqldb,org.hsqldb,org.hsqldb.StatementInsert,1,TRUE,Fred Toussi (fredt@users dot sourceforge.net), 1.9.0, 2.2.6,0,109,0,0
444,hsqldb,org.hsqldb,org.hsqldb.StatementManager,1,TRUE,Fred Toussi (fredt@users dot sourceforge.net), 1.7.2, 2.2.6,0,217,2,0
445,hsqldb,org.hsqldb,org.hsqldb.StatementProcedure,1,TRUE,Fred Toussi (fredt@users dot sourceforge.net), 1.9.0, 2.0.1,0,251,2,0
446,hsqldb,org.hsqldb,org.hsqldb.StatementQuery,1,TRUE,Fred Toussi (fredt@users dot sourceforge.net), 1.9.0, 2.1.1,0,49,2,0
447,hsqldb,org.hsqldb,org.hsqldb.StatementResultUpdate,1,TRUE,Fred Toussi (fredt@users dot sourceforge.net), 1.9.0, 2.2.7,0,139,1,0
448,hsqldb,org.hsqldb,org.hsqldb.StatementSchema,1,TRUE,Fred Toussi (fredt@users dot sourceforge.net), 1.9.0, 2.1.1,1,1161,2,0
449,hsqldb,org.hsqldb,org.hsqldb.StatementSchemaDefinition,1,TRUE,Fred Toussi (fredt@users dot sourceforge.net), 1.9.0, 2.1.1,0,139,1,0
450,hsqldb,org.hsqldb,org.hsqldb.StatementSession,1,TRUE,Fred Toussi (fredt@users dot sourceforge.net), 1.9.0, 2.2.6,1,534,3,0
451,hsqldb,org.hsqldb,org.hsqldb.StatementSet,1,TRUE,Fred Toussi (fredt@users dot sourceforge.net), 1.9.0, 2.2.6,0,263,1,0
452,hsqldb,org.hsqldb,org.hsqldb.StatementSimple,1,TRUE,Fred Toussi (fredt@users dot sourceforge.net), 1.9.0, 2.2.7,0,127,3,0
453,hsqldb,org.hsqldb,org.hsqldb.StatementTypes,1,FALSE,anonymous,null,null,0,229,0,0
454,hsqldb,org.hsqldb.store,org.hsqldb.store.BaseHashMap,1,TRUE,anonymous,null,null,1,1148,7,0
455,hsqldb,org.hsqldb.store,org.hsqldb.store.BaseHashMap.ValuesIterator,1,TRUE,anonymous,null,null,0,39,5,0
456,hsqldb,org.hsqldb.store,org.hsqldb.store.BaseHashMap.MultiValueKeyIterator,1,FALSE,anonymous,null,null,0,37,7,0
457,hsqldb,org.hsqldb.store,org.hsqldb.store.BaseHashMap.BaseHashIterator,1,TRUE,anonymous,null,null,0,122,8,0
458,hsqldb,org.hsqldb.store,org.hsqldb.store.BitMap,1,TRUE,Fred Toussi (fredt@users dot sourceforge.net), 1.8.0, 1.9.0,1,355,4,0
459,hsqldb,org.hsqldb.store,org.hsqldb.store.HashIndex,1,TRUE,Fred Toussi (fredt@users dot sourceforge.net), 1.7.2, 1.9.0,0,162,2,0
460,hsqldb,org.hsqldb.store,org.hsqldb.store.ReusableObjectCache,1,FALSE,anonymous,null,null,0,22,4,0
461,hsqldb,org.hsqldb.store,org.hsqldb.store.ValuePool,1,TRUE,Fred Toussi (fredt@users dot sourceforge.net), 1.7.2, 1.9.0,0,125,4,0
462,hsqldb,org.hsqldb.store,org.hsqldb.store.ValuePoolHashMap,1,TRUE,Fred Toussi (fredt@users dot sourceforge.net), 1.7.2, 1.9.0,0,236,0,0
463,hsqldb,org.hsqldb,org.hsqldb.SubQuery,1,TRUE,Fred Toussi (fredt@users dot sourceforge.net),null,null,1,228,7,0
464,hsqldb,org.hsqldb,org.hsqldb.Table,1,TRUE,Fred Toussi (fredt@users dot sourceforge.net), 1.6.1, 2.2.7,1,1997,65,1
465,hsqldb,org.hsqldb,org.hsqldb.TableBase,1,TRUE,Fred Toussi (fredt@users dot sourceforge.net), 1.7.2, 2.2.7,1,346,20,1
466,hsqldb,org.hsqldb,org.hsqldb.TableDerived,1,TRUE,Fred Toussi (fredt@users dot sourceforge.net), 1.9.0, 2.2.7,0,74,9,0
467,hsqldb,org.hsqldb,org.hsqldb.TableUtil,1,FALSE,anonymous,null,null,0,39,0,0
468,hsqldb,org.hsqldb,org.hsqldb.TableWorks,1,TRUE,Fred Toussi (fredt@users dot sourceforge.net), 1.7.0, 2.0.1,1,799,2,0
469,hsqldb,org.hsqldb.test,org.hsqldb.test.AbstractTestOdbc,1,TRUE,anonymous,null,null,0,129,4,0
470,hsqldb,org.hsqldb.test,org.hsqldb.test.AllSimpleTests,1,FALSE,anonymous,null,null,0,31,3,0
471,hsqldb,org.hsqldb.test,org.hsqldb.test.AllTests,1,FALSE,anonymous,null,null,0,41,1,0
472,hsqldb,org.hsqldb.test,org.hsqldb.test.BlaineTrig,1,FALSE,anonymous,null,null,0,8,0,0
473,hsqldb,org.hsqldb.test,org.hsqldb.test.ClearTests,1,FALSE,anonymous,null,null,0,15,0,0
474,hsqldb,org.hsqldb.test,org.hsqldb.test.HSQLBug,1,FALSE,anonymous,null,null,0,39,0,0
475,hsqldb,org.hsqldb.test,org.hsqldb.test.HsqldbTestCase,1,TRUE,Julien Blaize, 8 august 2006,null,0,80,0,0
476,hsqldb,org.hsqldb.test,org.hsqldb.test.JDBCBench,1,FALSE,anonymous,null,null,1,801,3,0
477,hsqldb,org.hsqldb.test,org.hsqldb.test.JDBCBench.ClientThread,1,FALSE,anonymous,null,null,0,173,1,0
478,hsqldb,org.hsqldb.test,org.hsqldb.test.JDBCBench.MemoryWatcherThread,1,FALSE,anonymous,null,null,0,36,4,0
479,hsqldb,org.hsqldb.test,org.hsqldb.test.TestAcl,1,FALSE,anonymous,null,null,1,231,15,0
480,hsqldb,org.hsqldb.test,org.hsqldb.test.TestAllTypes,1,TRUE,Fred Toussi (fredt@users dot sourceforge.net),null,null,0,258,6,0
481,hsqldb,org.hsqldb.test,org.hsqldb.test.TestAnother,1,FALSE,anonymous,null,null,0,42,2,0
482,hsqldb,org.hsqldb.test,org.hsqldb.test.TestBase,1,TRUE,boucherb@users, 1.7.2, 1.7.2,0,83,4,0
483,hsqldb,org.hsqldb.test,org.hsqldb.test.TestBatchBug,1,FALSE,anonymous,null,null,0,127,0,0
484,hsqldb,org.hsqldb.test,org.hsqldb.test.TestBatchExecution,1,TRUE,Campbell Boucher-Burnet (boucherb@users dot sourceforge.net), 1.7.2, 1.9.0,0,229,3,0
485,hsqldb,org.hsqldb.test,org.hsqldb.test.TestBench,1,FALSE,anonymous,null,null,1,720,3,0
486,hsqldb,org.hsqldb.test,org.hsqldb.test.TestBench.ClientThread,1,FALSE,anonymous,null,null,0,121,2,0
487,hsqldb,org.hsqldb.test,org.hsqldb.test.TestBench.ClientThreadProcedure,1,FALSE,anonymous,null,null,0,84,2,0
488,hsqldb,org.hsqldb.test,org.hsqldb.test.TestBench.MemoryWatcherThread,1,FALSE,anonymous,null,null,0,36,4,0
489,hsqldb,org.hsqldb.test,org.hsqldb.test.TestBug1191815,1,TRUE,Antranig Basman (antranig@caret.cam.ac.uk),null,null,0,57,1,0
490,hsqldb,org.hsqldb.test,org.hsqldb.test.TestBug778213,1,TRUE,boucherb@users, 1.7.2, 1.7.2,0,115,1,0
491,hsqldb,org.hsqldb.test,org.hsqldb.test.TestBug785429,1,TRUE,boucherb@users,null,null,0,78,1,0
492,hsqldb,org.hsqldb.test,org.hsqldb.test.TestBug808460,1,TRUE,boucherb@users, 1.7.2, 1.7.2,0,36,1,0
493,hsqldb,org.hsqldb.test,org.hsqldb.test.TestCacheSize,1,TRUE,Fred Toussi (fredt@users dot sourceforge.net), 1.7.0, 1.8.0,1,612,18,0
494,hsqldb,org.hsqldb.test,org.hsqldb.test.TestCascade,1,TRUE,David Kopp,null,1,0,79,4,0
495,hsqldb,org.hsqldb.test,org.hsqldb.test.TestCollation,1,TRUE,frank.schoenheit@sun.com,null,null,0,147,4,0
496,hsqldb,org.hsqldb.test,org.hsqldb.test.TestDatabaseMetaData,1,FALSE,anonymous,null,null,0,171,3,0
497,hsqldb,org.hsqldb.test,org.hsqldb.test.TestDataStructures,1,TRUE,dnordahl@users,null,null,0,359,4,0
498,hsqldb,org.hsqldb.test,org.hsqldb.test.TestDateTime,1,TRUE,Miro Halas,null,null,0,143,4,0
499,hsqldb,org.hsqldb.test,org.hsqldb.test.TestDatetimeSimple,1,TRUE,anonymous,null,null,0,118,2,0
500,hsqldb,org.hsqldb.test,org.hsqldb.test.TestDbBackup,1,FALSE,anonymous,null,null,0,383,12,0
501,hsqldb,org.hsqldb.test,org.hsqldb.test.TestDima,1,FALSE,anonymous,null,null,0,108,2,0
502,hsqldb,org.hsqldb.test,org.hsqldb.test.TestGroupByHaving,1,TRUE,Tony Lai,null,null,0,153,9,0
503,hsqldb,org.hsqldb.test,org.hsqldb.test.TestHarness,1,TRUE,Carl,null,null,0,169,5,0
504,hsqldb,org.hsqldb.test,org.hsqldb.test.TestHashStructures,1,TRUE,Fred Toussi (fredt@users dot sourceforge.net),null,null,1,363,5,0
505,hsqldb,org.hsqldb.test,org.hsqldb.test.TestHSQLDB,1,TRUE,Diego Ballve,null,null,0,43,0,0
506,hsqldb,org.hsqldb.test,org.hsqldb.test.TestINPredicateParameterizationAndCorrelation,1,TRUE,boucherb@users, 1.7.2, 1.9.0,0,107,1,0
507,hsqldb,org.hsqldb.test,org.hsqldb.test.TestInstantiation,1,TRUE,Fred Toussi (fredt@users dot sourceforge.net),null, 1.7.0,0,31,1,0
508,hsqldb,org.hsqldb.test,org.hsqldb.test.TestJavaFunctions,1,FALSE,anonymous,null,null,0,102,5,0
509,hsqldb,org.hsqldb.test,org.hsqldb.test.TestJDBCGeneratedColumns,1,FALSE,anonymous,null,null,0,64,1,0
510,hsqldb,org.hsqldb.test,org.hsqldb.test.TestJDBCSavepoints,1,TRUE,Fred Toussi (fredt@users dot sourceforge.net), 1.7.2, 1.7.2,0,303,4,0
511,hsqldb,org.hsqldb.test,org.hsqldb.test.TestKarl,1,TRUE,karl, 1.7.2, 1.7.2,0,183,0,0
512,hsqldb,org.hsqldb.test,org.hsqldb.test.TestLibSpeed,1,TRUE,Fred Toussi (fredt@users dot sourceforge.net), 1.7.2, 1.7.2,0,99,1,0
513,hsqldb,org.hsqldb.test,org.hsqldb.test.TestLikePredicateOptimizations,1,TRUE,boucherb@users, 1.7.2, 1.9.0,0,166,1,0
514,hsqldb,org.hsqldb.test,org.hsqldb.test.TestLobs,1,FALSE,anonymous,null,null,1,516,12,0
515,hsqldb,org.hsqldb.test,org.hsqldb.test.TestMerge,1,TRUE,Justin Spadea,null,null,0,208,13,0
516,hsqldb,org.hsqldb.test,org.hsqldb.test.TestMultiInsert,1,TRUE,Justin Spadea,null,null,0,84,3,0
517,hsqldb,org.hsqldb.test,org.hsqldb.test.TestMultipleConnections,1,FALSE,anonymous,null,null,0,41,2,0
518,hsqldb,org.hsqldb.test,org.hsqldb.test.TestNitin,1,TRUE,Nitin Chauhan,null,null,0,54,0,0
519,hsqldb,org.hsqldb.test,org.hsqldb.test.TestNullInUnion,1,FALSE,anonymous,null,null,0,32,1,0
520,hsqldb,org.hsqldb.test,org.hsqldb.test.TestObjectSize,1,FALSE,anonymous,null,null,0,27,1,0
521,hsqldb,org.hsqldb.test,org.hsqldb.test.TestOdbcService,1,TRUE,anonymous,null,null,0,283,14,0
522,hsqldb,org.hsqldb.test,org.hsqldb.test.TestOdbcTypes,1,TRUE,anonymous,null,null,1,1273,37,0
523,hsqldb,org.hsqldb.test,org.hsqldb.test.TestPreparedStatements,1,TRUE,anonymous,null,null,0,100,2,0
524,hsqldb,org.hsqldb.test,org.hsqldb.test.TestPreparedStatements.sqlStmt,1,FALSE,anonymous,null,null,0,25,0,0
525,hsqldb,org.hsqldb.test,org.hsqldb.test.TestPreparedSubQueries,1,TRUE,anonymous,null,null,0,167,4,0
526,hsqldb,org.hsqldb.test,org.hsqldb.test.TestPreparedSubQueries.sqlStmt,1,FALSE,anonymous,null,null,0,10,0,0
527,hsqldb,org.hsqldb.test,org.hsqldb.test.TestQuotes,1,TRUE,"<a href=""mailto:jvanzyl@zenplex.com"">Jason van Zyl</a>",null,null,0,94,2,0
528,hsqldb,org.hsqldb.test,org.hsqldb.test.TestSchemaParse,1,FALSE,anonymous,null,null,1,567,16,0
529,hsqldb,org.hsqldb.test,org.hsqldb.test.TestScript,1,FALSE,anonymous,null,null,0,17,1,0
530,hsqldb,org.hsqldb.test,org.hsqldb.test.TestScriptRunner,1,TRUE,anonymous,null,null,0,237,3,0
531,hsqldb,org.hsqldb.test,org.hsqldb.test.TestScriptRunner.ScriptRun,1,FALSE,anonymous,null,null,0,52,3,0
532,hsqldb,org.hsqldb.test,org.hsqldb.test.TestScripts,1,TRUE,Blaine Simpson (blaine dot simpson at admc dot com),null,null,0,113,0,0
533,hsqldb,org.hsqldb.test,org.hsqldb.test.TestSql,1,TRUE,Fred Toussi (fredt@users dot sourceforge.net),null,null,1,595,11,0
534,hsqldb,org.hsqldb.test,org.hsqldb.test.TestSqlPersistent,1,TRUE,Fred Toussi (fredt@users dot sourceforge.net),null,null,0,315,5,0
535,hsqldb,org.hsqldb.test,org.hsqldb.test.TestStoredProcedure,1,TRUE,Fred Toussi (fredt@users dot sourceforge.net), 2.0.1, 2.0.1,0,311,7,0
536,hsqldb,org.hsqldb.test,org.hsqldb.test.TestStressInsert,1,TRUE,anonymous,null,null,0,119,4,0
537,hsqldb,org.hsqldb.test,org.hsqldb.test.TestSubQueriesInPreparedStatements,1,TRUE,boucherb@users,null,null,0,76,1,0
538,hsqldb,org.hsqldb.test,org.hsqldb.test.TestSubselect,1,TRUE,"David Moles Apr 30, 2002",null,null,0,206,19,0
539,hsqldb,org.hsqldb.test,org.hsqldb.test.TestTextTable,1,TRUE,anonymous,null,null,0,302,9,0
540,hsqldb,org.hsqldb.test,org.hsqldb.test.TestTextTable.TextTableDescriptor,1,FALSE,anonymous,null,null,0,75,7,0
541,hsqldb,org.hsqldb.test,org.hsqldb.test.TestTextTables,1,FALSE,anonymous,null,null,0,153,11,0
542,hsqldb,org.hsqldb.test,org.hsqldb.test.TestTriggers,1,TRUE,fredt,null,null,0,109,8,0
543,hsqldb,org.hsqldb.test,org.hsqldb.test.TestTypeConversion,1,FALSE,anonymous,null,null,0,119,4,0
544,hsqldb,org.hsqldb.test,org.hsqldb.test.TestUpdatableResults,1,FALSE,anonymous,null,null,0,41,1,0
545,hsqldb,org.hsqldb.test,org.hsqldb.test.TestUpdatableResultSets,1,FALSE,anonymous,null,null,0,103,3,0
546,hsqldb,org.hsqldb.test,org.hsqldb.test.TestUtil,1,TRUE,anonymous,null,null,0,246,0,0
547,hsqldb,org.hsqldb.test,org.hsqldb.test.ParsedSection,1,TRUE,anonymous,null,null,0,148,6,0
548,hsqldb,org.hsqldb.test,org.hsqldb.test.ResultSetParsedSection,1,TRUE,anonymous,null,null,0,77,2,0
549,hsqldb,org.hsqldb.test,org.hsqldb.test.ResultSetOutputParsedSection,1,TRUE,anonymous,null,null,0,50,2,0
550,hsqldb,org.hsqldb.test,org.hsqldb.test.UpdateParsedSection,1,TRUE,anonymous,null,null,0,35,2,0
551,hsqldb,org.hsqldb.test,org.hsqldb.test.WaitSection,1,FALSE,anonymous,null,null,0,61,1,0
552,hsqldb,org.hsqldb.test,org.hsqldb.test.ProceedSection,1,FALSE,anonymous,null,null,0,45,1,0
553,hsqldb,org.hsqldb.test,org.hsqldb.test.SilentParsedSection,1,TRUE,anonymous,null,null,0,20,1,0
554,hsqldb,org.hsqldb.test,org.hsqldb.test.CountParsedSection,1,TRUE,anonymous,null,null,0,43,2,0
555,hsqldb,org.hsqldb.test,org.hsqldb.test.ExceptionParsedSection,1,TRUE,anonymous,null,null,0,35,1,0
556,hsqldb,org.hsqldb.test,org.hsqldb.test.BlankParsedSection,1,TRUE,anonymous,null,null,0,12,1,0
557,hsqldb,org.hsqldb.test,org.hsqldb.test.IgnoreParsedSection,1,TRUE,anonymous,null,null,0,12,1,0
558,hsqldb,org.hsqldb.test,org.hsqldb.test.DisplaySection,1,TRUE,anonymous,null,null,0,24,1,0
559,hsqldb,org.hsqldb.test,org.hsqldb.test.TestUtil.TestRuntimeException,1,FALSE,anonymous,null,null,0,11,0,0
560,hsqldb,org.hsqldb.test,org.hsqldb.test.TestViewAsterisks,1,TRUE,frank.schoenheit@sun.com,null,null,0,244,11,0
561,hsqldb,org.hsqldb.test,org.hsqldb.test.TriggerClass,1,FALSE,anonymous,null,null,0,8,0,0
562,hsqldb,org.hsqldb.test,org.hsqldb.test.Waiter,1,TRUE,anonymous,null,null,0,62,2,0
563,hsqldb,org.hsqldb,org.hsqldb.TextTable,1,TRUE,Bob Preston (sqlbob@users dot sourceforge.net),null, 2.2.7,0,220,10,0
564,hsqldb,org.hsqldb,org.hsqldb.Token,1,FALSE,anonymous,null,null,0,195,4,1
565,hsqldb,org.hsqldb,org.hsqldb.Tokens,1,TRUE,Fred Toussi (fredt@users dot sourceforge.net), 1.7.2, 2.2.7,1,2366,0,0
566,hsqldb,org.hsqldb,org.hsqldb.TransactionManager,1,TRUE,Fred Toussi (fredt@users dot sourceforge.net), 2.0.0, 2.2.7,0,43,4,0
567,hsqldb,org.hsqldb,org.hsqldb.TransactionManager2PL,1,TRUE,Fred Toussi (fredt@users dot sourceforge.net), 2.0.0, 2.0.1,0,200,4,0
568,hsqldb,org.hsqldb,org.hsqldb.TransactionManagerCommon,1,TRUE,Fred Toussi (fredt@users dot sourceforge.net), 2.0.0, 2.2.7,1,530,3,0
569,hsqldb,org.hsqldb,org.hsqldb.TransactionManagerMV2PL,1,TRUE,Fred Toussi (fredt@users dot sourceforge.net), 2.0.0, 2.0.1,0,308,4,0
570,hsqldb,org.hsqldb,org.hsqldb.TransactionManagerMVCC,1,TRUE,Fred Toussi (fredt@users dot sourceforge.net), 2.0.0, 2.0.1,1,585,4,0
571,hsqldb,org.hsqldb,org.hsqldb.Trigger,1,TRUE,Peter Hudson, 1.7.0, 1.9.0,0,27,0,0
572,hsqldb,org.hsqldb,org.hsqldb.TriggerDef,1,TRUE,anonymous,null,null,1,441,35,0
573,hsqldb,org.hsqldb,org.hsqldb.TriggerDef.TriggerData,1,TRUE,anonymous,null,null,0,13,0,0
574,hsqldb,org.hsqldb,org.hsqldb.TriggerDef.DefaultTrigger,1,FALSE,anonymous,null,null,0,4,0,0
575,hsqldb,org.hsqldb,org.hsqldb.TriggerDefSQL,1,TRUE,Fred Toussi (fredt@users dot sourceforge.net), 1.9.0, 2.0.1,0,52,6,0
576,hsqldb,org.hsqldb,org.hsqldb.TypeInvariants,1,FALSE,anonymous,null,null,0,63,0,0
577,hsqldb,org.hsqldb.types,org.hsqldb.types.ArrayType,1,TRUE,Fred Toussi (fredt@users dot sourceforge.net), 2.0.0, 2.2.1,0,329,13,0
578,hsqldb,org.hsqldb.types,org.hsqldb.types.BinaryData,1,TRUE,Fred Toussi (fredt@users dot sourceforge.net), 1.7.2, 2.0.1,1,172,8,0
579,hsqldb,org.hsqldb.types,org.hsqldb.types.BinaryType,1,TRUE,Fred Toussi (fredt@users dot sourceforge.net), 1.9.0, 2.0.1,1,495,11,0
580,hsqldb,org.hsqldb.types,org.hsqldb.types.BitType,1,TRUE,Fred Toussi (fredt@users dot sourceforge.net), 1.9.0, 2.2.1,0,382,10,0
581,hsqldb,org.hsqldb.types,org.hsqldb.types.BlobData,1,TRUE,Fred Toussi (fredt@users dot sourceforge.net), 1.9.0, 1.9.0,0,30,6,0
582,hsqldb,org.hsqldb.types,org.hsqldb.types.BlobDataID,1,TRUE,Fred Toussi (fredt@users dot sourceforge.net), 1.9.0, 2.2.6,0,147,8,0
583,hsqldb,org.hsqldb.types,org.hsqldb.types.BlobInputStream,1,TRUE,Fred Toussi (fredt@users dot sourceforge.net), 1.9.0, 2.0.1,0,81,5,0
584,hsqldb,org.hsqldb.types,org.hsqldb.types.BlobType,1,TRUE,Fred Toussi (fredt@users dot sourceforge.net), 1.9.0, 2.0.1,0,149,12,0
585,hsqldb,org.hsqldb.types,org.hsqldb.types.BooleanType,1,TRUE,Fred Toussi (fredt@users dot sourceforge.net), 1.9.0, 2.2.1,0,190,9,0
586,hsqldb,org.hsqldb.types,org.hsqldb.types.CharacterType,1,TRUE,Fred Toussi (fredt@users dot sourceforge.net), 1.9.0, 2.2.3,1,823,19,0
587,hsqldb,org.hsqldb.types,org.hsqldb.types.Charset,1,TRUE,Fred Toussi (fredt@users dot sourceforge.net), 1.9.0, 2.0.1,0,86,10,0
588,hsqldb,org.hsqldb.types,org.hsqldb.types.ClobData,1,TRUE,Fred Toussi (fredt@users dot sourceforge.net), 1.9.0, 1.9.0,0,25,1,0
589,hsqldb,org.hsqldb.types,org.hsqldb.types.ClobDataID,1,TRUE,Fred Toussi (fredt@users dot sourceforge.net), 1.9.0, 2.2.6,0,147,3,0
590,hsqldb,org.hsqldb.types,org.hsqldb.types.ClobInputStream,1,TRUE,Fred Toussi (fredt@users dot sourceforge.net), 1.9.0, 2.0.1,0,94,5,0
591,hsqldb,org.hsqldb.types,org.hsqldb.types.ClobType,1,TRUE,Fred Toussi (fredt@users dot sourceforge.net), 1.9.0, 2.0.1,0,136,8,0
592,hsqldb,org.hsqldb.types,org.hsqldb.types.Collation,1,TRUE,Fred Toussi (fredt@users dot sourceforge.net), 1.8.0, 2.0.1,1,294,18,0
593,hsqldb,org.hsqldb.types,org.hsqldb.types.DateTimeType,1,TRUE,Fred Toussi (fredt@users dot sourceforge.net), 1.9.0, 2.2.7,1,1166,14,0
594,hsqldb,org.hsqldb.types,org.hsqldb.types.DTIType,1,TRUE,Fred Toussi (fredt@users dot sourceforge.net), 1.9.0, 2.0.1,0,287,2,0
595,hsqldb,org.hsqldb.types,org.hsqldb.types.IntervalMonthData,1,TRUE,Fred Toussi (fredt@users dot sourceforge.net), 1.9.0, 1.9.0,0,48,2,0
596,hsqldb,org.hsqldb.types,org.hsqldb.types.IntervalSecondData,1,TRUE,Fred Toussi (fredt@users dot sourceforge.net), 1.9.0, 1.9.0,0,96,4,0
597,hsqldb,org.hsqldb.types,org.hsqldb.types.IntervalType,1,TRUE,Fred Toussi (fredt@users dot sourceforge.net), 1.9.0, 2.2.1,1,1132,17,0
598,hsqldb,org.hsqldb.types,org.hsqldb.types.JavaObjectData,1,TRUE,Fred Toussi (fredt@users dot sourceforge.net), 1.7.2, 2.0.1,0,58,6,0
599,hsqldb,org.hsqldb.types,org.hsqldb.types.LobData,1,TRUE,Fred Toussi (fredt@users dot sourceforge.net), 1.9.0, 1.9.0,0,13,2,0
600,hsqldb,org.hsqldb.types,org.hsqldb.types.NullType,1,TRUE,Fred Toussi (fredt@users dot sourceforge.net), 1.9.0, 2.0.1,0,60,8,0
601,hsqldb,org.hsqldb.types,org.hsqldb.types.NumberType,1,TRUE,Fred Toussi (fredt@users dot sourceforge.net), 1.9.0, 2.2.6,1,1503,22,0
602,hsqldb,org.hsqldb.types,org.hsqldb.types.OtherType,1,TRUE,Fred Toussi (fredt@users dot sourceforge.net), 1.9.0, 2.0.1,0,105,11,0
603,hsqldb,org.hsqldb.types,org.hsqldb.types.RowType,1,TRUE,Fred Toussi (fredt@users dot sourceforge.net), 2.0.0, 2.0.0,0,304,11,0
604,hsqldb,org.hsqldb.types,org.hsqldb.types.TimeData,1,TRUE,Fred Toussi (fredt@users dot sourceforge.net), 1.9.0, 1.9.0,0,53,4,0
605,hsqldb,org.hsqldb.types,org.hsqldb.types.TimestampData,1,TRUE,Fred Toussi (fredt@users dot sourceforge.net), 1.9.0, 1.9.0,0,54,4,0
606,hsqldb,org.hsqldb.types,org.hsqldb.types.Type,1,TRUE,anonymous,null,null,1,743,54,0
607,hsqldb,org.hsqldb.types,org.hsqldb.types.Type.TypedComparator,1,FALSE,anonymous,null,null,0,16,0,0
608,hsqldb,org.hsqldb.types,org.hsqldb.types.Types,1,TRUE,boucherb@users, 1.7.2, 2.0.1,1,432,1,0
609,hsqldb,org.hsqldb.types,org.hsqldb.types.UserTypeModifier,1,TRUE,Fred Toussi (fredt@users dot sourceforge.net), 1.9.0, 1.9.0,0,132,13,0
610,hsqldb,org.hsqldb.util,org.hsqldb.util.CodeSwitcher,1,TRUE,Thomas Mueller (Hypersonic SQL Group), Hypersonic SQL, 1.7.0,0,318,5,0
611,hsqldb,org.hsqldb.util,org.hsqldb.util.CommonSwing,1,TRUE,Bob Preston (sqlbob@users dot sourceforge.net), 1.7.0, 1.7.2,0,97,0,0
612,hsqldb,org.hsqldb.util,org.hsqldb.util.ConnectionDialog,1,TRUE,Thomas Mueller (Hypersonic SQL Group), Hypersonic SQL, 1.7.2,0,211,1,1
613,hsqldb,org.hsqldb.util,org.hsqldb.util.ConnectionDialogCommon,1,TRUE,Thomas Mueller (Hypersonic SQL Group), 1.7.0, 1.7.2,0,142,4,0
614,hsqldb,org.hsqldb.util,org.hsqldb.util.ConnectionDialogSwing,1,TRUE,dmarshall@users, 1.7.0, 1.7.2,0,232,2,1
615,hsqldb,org.hsqldb.util,org.hsqldb.util.ConnectionSetting,1,TRUE,lonbinder@users,null,null,0,47,7,0
616,hsqldb,org.hsqldb.util,org.hsqldb.util.CSVWriter,1,TRUE,jeberle@users,null,null,0,70,1,0
617,hsqldb,org.hsqldb.util,org.hsqldb.util.DataAccessPoint,1,TRUE,"Nicolas BAZIN, INGENICO",null, 1.7.0,0,79,11,0
618,hsqldb,org.hsqldb.util,org.hsqldb.util.DataAccessPointException,1,TRUE,"Nicolas BAZIN, INGENICO",null, 1.7.0,0,12,1,0
619,hsqldb,org.hsqldb.util,org.hsqldb.util.DatabaseManager,1,TRUE,Thomas Mueller (Hypersonic SQL Group), Hypersonic SQL, 2.2.1,1,970,12,1
620,hsqldb,org.hsqldb.util,org.hsqldb.util.DatabaseManagerCommon,1,TRUE,Bob Preston (sqlbob@users dot sourceforge.net), 1.7.0, 1.8.0,0,128,1,0
621,hsqldb,org.hsqldb.util,org.hsqldb.util.DatabaseManagerSwing,1,TRUE,anonymous,null,null,1,2017,24,1
622,hsqldb,org.hsqldb.util,org.hsqldb.util.DatabaseManagerSwing.StatementExecRunnable,1,FALSE,anonymous,null,null,0,23,1,0
623,hsqldb,org.hsqldb.util,org.hsqldb.util.DatabaseManagerSwing.PopupListener,1,FALSE,anonymous,null,null,0,125,2,0
624,hsqldb,org.hsqldb.util,org.hsqldb.util.DatabaseManagerSwing.DBMPrefs,1,TRUE,anonymous,null,null,0,120,2,0
625,hsqldb,org.hsqldb.util,org.hsqldb.util.FontDialogSwing,1,FALSE,anonymous,null,null,0,167,2,0
626,hsqldb,org.hsqldb.util,org.hsqldb.util.Grid,1,TRUE,Thomas Mueller (Hypersonic SQL Group), Hypersonic SQL, 1.8.0,1,360,9,0
627,hsqldb,org.hsqldb.util,org.hsqldb.util.GridSwing,1,TRUE,dmarshall@users, 1.7.0, 1.7.2,0,132,6,0
628,hsqldb,org.hsqldb.util,org.hsqldb.util.HelperFactory,1,TRUE,"Nicolas BAZIN, INGENICO", 1.7.0, 1.7.0,0,34,1,0
629,hsqldb,org.hsqldb.util,org.hsqldb.util.HsqldbTransferHelper,1,TRUE,Bob Preston (sqlbob@users dot sourceforge.net),null, 1.7.0,0,42,1,0
630,hsqldb,org.hsqldb.util,org.hsqldb.util.InformixTransferHelper,1,TRUE,Nichola Bazin,null, 1.7.0,0,38,1,0
631,hsqldb,org.hsqldb.util,org.hsqldb.util.JDBCTypes,1,TRUE,Nicolas BAZIN,null, 1.7.0,0,88,2,0
632,hsqldb,org.hsqldb.util,org.hsqldb.util.MainInvoker,1,TRUE,Blaine Simpson (blaine dot simpson at admc dot com),    HSQLDB 1.8.0,"  $Revision: 4141 $, $Date: 2011-03-13 21:35:49 -0400 (Sun, 13 Mar 2011) $",0,66,1,0
633,hsqldb,org.hsqldb.util,org.hsqldb.util.McKoiTransferHelper,1,TRUE,Bob Preston (sqlbob@users dot sourceforge.net),null, 1.7.0,0,29,2,0
634,hsqldb,org.hsqldb.util,org.hsqldb.util.OracleTransferHelper,1,TRUE,Nichola Bazin,null, 1.7.0,0,97,3,0
635,hsqldb,org.hsqldb.util,org.hsqldb.util.PostgresTransferHelper,1,TRUE,Nichola Bazin,null, 1.7.0,0,88,3,0
636,hsqldb,org.hsqldb.util.preprocessor,org.hsqldb.util.preprocessor.AntResolver,1,TRUE,boucherb@users, 1.8.1, 1.8.1,0,21,0,0
637,hsqldb,org.hsqldb.util.preprocessor,org.hsqldb.util.preprocessor.BasicResolver,1,TRUE,boucherb@users, 1.8.1, 1.8.1,0,34,0,0
638,hsqldb,org.hsqldb.util.preprocessor,org.hsqldb.util.preprocessor.Defines,1,TRUE,boucherb@users, 1.8.1, 1.8.1,0,112,3,0
639,hsqldb,org.hsqldb.util.preprocessor,org.hsqldb.util.preprocessor.Document,1,TRUE,boucherb@users, 1.8.1, 1.8.1,0,198,3,0
640,hsqldb,org.hsqldb.util.preprocessor,org.hsqldb.util.preprocessor.IResolver,1,TRUE,boucherb@users, 1.8.1, 1.8.1,0,10,0,0
641,hsqldb,org.hsqldb.util.preprocessor,org.hsqldb.util.preprocessor.Line,1,TRUE,boucherb@users, 1.8.1, 1.8.1,0,100,6,0
642,hsqldb,org.hsqldb.util.preprocessor,org.hsqldb.util.preprocessor.LineType,1,TRUE,boucherb@users, 1.8.1, 1.8.1,0,71,3,0
643,hsqldb,org.hsqldb.util.preprocessor,org.hsqldb.util.preprocessor.Option,1,TRUE,boucherb@users, 1.8.1, 1.8.1,0,52,1,0
644,hsqldb,org.hsqldb.util.preprocessor,org.hsqldb.util.preprocessor.Parser,1,TRUE,boucherb@users, 1.8.1, 1.8.1,0,165,4,0
645,hsqldb,org.hsqldb.util.preprocessor,org.hsqldb.util.preprocessor.Preprocessor,1,TRUE,boucherb@users, 1.8.1, 1.8.1,1,435,8,0
646,hsqldb,org.hsqldb.util.preprocessor,org.hsqldb.util.preprocessor.PreprocessorAntTask,1,TRUE,boucherb@users, 1.8.1, 1.8.1,0,83,5,0
647,hsqldb,org.hsqldb.util.preprocessor,org.hsqldb.util.preprocessor.PreprocessorException,1,TRUE,boucherb@users, 1.8.1, 1.8.1,0,11,0,0
648,hsqldb,org.hsqldb.util.preprocessor,org.hsqldb.util.preprocessor.Token,1,TRUE,boucherb@users, 1.8.1, 1.8.1,0,73,0,0
649,hsqldb,org.hsqldb.util.preprocessor,org.hsqldb.util.preprocessor.Tokenizer,1,TRUE,boucherb@users, 1.8.1, 1.8.1,0,161,9,1
650,hsqldb,org.hsqldb.util,org.hsqldb.util.SqlServerTransferHelper,1,TRUE,anonymous,null, 1.7.0,0,72,2,0
651,hsqldb,org.hsqldb.util,org.hsqldb.util.SQLStatements,1,TRUE,anonymous, 1.7.1, 1.7.1,0,22,0,0
652,hsqldb,org.hsqldb.util,org.hsqldb.util.TableSorter,1,TRUE,anonymous,null,null,1,339,11,0
653,hsqldb,org.hsqldb.util,org.hsqldb.util.TableSorter.Row,1,FALSE,anonymous,null,null,0,33,0,0
654,hsqldb,org.hsqldb.util,org.hsqldb.util.TableSorter.TableModelHandler,1,FALSE,anonymous,null,null,0,23,0,0
655,hsqldb,org.hsqldb.util,org.hsqldb.util.TableSorter.MouseHandler,1,FALSE,anonymous,null,null,0,17,0,0
656,hsqldb,org.hsqldb.util,org.hsqldb.util.TableSorter.Arrow,1,FALSE,anonymous,null,null,0,39,2,0
657,hsqldb,org.hsqldb.util,org.hsqldb.util.TableSorter.SortableHeaderRenderer,1,FALSE,anonymous,null,null,0,16,0,0
658,hsqldb,org.hsqldb.util,org.hsqldb.util.TableSorter.Directive,1,FALSE,anonymous,null,null,0,8,0,0
659,hsqldb,org.hsqldb.util,org.hsqldb.util.Traceable,1,TRUE,anonymous, 1.7.1, 1.7.0,0,7,0,0
660,hsqldb,org.hsqldb.util,org.hsqldb.util.Transfer,1,TRUE,Thomas Mueller (Hypersonic SQL Group), Hypersonic SQL, 1.7.2,1,920,10,1
661,hsqldb,org.hsqldb.util,org.hsqldb.util.TransferCommon,1,TRUE,Thomas Mueller (Hypersonic SQL Group), Hypersonic SQL, 1.7.2,0,68,1,0
662,hsqldb,org.hsqldb.util,org.hsqldb.util.TransferDb,1,TRUE,anonymous,null, 1.7.0,1,635,9,0
663,hsqldb,org.hsqldb.util,org.hsqldb.util.TransferHelper,1,TRUE,Bob Preston (sqlbob@users dot sourceforge.net),null, 1.7.0,0,123,5,0
664,hsqldb,org.hsqldb.util,org.hsqldb.util.TransferResultSet,1,TRUE,Nicolas BAZIN,null, 1.7.0,0,95,3,0
665,hsqldb,org.hsqldb.util,org.hsqldb.util.TransferSQLText,1,TRUE,anonymous,null,null,1,619,2,0
666,hsqldb,org.hsqldb.util,org.hsqldb.util.TransferSQLText.ColumnDef,1,FALSE,anonymous,null,null,0,14,1,0
667,hsqldb,org.hsqldb.util,org.hsqldb.util.TransferTable,1,TRUE,Thomas Mueller (Hypersonic SQL Group), Hypersonic SQL, 1.7.2,0,305,3,1
668,hsqldb,org.hsqldb.util,org.hsqldb.util.Tree,1,TRUE,Thomas Mueller (Hypersonic SQL Group), Hypersonic SQL, 1.7.0,1,312,8,0
669,hsqldb,org.hsqldb,org.hsqldb.View,1,TRUE,Fred Toussi (fredt@users dot sourceforge.net), 1.7.0, 2.0.0,1,200,15,0
